post_id,timestamp,user_id,username,post_text,hashtags,likes_count,retweets_count,reply_count,location,sentiment,polarity_score
10001,2026-03-01 08:00:00,USR_1000,user_101,Upgraded to the new smartphone today! The camera speed and display are absolutely incredible.,#Tech;#NewPhone;#TechTrends,550,192,35,San Francisco USA,Positive,0.88
10002,2026-03-01 08:00:45,USR_1001,user_102,Public transit delayed for the third time this week. Terrible service during peak hours!,#TransitFail;#CityLife,179,45,52,London UK,Negative,-0.65
10003,2026-03-01 08:01:30,USR_1002,user_103,Switching to solar energy for our home. The installation was smooth and efficient.,#GoGreen;#SolarEnergy;#Sustainability,258,153,29,Sydney Australia,Positive,0.72
10004,2026-03-01 08:02:15,USR_1003,user_104,"Tried the new vegan cafe downtown. Food was average, but the iced coffee was good.",#Foodie;#Vegan;#CafeVibes,195,146,36,Toronto Canada,Neutral,0.13
10005,2026-03-01 08:03:00,USR_1004,user_105,Market volatility is extremely high today. Make sure to manage your risks carefully.,#Crypto;#Finance;#Trading,390,138,24,New York USA,Neutral,-0.07
10006,2026-03-01 08:03:45,USR_1005,user_106,Morning 10k run completed! Feeling energized and ready to tackle the week ahead.,#Fitness;#RunnersHigh;#Health,287,44,24,Chicago USA,Positive,0.91
10007,2026-03-01 08:04:30,USR_1006,user_107,The movie trailer released today looks completely underwhelming. Expectations ruined.,#MovieNews;#CinemaFail,331,139,32,Los Angeles USA,Negative,-0.6
10008,2026-03-01 08:05:15,USR_1007,user_108,Landing in Tokyo! Super excited to explore the vibrant street food and culture.,#Travel;#Japan;#Wanderlust,467,123,53,Tokyo Japan,Positive,0.96
10009,2026-03-01 08:06:00,USR_1008,user_109,Large language models are transforming modern data processing workflows rapidly.,#AI;#MachineLearning;#BigData,308,132,50,Boston USA,Positive,0.63
10010,2026-03-01 08:06:45,USR_1009,user_110,Servers are down again during the tournament. Extremely frustrating update!,#Gaming;#ServerDown;#Esports,412,114,46,Austin USA,Negative,-0.78
10011,2026-03-01 08:07:30,USR_1010,user_111,Attended the annual cloud computing conference. So many great insights on distributed systems.,#CloudComputing;#DevOps;#TechConference,447,108,29,Seattle USA,Positive,0.75
10012,2026-03-01 08:08:15,USR_1011,user_112,Flight got canceled last minute without any reasonable explanation. Very disappointing service.,#AirlineFail;#TravelProblems,267,151,35,Atlanta USA,Negative,-0.83
10013,2026-03-01 08:09:00,USR_1012,user_113,Started reading a new science fiction novel. The plot is turning out to be super captivating.,#Books;#SciFi;#ReadingList,222,156,40,London UK,Positive,0.68
10014,2026-03-01 08:09:45,USR_1013,user_114,Electric vehicles are becoming more affordable and accessible every year.,#EV;#Automotive;#CleanEnergy,255,149,71,Berlin Germany,Positive,0.78
10015,2026-03-01 08:10:30,USR_1014,user_115,Heavy rain and flooding reported across the southern district. Stay safe everyone!,#WeatherAlert;#SafetyFirst,306,108,29,Mumbai India,Negative,-0.47
10016,2026-03-01 08:11:15,USR_1015,user_116,Upgraded to the new smartphone today! The camera speed and display are absolutely incredible.,#Tech;#NewPhone;#TechTrends,257,152,35,San Francisco USA,Positive,0.89
10017,2026-03-01 08:12:00,USR_1016,user_117,Public transit delayed for the third time this week. Terrible service during peak hours!,#TransitFail;#CityLife,378,49,21,London UK,Negative,-0.76
10018,2026-03-01 08:12:45,USR_1017,user_118,Switching to solar energy for our home. The installation was smooth and efficient.,#GoGreen;#SolarEnergy;#Sustainability,212,161,25,Sydney Australia,Positive,0.82
10019,2026-03-01 08:13:30,USR_1018,user_119,"Tried the new vegan cafe downtown. Food was average, but the iced coffee was good.",#Foodie;#Vegan;#CafeVibes,464,91,38,Toronto Canada,Neutral,0.18
10020,2026-03-01 08:14:15,USR_1019,user_120,Market volatility is extremely high today. Make sure to manage your risks carefully.,#Crypto;#Finance;#Trading,445,92,35,New York USA,Neutral,-0.1
10021,2026-03-01 08:15:00,USR_1020,user_121,Morning 10k run completed! Feeling energized and ready to tackle the week ahead.,#Fitness;#RunnersHigh;#Health,375,78,64,Chicago USA,Positive,0.99
10022,2026-03-01 08:15:45,USR_1021,user_122,The movie trailer released today looks completely underwhelming. Expectations ruined.,#MovieNews;#CinemaFail,342,104,37,Los Angeles USA,Negative,-0.68
10023,2026-03-01 08:16:30,USR_1022,user_123,Landing in Tokyo! Super excited to explore the vibrant street food and culture.,#Travel;#Japan;#Wanderlust,470,117,63,Tokyo Japan,Positive,1.0
10024,2026-03-01 08:17:15,USR_1023,user_124,Large language models are transforming modern data processing workflows rapidly.,#AI;#MachineLearning;#BigData,240,99,47,Boston USA,Positive,0.7
10025,2026-03-01 08:18:00,USR_1024,user_125,Servers are down again during the tournament. Extremely frustrating update!,#Gaming;#ServerDown;#Esports,431,153,34,Austin USA,Negative,-0.85
10026,2026-03-01 08:18:45,USR_1025,user_126,Attended the annual cloud computing conference. So many great insights on distributed systems.,#CloudComputing;#DevOps;#TechConference,549,129,38,Seattle USA,Positive,0.83
10027,2026-03-01 08:19:30,USR_1026,user_127,Flight got canceled last minute without any reasonable explanation. Very disappointing service.,#AirlineFail;#TravelProblems,328,161,28,Atlanta USA,Negative,-0.87
10028,2026-03-01 08:20:15,USR_1027,user_128,Started reading a new science fiction novel. The plot is turning out to be super captivating.,#Books;#SciFi;#ReadingList,410,75,54,London UK,Positive,0.78
10029,2026-03-01 08:21:00,USR_1028,user_129,Electric vehicles are becoming more affordable and accessible every year.,#EV;#Automotive;#CleanEnergy,523,158,24,Berlin Germany,Positive,0.7
10030,2026-03-01 08:21:45,USR_1029,user_130,Heavy rain and flooding reported across the southern district. Stay safe everyone!,#WeatherAlert;#SafetyFirst,435,117,30,Mumbai India,Negative,-0.41
10031,2026-03-01 08:22:30,USR_1030,user_131,Upgraded to the new smartphone today! The camera speed and display are absolutely incredible.,#Tech;#NewPhone;#TechTrends,368,159,29,San Francisco USA,Positive,0.86
10032,2026-03-01 08:23:15,USR_1031,user_132,Public transit delayed for the third time this week. Terrible service during peak hours!,#TransitFail;#CityLife,155,61,25,London UK,Negative,-0.7
10033,2026-03-01 08:24:00,USR_1032,user_133,Switching to solar energy for our home. The installation was smooth and efficient.,#GoGreen;#SolarEnergy;#Sustainability,344,122,16,Sydney Australia,Positive,0.72
10034,2026-03-01 08:24:45,USR_1033,user_134,"Tried the new vegan cafe downtown. Food was average, but the iced coffee was good.",#Foodie;#Vegan;#CafeVibes,496,93,43,Toronto Canada,Neutral,0.19
10035,2026-03-01 08:25:30,USR_1034,user_135,Market volatility is extremely high today. Make sure to manage your risks carefully.,#Crypto;#Finance;#Trading,288,143,37,New York USA,Neutral,-0.05
10036,2026-03-01 08:26:15,USR_1035,user_136,Morning 10k run completed! Feeling energized and ready to tackle the week ahead.,#Fitness;#RunnersHigh;#Health,352,196,38,Chicago USA,Positive,0.98
10037,2026-03-01 08:27:00,USR_1036,user_137,The movie trailer released today looks completely underwhelming. Expectations ruined.,#MovieNews;#CinemaFail,487,142,21,Los Angeles USA,Negative,-0.6
10038,2026-03-01 08:27:45,USR_1037,user_138,Landing in Tokyo! Super excited to explore the vibrant street food and culture.,#Travel;#Japan;#Wanderlust,410,96,43,Tokyo Japan,Positive,0.9
10039,2026-03-01 08:28:30,USR_1038,user_139,Large language models are transforming modern data processing workflows rapidly.,#AI;#MachineLearning;#BigData,465,63,44,Boston USA,Positive,0.74
10040,2026-03-01 08:29:15,USR_1039,user_140,Servers are down again during the tournament. Extremely frustrating update!,#Gaming;#ServerDown;#Esports,164,188,44,Austin USA,Negative,-0.88
10041,2026-03-01 08:30:00,USR_1040,user_141,Attended the annual cloud computing conference. So many great insights on distributed systems.,#CloudComputing;#DevOps;#TechConference,569,165,48,Seattle USA,Positive,0.87
10042,2026-03-01 08:30:45,USR_1041,user_142,Flight got canceled last minute without any reasonable explanation. Very disappointing service.,#AirlineFail;#TravelProblems,481,145,61,Atlanta USA,Negative,-0.95
10043,2026-03-01 08:31:30,USR_1042,user_143,Started reading a new science fiction novel. The plot is turning out to be super captivating.,#Books;#SciFi;#ReadingList,346,130,51,London UK,Positive,0.79
10044,2026-03-01 08:32:15,USR_1043,user_144,Electric vehicles are becoming more affordable and accessible every year.,#EV;#Automotive;#CleanEnergy,345,152,22,Berlin Germany,Positive,0.77
10045,2026-03-01 08:33:00,USR_1044,user_145,Heavy rain and flooding reported across the southern district. Stay safe everyone!,#WeatherAlert;#SafetyFirst,240,121,32,Mumbai India,Negative,-0.4
10046,2026-03-01 08:33:45,USR_1045,user_146,Upgraded to the new smartphone today! The camera speed and display are absolutely incredible.,#Tech;#NewPhone;#TechTrends,151,137,63,San Francisco USA,Positive,0.87
10047,2026-03-01 08:34:30,USR_1046,user_147,Public transit delayed for the third time this week. Terrible service during peak hours!,#TransitFail;#CityLife,450,116,48,London UK,Negative,-0.65
10048,2026-03-01 08:35:15,USR_1047,user_148,Switching to solar energy for our home. The installation was smooth and efficient.,#GoGreen;#SolarEnergy;#Sustainability,276,163,50,Sydney Australia,Positive,0.83
10049,2026-03-01 08:36:00,USR_1048,user_149,"Tried the new vegan cafe downtown. Food was average, but the iced coffee was good.",#Foodie;#Vegan;#CafeVibes,622,124,12,Toronto Canada,Neutral,0.22
10050,2026-03-01 08:36:45,USR_1049,user_150,Market volatility is extremely high today. Make sure to manage your risks carefully.,#Crypto;#Finance;#Trading,525,98,30,New York USA,Neutral,-0.01
10051,2026-03-01 08:37:30,USR_1050,user_151,Morning 10k run completed! Feeling energized and ready to tackle the week ahead.,#Fitness;#RunnersHigh;#Health,153,127,35,Chicago USA,Positive,0.97
10052,2026-03-01 08:38:15,USR_1051,user_152,The movie trailer released today looks completely underwhelming. Expectations ruined.,#MovieNews;#CinemaFail,363,121,26,Los Angeles USA,Negative,-0.71
10053,2026-03-01 08:39:00,USR_1052,user_153,Landing in Tokyo! Super excited to explore the vibrant street food and culture.,#Travel;#Japan;#Wanderlust,508,134,35,Tokyo Japan,Positive,0.91
10054,2026-03-01 08:39:45,USR_1053,user_154,Large language models are transforming modern data processing workflows rapidly.,#AI;#MachineLearning;#BigData,613,146,32,Boston USA,Positive,0.71
10055,2026-03-01 08:40:30,USR_1054,user_155,Servers are down again during the tournament. Extremely frustrating update!,#Gaming;#ServerDown;#Esports,291,87,32,Austin USA,Negative,-0.78
10056,2026-03-01 08:41:15,USR_1055,user_156,Attended the annual cloud computing conference. So many great insights on distributed systems.,#CloudComputing;#DevOps;#TechConference,475,168,57,Seattle USA,Positive,0.78
10057,2026-03-01 08:42:00,USR_1056,user_157,Flight got canceled last minute without any reasonable explanation. Very disappointing service.,#AirlineFail;#TravelProblems,237,163,43,Atlanta USA,Negative,-0.88
10058,2026-03-01 08:42:45,USR_1057,user_158,Started reading a new science fiction novel. The plot is turning out to be super captivating.,#Books;#SciFi;#ReadingList,566,155,36,London UK,Positive,0.68
10059,2026-03-01 08:43:30,USR_1058,user_159,Electric vehicles are becoming more affordable and accessible every year.,#EV;#Automotive;#CleanEnergy,361,67,31,Berlin Germany,Positive,0.77
10060,2026-03-01 08:44:15,USR_1059,user_160,Heavy rain and flooding reported across the southern district. Stay safe everyone!,#WeatherAlert;#SafetyFirst,287,177,12,Mumbai India,Negative,-0.44
10061,2026-03-01 08:45:00,USR_1060,user_161,Upgraded to the new smartphone today! The camera speed and display are absolutely incredible.,#Tech;#NewPhone;#TechTrends,415,188,57,San Francisco USA,Positive,0.86
10062,2026-03-01 08:45:45,USR_1061,user_162,Public transit delayed for the third time this week. Terrible service during peak hours!,#TransitFail;#CityLife,224,118,44,London UK,Negative,-0.67
10063,2026-03-01 08:46:30,USR_1062,user_163,Switching to solar energy for our home. The installation was smooth and efficient.,#GoGreen;#SolarEnergy;#Sustainability,453,186,58,Sydney Australia,Positive,0.84
10064,2026-03-01 08:47:15,USR_1063,user_164,"Tried the new vegan cafe downtown. Food was average, but the iced coffee was good.",#Foodie;#Vegan;#CafeVibes,533,132,16,Toronto Canada,Neutral,0.09
10065,2026-03-01 08:48:00,USR_1064,user_165,Market volatility is extremely high today. Make sure to manage your risks carefully.,#Crypto;#Finance;#Trading,499,150,54,New York USA,Neutral,-0.01
10066,2026-03-01 08:48:45,USR_1065,user_166,Morning 10k run completed! Feeling energized and ready to tackle the week ahead.,#Fitness;#RunnersHigh;#Health,465,178,31,Chicago USA,Positive,0.95
10067,2026-03-01 08:49:30,USR_1066,user_167,The movie trailer released today looks completely underwhelming. Expectations ruined.,#MovieNews;#CinemaFail,348,190,49,Los Angeles USA,Negative,-0.6
10068,2026-03-01 08:50:15,USR_1067,user_168,Landing in Tokyo! Super excited to explore the vibrant street food and culture.,#Travel;#Japan;#Wanderlust,387,131,17,Tokyo Japan,Positive,0.95
10069,2026-03-01 08:51:00,USR_1068,user_169,Large language models are transforming modern data processing workflows rapidly.,#AI;#MachineLearning;#BigData,253,169,17,Boston USA,Positive,0.75
10070,2026-03-01 08:51:45,USR_1069,user_170,Servers are down again during the tournament. Extremely frustrating update!,#Gaming;#ServerDown;#Esports,338,88,22,Austin USA,Negative,-0.78
10071,2026-03-01 08:52:30,USR_1070,user_171,Attended the annual cloud computing conference. So many great insights on distributed systems.,#CloudComputing;#DevOps;#TechConference,554,112,22,Seattle USA,Positive,0.77
10072,2026-03-01 08:53:15,USR_1071,user_172,Flight got canceled last minute without any reasonable explanation. Very disappointing service.,#AirlineFail;#TravelProblems,144,95,47,Atlanta USA,Negative,-0.93
10073,2026-03-01 08:54:00,USR_1072,user_173,Started reading a new science fiction novel. The plot is turning out to be super captivating.,#Books;#SciFi;#ReadingList,250,151,49,London UK,Positive,0.77
10074,2026-03-01 08:54:45,USR_1073,user_174,Electric vehicles are becoming more affordable and accessible every year.,#EV;#Automotive;#CleanEnergy,410,157,21,Berlin Germany,Positive,0.65
10075,2026-03-01 08:55:30,USR_1074,user_175,Heavy rain and flooding reported across the southern district. Stay safe everyone!,#WeatherAlert;#SafetyFirst,535,113,55,Mumbai India,Negative,-0.4
10076,2026-03-01 08:56:15,USR_1075,user_176,Upgraded to the new smartphone today! The camera speed and display are absolutely incredible.,#Tech;#NewPhone;#TechTrends,207,70,26,San Francisco USA,Positive,0.79
10077,2026-03-01 08:57:00,USR_1076,user_177,Public transit delayed for the third time this week. Terrible service during peak hours!,#TransitFail;#CityLife,389,54,22,London UK,Negative,-0.66
10078,2026-03-01 08:57:45,USR_1077,user_178,Switching to solar energy for our home. The installation was smooth and efficient.,#GoGreen;#SolarEnergy;#Sustainability,303,81,52,Sydney Australia,Positive,0.71
10079,2026-03-01 08:58:30,USR_1078,user_179,"Tried the new vegan cafe downtown. Food was average, but the iced coffee was good.",#Foodie;#Vegan;#CafeVibes,492,55,25,Toronto Canada,Neutral,0.1
10080,2026-03-01 08:59:15,USR_1079,user_180,Market volatility is extremely high today. Make sure to manage your risks carefully.,#Crypto;#Finance;#Trading,548,90,46,New York USA,Neutral,-0.07
10081,2026-03-01 09:00:00,USR_1080,user_181,Morning 10k run completed! Feeling energized and ready to tackle the week ahead.,#Fitness;#RunnersHigh;#Health,375,37,28,Chicago USA,Positive,0.85
10082,2026-03-01 09:00:45,USR_1081,user_182,The movie trailer released today looks completely underwhelming. Expectations ruined.,#MovieNews;#CinemaFail,423,111,31,Los Angeles USA,Negative,-0.62
10083,2026-03-01 09:01:30,USR_1082,user_183,Landing in Tokyo! Super excited to explore the vibrant street food and culture.,#Travel;#Japan;#Wanderlust,542,75,45,Tokyo Japan,Positive,1.0
10084,2026-03-01 09:02:15,USR_1083,user_184,Large language models are transforming modern data processing workflows rapidly.,#AI;#MachineLearning;#BigData,568,153,21,Boston USA,Positive,0.62
10085,2026-03-01 09:03:00,USR_1084,user_185,Servers are down again during the tournament. Extremely frustrating update!,#Gaming;#ServerDown;#Esports,276,118,41,Austin USA,Negative,-0.77
10086,2026-03-01 09:03:45,USR_1085,user_186,Attended the annual cloud computing conference. So many great insights on distributed systems.,#CloudComputing;#DevOps;#TechConference,335,143,20,Seattle USA,Positive,0.76
10087,2026-03-01 09:04:30,USR_1086,user_187,Flight got canceled last minute without any reasonable explanation. Very disappointing service.,#AirlineFail;#TravelProblems,157,105,57,Atlanta USA,Negative,-0.83
10088,2026-03-01 09:05:15,USR_1087,user_188,Started reading a new science fiction novel. The plot is turning out to be super captivating.,#Books;#SciFi;#ReadingList,315,80,25,London UK,Positive,0.73
10089,2026-03-01 09:06:00,USR_1088,user_189,Electric vehicles are becoming more affordable and accessible every year.,#EV;#Automotive;#CleanEnergy,415,112,46,Berlin Germany,Positive,0.76
10090,2026-03-01 09:06:45,USR_1089,user_190,Heavy rain and flooding reported across the southern district. Stay safe everyone!,#WeatherAlert;#SafetyFirst,416,86,68,Mumbai India,Negative,-0.35
10091,2026-03-01 09:07:30,USR_1090,user_191,Upgraded to the new smartphone today! The camera speed and display are absolutely incredible.,#Tech;#NewPhone;#TechTrends,418,101,58,San Francisco USA,Positive,0.87
10092,2026-03-01 09:08:15,USR_1091,user_192,Public transit delayed for the third time this week. Terrible service during peak hours!,#TransitFail;#CityLife,361,129,58,London UK,Negative,-0.67
10093,2026-03-01 09:09:00,USR_1092,user_193,Switching to solar energy for our home. The installation was smooth and efficient.,#GoGreen;#SolarEnergy;#Sustainability,426,171,53,Sydney Australia,Positive,0.74
10094,2026-03-01 09:09:45,USR_1093,user_194,"Tried the new vegan cafe downtown. Food was average, but the iced coffee was good.",#Foodie;#Vegan;#CafeVibes,485,85,45,Toronto Canada,Neutral,0.17
10095,2026-03-01 09:10:30,USR_1094,user_195,Market volatility is extremely high today. Make sure to manage your risks carefully.,#Crypto;#Finance;#Trading,386,47,42,New York USA,Neutral,-0.08
10096,2026-03-01 09:11:15,USR_1095,user_196,Morning 10k run completed! Feeling energized and ready to tackle the week ahead.,#Fitness;#RunnersHigh;#Health,253,146,58,Chicago USA,Positive,0.88
10097,2026-03-01 09:12:00,USR_1096,user_197,The movie trailer released today looks completely underwhelming. Expectations ruined.,#MovieNews;#CinemaFail,161,141,54,Los Angeles USA,Negative,-0.65
10098,2026-03-01 09:12:45,USR_1097,user_198,Landing in Tokyo! Super excited to explore the vibrant street food and culture.,#Travel;#Japan;#Wanderlust,223,172,49,Tokyo Japan,Positive,1.0
10099,2026-03-01 09:13:30,USR_1098,user_199,Large language models are transforming modern data processing workflows rapidly.,#AI;#MachineLearning;#BigData,574,137,32,Boston USA,Positive,0.62
10100,2026-03-01 09:14:15,USR_1099,user_200,Servers are down again during the tournament. Extremely frustrating update!,#Gaming;#ServerDown;#Esports,372,188,33,Austin USA,Negative,-0.86
10101,2026-03-01 09:15:00,USR_1100,user_201,Attended the annual cloud computing conference. So many great insights on distributed systems.,#CloudComputing;#DevOps;#TechConference,627,165,53,Seattle USA,Positive,0.84
10102,2026-03-01 09:15:45,USR_1101,user_202,Flight got canceled last minute without any reasonable explanation. Very disappointing service.,#AirlineFail;#TravelProblems,318,172,60,Atlanta USA,Negative,-0.83
10103,2026-03-01 09:16:30,USR_1102,user_203,Started reading a new science fiction novel. The plot is turning out to be super captivating.,#Books;#SciFi;#ReadingList,229,75,17,London UK,Positive,0.72
10104,2026-03-01 09:17:15,USR_1103,user_204,Electric vehicles are becoming more affordable and accessible every year.,#EV;#Automotive;#CleanEnergy,515,112,43,Berlin Germany,Positive,0.62
10105,2026-03-01 09:18:00,USR_1104,user_205,Heavy rain and flooding reported across the southern district. Stay safe everyone!,#WeatherAlert;#SafetyFirst,407,141,11,Mumbai India,Negative,-0.33
10106,2026-03-01 09:18:45,USR_1105,user_206,Upgraded to the new smartphone today! The camera speed and display are absolutely incredible.,#Tech;#NewPhone;#TechTrends,364,105,31,San Francisco USA,Positive,0.88
10107,2026-03-01 09:19:30,USR_1106,user_207,Public transit delayed for the third time this week. Terrible service during peak hours!,#TransitFail;#CityLife,625,51,37,London UK,Negative,-0.7
10108,2026-03-01 09:20:15,USR_1107,user_208,Switching to solar energy for our home. The installation was smooth and efficient.,#GoGreen;#SolarEnergy;#Sustainability,585,127,57,Sydney Australia,Positive,0.85
10109,2026-03-01 09:21:00,USR_1108,user_209,"Tried the new vegan cafe downtown. Food was average, but the iced coffee was good.",#Foodie;#Vegan;#CafeVibes,352,138,72,Toronto Canada,Neutral,0.11
10110,2026-03-01 09:21:45,USR_1109,user_210,Market volatility is extremely high today. Make sure to manage your risks carefully.,#Crypto;#Finance;#Trading,526,48,56,New York USA,Neutral,-0.0
10111,2026-03-01 09:22:30,USR_1110,user_211,Morning 10k run completed! Feeling energized and ready to tackle the week ahead.,#Fitness;#RunnersHigh;#Health,148,78,49,Chicago USA,Positive,0.87
10112,2026-03-01 09:23:15,USR_1111,user_212,The movie trailer released today looks completely underwhelming. Expectations ruined.,#MovieNews;#CinemaFail,554,153,64,Los Angeles USA,Negative,-0.73
10113,2026-03-01 09:24:00,USR_1112,user_213,Landing in Tokyo! Super excited to explore the vibrant street food and culture.,#Travel;#Japan;#Wanderlust,554,132,30,Tokyo Japan,Positive,0.87
10114,2026-03-01 09:24:45,USR_1113,user_214,Large language models are transforming modern data processing workflows rapidly.,#AI;#MachineLearning;#BigData,388,73,63,Boston USA,Positive,0.66
10115,2026-03-01 09:25:30,USR_1114,user_215,Servers are down again during the tournament. Extremely frustrating update!,#Gaming;#ServerDown;#Esports,279,87,58,Austin USA,Negative,-0.82
10116,2026-03-01 09:26:15,USR_1115,user_216,Attended the annual cloud computing conference. So many great insights on distributed systems.,#CloudComputing;#DevOps;#TechConference,420,156,33,Seattle USA,Positive,0.81
10117,2026-03-01 09:27:00,USR_1116,user_217,Flight got canceled last minute without any reasonable explanation. Very disappointing service.,#AirlineFail;#TravelProblems,617,125,44,Atlanta USA,Negative,-0.96
10118,2026-03-01 09:27:45,USR_1117,user_218,Started reading a new science fiction novel. The plot is turning out to be super captivating.,#Books;#SciFi;#ReadingList,319,106,18,London UK,Positive,0.81
10119,2026-03-01 09:28:30,USR_1118,user_219,Electric vehicles are becoming more affordable and accessible every year.,#EV;#Automotive;#CleanEnergy,636,132,53,Berlin Germany,Positive,0.69
10120,2026-03-01 09:29:15,USR_1119,user_220,Heavy rain and flooding reported across the southern district. Stay safe everyone!,#WeatherAlert;#SafetyFirst,198,74,36,Mumbai India,Negative,-0.36
10121,2026-03-01 09:30:00,USR_1120,user_221,Upgraded to the new smartphone today! The camera speed and display are absolutely incredible.,#Tech;#NewPhone;#TechTrends,520,140,39,San Francisco USA,Positive,0.91
10122,2026-03-01 09:30:45,USR_1121,user_222,Public transit delayed for the third time this week. Terrible service during peak hours!,#TransitFail;#CityLife,550,169,20,London UK,Negative,-0.74
10123,2026-03-01 09:31:30,USR_1122,user_223,Switching to solar energy for our home. The installation was smooth and efficient.,#GoGreen;#SolarEnergy;#Sustainability,410,125,36,Sydney Australia,Positive,0.72
10124,2026-03-01 09:32:15,USR_1123,user_224,"Tried the new vegan cafe downtown. Food was average, but the iced coffee was good.",#Foodie;#Vegan;#CafeVibes,532,170,50,Toronto Canada,Neutral,0.19
10125,2026-03-01 09:33:00,USR_1124,user_225,Market volatility is extremely high today. Make sure to manage your risks carefully.,#Crypto;#Finance;#Trading,242,148,60,New York USA,Neutral,-0.01
10126,2026-03-01 09:33:45,USR_1125,user_226,Morning 10k run completed! Feeling energized and ready to tackle the week ahead.,#Fitness;#RunnersHigh;#Health,232,114,25,Chicago USA,Positive,0.95
10127,2026-03-01 09:34:30,USR_1126,user_227,The movie trailer released today looks completely underwhelming. Expectations ruined.,#MovieNews;#CinemaFail,640,59,33,Los Angeles USA,Negative,-0.64
10128,2026-03-01 09:35:15,USR_1127,user_228,Landing in Tokyo! Super excited to explore the vibrant street food and culture.,#Travel;#Japan;#Wanderlust,359,180,47,Tokyo Japan,Positive,0.99
10129,2026-03-01 09:36:00,USR_1128,user_229,Large language models are transforming modern data processing workflows rapidly.,#AI;#MachineLearning;#BigData,392,81,21,Boston USA,Positive,0.62
10130,2026-03-01 09:36:45,USR_1129,user_230,Servers are down again during the tournament. Extremely frustrating update!,#Gaming;#ServerDown;#Esports,322,86,58,Austin USA,Negative,-0.81
10131,2026-03-01 09:37:30,USR_1130,user_231,Attended the annual cloud computing conference. So many great insights on distributed systems.,#CloudComputing;#DevOps;#TechConference,612,121,45,Seattle USA,Positive,0.78
10132,2026-03-01 09:38:15,USR_1131,user_232,Flight got canceled last minute without any reasonable explanation. Very disappointing service.,#AirlineFail;#TravelProblems,623,162,56,Atlanta USA,Negative,-0.88
10133,2026-03-01 09:39:00,USR_1132,user_233,Started reading a new science fiction novel. The plot is turning out to be super captivating.,#Books;#SciFi;#ReadingList,359,104,47,London UK,Positive,0.68
10134,2026-03-01 09:39:45,USR_1133,user_234,Electric vehicles are becoming more affordable and accessible every year.,#EV;#Automotive;#CleanEnergy,465,153,46,Berlin Germany,Positive,0.77
10135,2026-03-01 09:40:30,USR_1134,user_235,Heavy rain and flooding reported across the southern district. Stay safe everyone!,#WeatherAlert;#SafetyFirst,208,173,53,Mumbai India,Negative,-0.36
10136,2026-03-01 09:41:15,USR_1135,user_236,Upgraded to the new smartphone today! The camera speed and display are absolutely incredible.,#Tech;#NewPhone;#TechTrends,386,50,31,San Francisco USA,Positive,0.86
10137,2026-03-01 09:42:00,USR_1136,user_237,Public transit delayed for the third time this week. Terrible service during peak hours!,#TransitFail;#CityLife,548,68,44,London UK,Negative,-0.7
10138,2026-03-01 09:42:45,USR_1137,user_238,Switching to solar energy for our home. The installation was smooth and efficient.,#GoGreen;#SolarEnergy;#Sustainability,520,112,23,Sydney Australia,Positive,0.73
10139,2026-03-01 09:43:30,USR_1138,user_239,"Tried the new vegan cafe downtown. Food was average, but the iced coffee was good.",#Foodie;#Vegan;#CafeVibes,424,169,18,Toronto Canada,Neutral,0.22
10140,2026-03-01 09:44:15,USR_1139,user_240,Market volatility is extremely high today. Make sure to manage your risks carefully.,#Crypto;#Finance;#Trading,661,138,28,New York USA,Neutral,-0.05
10141,2026-03-01 09:45:00,USR_1140,user_241,Morning 10k run completed! Feeling energized and ready to tackle the week ahead.,#Fitness;#RunnersHigh;#Health,328,183,43,Chicago USA,Positive,0.98
10142,2026-03-01 09:45:45,USR_1141,user_242,The movie trailer released today looks completely underwhelming. Expectations ruined.,#MovieNews;#CinemaFail,503,154,44,Los Angeles USA,Negative,-0.64
10143,2026-03-01 09:46:30,USR_1142,user_243,Landing in Tokyo! Super excited to explore the vibrant street food and culture.,#Travel;#Japan;#Wanderlust,425,59,45,Tokyo Japan,Positive,0.92
10144,2026-03-01 09:47:15,USR_1143,user_244,Large language models are transforming modern data processing workflows rapidly.,#AI;#MachineLearning;#BigData,407,90,37,Boston USA,Positive,0.69
10145,2026-03-01 09:48:00,USR_1144,user_245,Servers are down again during the tournament. Extremely frustrating update!,#Gaming;#ServerDown;#Esports,257,104,58,Austin USA,Negative,-0.83
10146,2026-03-01 09:48:45,USR_1145,user_246,Attended the annual cloud computing conference. So many great insights on distributed systems.,#CloudComputing;#DevOps;#TechConference,422,125,33,Seattle USA,Positive,0.9
10147,2026-03-01 09:49:30,USR_1146,user_247,Flight got canceled last minute without any reasonable explanation. Very disappointing service.,#AirlineFail;#TravelProblems,636,169,28,Atlanta USA,Negative,-0.81
10148,2026-03-01 09:50:15,USR_1147,user_248,Started reading a new science fiction novel. The plot is turning out to be super captivating.,#Books;#SciFi;#ReadingList,390,171,36,London UK,Positive,0.82
10149,2026-03-01 09:51:00,USR_1148,user_249,Electric vehicles are becoming more affordable and accessible every year.,#EV;#Automotive;#CleanEnergy,442,120,62,Berlin Germany,Positive,0.77
10150,2026-03-01 09:51:45,USR_1149,user_250,Heavy rain and flooding reported across the southern district. Stay safe everyone!,#WeatherAlert;#SafetyFirst,457,115,15,Mumbai India,Negative,-0.4
10151,2026-03-01 09:52:30,USR_1150,user_251,Upgraded to the new smartphone today! The camera speed and display are absolutely incredible.,#Tech;#NewPhone;#TechTrends,230,146,60,San Francisco USA,Positive,0.92
10152,2026-03-01 09:53:15,USR_1151,user_252,Public transit delayed for the third time this week. Terrible service during peak hours!,#TransitFail;#CityLife,270,166,24,London UK,Negative,-0.65
10153,2026-03-01 09:54:00,USR_1152,user_253,Switching to solar energy for our home. The installation was smooth and efficient.,#GoGreen;#SolarEnergy;#Sustainability,603,79,64,Sydney Australia,Positive,0.79
10154,2026-03-01 09:54:45,USR_1153,user_254,"Tried the new vegan cafe downtown. Food was average, but the iced coffee was good.",#Foodie;#Vegan;#CafeVibes,459,141,34,Toronto Canada,Neutral,0.2
10155,2026-03-01 09:55:30,USR_1154,user_255,Market volatility is extremely high today. Make sure to manage your risks carefully.,#Crypto;#Finance;#Trading,496,72,57,New York USA,Neutral,-0.06
10156,2026-03-01 09:56:15,USR_1155,user_256,Morning 10k run completed! Feeling energized and ready to tackle the week ahead.,#Fitness;#RunnersHigh;#Health,354,170,31,Chicago USA,Positive,0.91
10157,2026-03-01 09:57:00,USR_1156,user_257,The movie trailer released today looks completely underwhelming. Expectations ruined.,#MovieNews;#CinemaFail,494,171,39,Los Angeles USA,Negative,-0.69
10158,2026-03-01 09:57:45,USR_1157,user_258,Landing in Tokyo! Super excited to explore the vibrant street food and culture.,#Travel;#Japan;#Wanderlust,380,190,37,Tokyo Japan,Positive,1.0
10159,2026-03-01 09:58:30,USR_1158,user_259,Large language models are transforming modern data processing workflows rapidly.,#AI;#MachineLearning;#BigData,434,161,45,Boston USA,Positive,0.76
10160,2026-03-01 09:59:15,USR_1159,user_260,Servers are down again during the tournament. Extremely frustrating update!,#Gaming;#ServerDown;#Esports,314,106,63,Austin USA,Negative,-0.81
10161,2026-03-01 10:00:00,USR_1160,user_261,Attended the annual cloud computing conference. So many great insights on distributed systems.,#CloudComputing;#DevOps;#TechConference,230,172,27,Seattle USA,Positive,0.82
10162,2026-03-01 10:00:45,USR_1161,user_262,Flight got canceled last minute without any reasonable explanation. Very disappointing service.,#AirlineFail;#TravelProblems,280,134,13,Atlanta USA,Negative,-0.84
10163,2026-03-01 10:01:30,USR_1162,user_263,Started reading a new science fiction novel. The plot is turning out to be super captivating.,#Books;#SciFi;#ReadingList,354,71,56,London UK,Positive,0.78
10164,2026-03-01 10:02:15,USR_1163,user_264,Electric vehicles are becoming more affordable and accessible every year.,#EV;#Automotive;#CleanEnergy,272,87,31,Berlin Germany,Positive,0.77
10165,2026-03-01 10:03:00,USR_1164,user_265,Heavy rain and flooding reported across the southern district. Stay safe everyone!,#WeatherAlert;#SafetyFirst,256,84,15,Mumbai India,Negative,-0.46
10166,2026-03-01 10:03:45,USR_1165,user_266,Upgraded to the new smartphone today! The camera speed and display are absolutely incredible.,#Tech;#NewPhone;#TechTrends,334,57,42,San Francisco USA,Positive,0.93
10167,2026-03-01 10:04:30,USR_1166,user_267,Public transit delayed for the third time this week. Terrible service during peak hours!,#TransitFail;#CityLife,628,120,36,London UK,Negative,-0.79
10168,2026-03-01 10:05:15,USR_1167,user_268,Switching to solar energy for our home. The installation was smooth and efficient.,#GoGreen;#SolarEnergy;#Sustainability,417,160,14,Sydney Australia,Positive,0.73
10169,2026-03-01 10:06:00,USR_1168,user_269,"Tried the new vegan cafe downtown. Food was average, but the iced coffee was good.",#Foodie;#Vegan;#CafeVibes,309,61,34,Toronto Canada,Neutral,0.22
10170,2026-03-01 10:06:45,USR_1169,user_270,Market volatility is extremely high today. Make sure to manage your risks carefully.,#Crypto;#Finance;#Trading,610,79,23,New York USA,Neutral,-0.03
10171,2026-03-01 10:07:30,USR_1170,user_271,Morning 10k run completed! Feeling energized and ready to tackle the week ahead.,#Fitness;#RunnersHigh;#Health,268,123,42,Chicago USA,Positive,0.94
10172,2026-03-01 10:08:15,USR_1171,user_272,The movie trailer released today looks completely underwhelming. Expectations ruined.,#MovieNews;#CinemaFail,536,141,53,Los Angeles USA,Negative,-0.72
10173,2026-03-01 10:09:00,USR_1172,user_273,Landing in Tokyo! Super excited to explore the vibrant street food and culture.,#Travel;#Japan;#Wanderlust,270,131,30,Tokyo Japan,Positive,0.88
10174,2026-03-01 10:09:45,USR_1173,user_274,Large language models are transforming modern data processing workflows rapidly.,#AI;#MachineLearning;#BigData,520,64,15,Boston USA,Positive,0.66
10175,2026-03-01 10:10:30,USR_1174,user_275,Servers are down again during the tournament. Extremely frustrating update!,#Gaming;#ServerDown;#Esports,604,104,49,Austin USA,Negative,-0.73
10176,2026-03-01 10:11:15,USR_1175,user_276,Attended the annual cloud computing conference. So many great insights on distributed systems.,#CloudComputing;#DevOps;#TechConference,650,39,11,Seattle USA,Positive,0.74
10177,2026-03-01 10:12:00,USR_1176,user_277,Flight got canceled last minute without any reasonable explanation. Very disappointing service.,#AirlineFail;#TravelProblems,381,78,16,Atlanta USA,Negative,-0.82
10178,2026-03-01 10:12:45,USR_1177,user_278,Started reading a new science fiction novel. The plot is turning out to be super captivating.,#Books;#SciFi;#ReadingList,363,81,63,London UK,Positive,0.78
10179,2026-03-01 10:13:30,USR_1178,user_279,Electric vehicles are becoming more affordable and accessible every year.,#EV;#Automotive;#CleanEnergy,362,31,36,Berlin Germany,Positive,0.71
10180,2026-03-01 10:14:15,USR_1179,user_280,Heavy rain and flooding reported across the southern district. Stay safe everyone!,#WeatherAlert;#SafetyFirst,522,60,21,Mumbai India,Negative,-0.45
10181,2026-03-01 10:15:00,USR_1180,user_281,Upgraded to the new smartphone today! The camera speed and display are absolutely incredible.,#Tech;#NewPhone;#TechTrends,302,121,20,San Francisco USA,Positive,0.77
10182,2026-03-01 10:15:45,USR_1181,user_282,Public transit delayed for the third time this week. Terrible service during peak hours!,#TransitFail;#CityLife,251,119,44,London UK,Negative,-0.77
10183,2026-03-01 10:16:30,USR_1182,user_283,Switching to solar energy for our home. The installation was smooth and efficient.,#GoGreen;#SolarEnergy;#Sustainability,572,185,23,Sydney Australia,Positive,0.73
10184,2026-03-01 10:17:15,USR_1183,user_284,"Tried the new vegan cafe downtown. Food was average, but the iced coffee was good.",#Foodie;#Vegan;#CafeVibes,429,115,27,Toronto Canada,Neutral,0.08
10185,2026-03-01 10:18:00,USR_1184,user_285,Market volatility is extremely high today. Make sure to manage your risks carefully.,#Crypto;#Finance;#Trading,288,88,54,New York USA,Neutral,-0.13
10186,2026-03-01 10:18:45,USR_1185,user_286,Morning 10k run completed! Feeling energized and ready to tackle the week ahead.,#Fitness;#RunnersHigh;#Health,172,45,50,Chicago USA,Positive,0.85
10187,2026-03-01 10:19:30,USR_1186,user_287,The movie trailer released today looks completely underwhelming. Expectations ruined.,#MovieNews;#CinemaFail,497,62,32,Los Angeles USA,Negative,-0.6
10188,2026-03-01 10:20:15,USR_1187,user_288,Landing in Tokyo! Super excited to explore the vibrant street food and culture.,#Travel;#Japan;#Wanderlust,583,122,53,Tokyo Japan,Positive,0.91
10189,2026-03-01 10:21:00,USR_1188,user_289,Large language models are transforming modern data processing workflows rapidly.,#AI;#MachineLearning;#BigData,467,142,33,Boston USA,Positive,0.74
10190,2026-03-01 10:21:45,USR_1189,user_290,Servers are down again during the tournament. Extremely frustrating update!,#Gaming;#ServerDown;#Esports,237,159,43,Austin USA,Negative,-0.87
10191,2026-03-01 10:22:30,USR_1190,user_291,Attended the annual cloud computing conference. So many great insights on distributed systems.,#CloudComputing;#DevOps;#TechConference,184,154,18,Seattle USA,Positive,0.83
10192,2026-03-01 10:23:15,USR_1191,user_292,Flight got canceled last minute without any reasonable explanation. Very disappointing service.,#AirlineFail;#TravelProblems,404,96,56,Atlanta USA,Negative,-0.81
10193,2026-03-01 10:24:00,USR_1192,user_293,Started reading a new science fiction novel. The plot is turning out to be super captivating.,#Books;#SciFi;#ReadingList,258,121,52,London UK,Positive,0.83
10194,2026-03-01 10:24:45,USR_1193,user_294,Electric vehicles are becoming more affordable and accessible every year.,#EV;#Automotive;#CleanEnergy,453,97,27,Berlin Germany,Positive,0.63
10195,2026-03-01 10:25:30,USR_1194,user_295,Heavy rain and flooding reported across the southern district. Stay safe everyone!,#WeatherAlert;#SafetyFirst,442,69,41,Mumbai India,Negative,-0.43
10196,2026-03-01 10:26:15,USR_1195,user_296,Upgraded to the new smartphone today! The camera speed and display are absolutely incredible.,#Tech;#NewPhone;#TechTrends,263,180,55,San Francisco USA,Positive,0.82
10197,2026-03-01 10:27:00,USR_1196,user_297,Public transit delayed for the third time this week. Terrible service during peak hours!,#TransitFail;#CityLife,259,149,30,London UK,Negative,-0.65
10198,2026-03-01 10:27:45,USR_1197,user_298,Switching to solar energy for our home. The installation was smooth and efficient.,#GoGreen;#SolarEnergy;#Sustainability,270,72,37,Sydney Australia,Positive,0.77
10199,2026-03-01 10:28:30,USR_1198,user_299,"Tried the new vegan cafe downtown. Food was average, but the iced coffee was good.",#Foodie;#Vegan;#CafeVibes,232,58,38,Toronto Canada,Neutral,0.12
10200,2026-03-01 10:29:15,USR_1199,user_300,Market volatility is extremely high today. Make sure to manage your risks carefully.,#Crypto;#Finance;#Trading,424,143,36,New York USA,Neutral,0.02
10201,2026-03-01 10:30:00,USR_1200,user_301,Morning 10k run completed! Feeling energized and ready to tackle the week ahead.,#Fitness;#RunnersHigh;#Health,460,132,60,Chicago USA,Positive,0.92
10202,2026-03-01 10:30:45,USR_1201,user_302,The movie trailer released today looks completely underwhelming. Expectations ruined.,#MovieNews;#CinemaFail,522,120,28,Los Angeles USA,Negative,-0.64
10203,2026-03-01 10:31:30,USR_1202,user_303,Landing in Tokyo! Super excited to explore the vibrant street food and culture.,#Travel;#Japan;#Wanderlust,530,182,61,Tokyo Japan,Positive,0.97
10204,2026-03-01 10:32:15,USR_1203,user_304,Large language models are transforming modern data processing workflows rapidly.,#AI;#MachineLearning;#BigData,563,190,60,Boston USA,Positive,0.72
10205,2026-03-01 10:33:00,USR_1204,user_305,Servers are down again during the tournament. Extremely frustrating update!,#Gaming;#ServerDown;#Esports,304,130,56,Austin USA,Negative,-0.89
10206,2026-03-01 10:33:45,USR_1205,user_306,Attended the annual cloud computing conference. So many great insights on distributed systems.,#CloudComputing;#DevOps;#TechConference,466,96,23,Seattle USA,Positive,0.84
10207,2026-03-01 10:34:30,USR_1206,user_307,Flight got canceled last minute without any reasonable explanation. Very disappointing service.,#AirlineFail;#TravelProblems,409,70,57,Atlanta USA,Negative,-0.91
10208,2026-03-01 10:35:15,USR_1207,user_308,Started reading a new science fiction novel. The plot is turning out to be super captivating.,#Books;#SciFi;#ReadingList,507,151,52,London UK,Positive,0.73
10209,2026-03-01 10:36:00,USR_1208,user_309,Electric vehicles are becoming more affordable and accessible every year.,#EV;#Automotive;#CleanEnergy,366,151,19,Berlin Germany,Positive,0.62
10210,2026-03-01 10:36:45,USR_1209,user_310,Heavy rain and flooding reported across the southern district. Stay safe everyone!,#WeatherAlert;#SafetyFirst,566,104,58,Mumbai India,Negative,-0.42
10211,2026-03-01 10:37:30,USR_1210,user_311,Upgraded to the new smartphone today! The camera speed and display are absolutely incredible.,#Tech;#NewPhone;#TechTrends,205,164,30,San Francisco USA,Positive,0.92
10212,2026-03-01 10:38:15,USR_1211,user_312,Public transit delayed for the third time this week. Terrible service during peak hours!,#TransitFail;#CityLife,608,48,38,London UK,Negative,-0.72
10213,2026-03-01 10:39:00,USR_1212,user_313,Switching to solar energy for our home. The installation was smooth and efficient.,#GoGreen;#SolarEnergy;#Sustainability,288,140,42,Sydney Australia,Positive,0.75
10214,2026-03-01 10:39:45,USR_1213,user_314,"Tried the new vegan cafe downtown. Food was average, but the iced coffee was good.",#Foodie;#Vegan;#CafeVibes,600,109,44,Toronto Canada,Neutral,0.16
10215,2026-03-01 10:40:30,USR_1214,user_315,Market volatility is extremely high today. Make sure to manage your risks carefully.,#Crypto;#Finance;#Trading,493,175,61,New York USA,Neutral,-0.09
10216,2026-03-01 10:41:15,USR_1215,user_316,Morning 10k run completed! Feeling energized and ready to tackle the week ahead.,#Fitness;#RunnersHigh;#Health,534,109,51,Chicago USA,Positive,0.98
10217,2026-03-01 10:42:00,USR_1216,user_317,The movie trailer released today looks completely underwhelming. Expectations ruined.,#MovieNews;#CinemaFail,159,103,47,Los Angeles USA,Negative,-0.68
10218,2026-03-01 10:42:45,USR_1217,user_318,Landing in Tokyo! Super excited to explore the vibrant street food and culture.,#Travel;#Japan;#Wanderlust,181,55,47,Tokyo Japan,Positive,0.98
10219,2026-03-01 10:43:30,USR_1218,user_319,Large language models are transforming modern data processing workflows rapidly.,#AI;#MachineLearning;#BigData,485,93,55,Boston USA,Positive,0.64
10220,2026-03-01 10:44:15,USR_1219,user_320,Servers are down again during the tournament. Extremely frustrating update!,#Gaming;#ServerDown;#Esports,431,150,54,Austin USA,Negative,-0.87
10221,2026-03-01 10:45:00,USR_1220,user_321,Attended the annual cloud computing conference. So many great insights on distributed systems.,#CloudComputing;#DevOps;#TechConference,572,107,20,Seattle USA,Positive,0.75
10222,2026-03-01 10:45:45,USR_1221,user_322,Flight got canceled last minute without any reasonable explanation. Very disappointing service.,#AirlineFail;#TravelProblems,545,188,21,Atlanta USA,Negative,-0.94
10223,2026-03-01 10:46:30,USR_1222,user_323,Started reading a new science fiction novel. The plot is turning out to be super captivating.,#Books;#SciFi;#ReadingList,628,72,45,London UK,Positive,0.79
10224,2026-03-01 10:47:15,USR_1223,user_324,Electric vehicles are becoming more affordable and accessible every year.,#EV;#Automotive;#CleanEnergy,561,125,29,Berlin Germany,Positive,0.63
10225,2026-03-01 10:48:00,USR_1224,user_325,Heavy rain and flooding reported across the southern district. Stay safe everyone!,#WeatherAlert;#SafetyFirst,440,87,32,Mumbai India,Negative,-0.41
10226,2026-03-01 10:48:45,USR_1225,user_326,Upgraded to the new smartphone today! The camera speed and display are absolutely incredible.,#Tech;#NewPhone;#TechTrends,195,111,45,San Francisco USA,Positive,0.88
10227,2026-03-01 10:49:30,USR_1226,user_327,Public transit delayed for the third time this week. Terrible service during peak hours!,#TransitFail;#CityLife,291,42,16,London UK,Negative,-0.66
10228,2026-03-01 10:50:15,USR_1227,user_328,Switching to solar energy for our home. The installation was smooth and efficient.,#GoGreen;#SolarEnergy;#Sustainability,254,99,36,Sydney Australia,Positive,0.86
10229,2026-03-01 10:51:00,USR_1228,user_329,"Tried the new vegan cafe downtown. Food was average, but the iced coffee was good.",#Foodie;#Vegan;#CafeVibes,202,71,50,Toronto Canada,Neutral,0.21
10230,2026-03-01 10:51:45,USR_1229,user_330,Market volatility is extremely high today. Make sure to manage your risks carefully.,#Crypto;#Finance;#Trading,254,44,37,New York USA,Neutral,-0.06
10231,2026-03-01 10:52:30,USR_1230,user_331,Morning 10k run completed! Feeling energized and ready to tackle the week ahead.,#Fitness;#RunnersHigh;#Health,521,175,44,Chicago USA,Positive,0.91
10232,2026-03-01 10:53:15,USR_1231,user_332,The movie trailer released today looks completely underwhelming. Expectations ruined.,#MovieNews;#CinemaFail,457,82,49,Los Angeles USA,Negative,-0.58
10233,2026-03-01 10:54:00,USR_1232,user_333,Landing in Tokyo! Super excited to explore the vibrant street food and culture.,#Travel;#Japan;#Wanderlust,402,114,55,Tokyo Japan,Positive,0.9
10234,2026-03-01 10:54:45,USR_1233,user_334,Large language models are transforming modern data processing workflows rapidly.,#AI;#MachineLearning;#BigData,451,36,36,Boston USA,Positive,0.65
10235,2026-03-01 10:55:30,USR_1234,user_335,Servers are down again during the tournament. Extremely frustrating update!,#Gaming;#ServerDown;#Esports,503,177,21,Austin USA,Negative,-0.81
10236,2026-03-01 10:56:15,USR_1235,user_336,Attended the annual cloud computing conference. So many great insights on distributed systems.,#CloudComputing;#DevOps;#TechConference,347,84,37,Seattle USA,Positive,0.84
10237,2026-03-01 10:57:00,USR_1236,user_337,Flight got canceled last minute without any reasonable explanation. Very disappointing service.,#AirlineFail;#TravelProblems,635,69,43,Atlanta USA,Negative,-0.84
10238,2026-03-01 10:57:45,USR_1237,user_338,Started reading a new science fiction novel. The plot is turning out to be super captivating.,#Books;#SciFi;#ReadingList,437,92,29,London UK,Positive,0.7
10239,2026-03-01 10:58:30,USR_1238,user_339,Electric vehicles are becoming more affordable and accessible every year.,#EV;#Automotive;#CleanEnergy,481,72,60,Berlin Germany,Positive,0.65
10240,2026-03-01 10:59:15,USR_1239,user_340,Heavy rain and flooding reported across the southern district. Stay safe everyone!,#WeatherAlert;#SafetyFirst,310,71,50,Mumbai India,Negative,-0.46
10241,2026-03-01 11:00:00,USR_1240,user_341,Upgraded to the new smartphone today! The camera speed and display are absolutely incredible.,#Tech;#NewPhone;#TechTrends,318,85,46,San Francisco USA,Positive,0.89
10242,2026-03-01 11:00:45,USR_1241,user_342,Public transit delayed for the third time this week. Terrible service during peak hours!,#TransitFail;#CityLife,595,74,54,London UK,Negative,-0.68
10243,2026-03-01 11:01:30,USR_1242,user_343,Switching to solar energy for our home. The installation was smooth and efficient.,#GoGreen;#SolarEnergy;#Sustainability,201,178,20,Sydney Australia,Positive,0.8
10244,2026-03-01 11:02:15,USR_1243,user_344,"Tried the new vegan cafe downtown. Food was average, but the iced coffee was good.",#Foodie;#Vegan;#CafeVibes,255,81,27,Toronto Canada,Neutral,0.09
10245,2026-03-01 11:03:00,USR_1244,user_345,Market volatility is extremely high today. Make sure to manage your risks carefully.,#Crypto;#Finance;#Trading,408,50,21,New York USA,Neutral,-0.05
10246,2026-03-01 11:03:45,USR_1245,user_346,Morning 10k run completed! Feeling energized and ready to tackle the week ahead.,#Fitness;#RunnersHigh;#Health,340,114,22,Chicago USA,Positive,0.86
10247,2026-03-01 11:04:30,USR_1246,user_347,The movie trailer released today looks completely underwhelming. Expectations ruined.,#MovieNews;#CinemaFail,573,40,59,Los Angeles USA,Negative,-0.58
10248,2026-03-01 11:05:15,USR_1247,user_348,Landing in Tokyo! Super excited to explore the vibrant street food and culture.,#Travel;#Japan;#Wanderlust,543,176,46,Tokyo Japan,Positive,0.9
10249,2026-03-01 11:06:00,USR_1248,user_349,Large language models are transforming modern data processing workflows rapidly.,#AI;#MachineLearning;#BigData,474,78,50,Boston USA,Positive,0.61
10250,2026-03-01 11:06:45,USR_1249,user_350,Servers are down again during the tournament. Extremely frustrating update!,#Gaming;#ServerDown;#Esports,477,154,59,Austin USA,Negative,-0.86
10251,2026-03-01 11:07:30,USR_1250,user_351,Attended the annual cloud computing conference. So many great insights on distributed systems.,#CloudComputing;#DevOps;#TechConference,338,173,26,Seattle USA,Positive,0.81
10252,2026-03-01 11:08:15,USR_1251,user_352,Flight got canceled last minute without any reasonable explanation. Very disappointing service.,#AirlineFail;#TravelProblems,397,84,14,Atlanta USA,Negative,-0.89
10253,2026-03-01 11:09:00,USR_1252,user_353,Started reading a new science fiction novel. The plot is turning out to be super captivating.,#Books;#SciFi;#ReadingList,178,88,21,London UK,Positive,0.71
10254,2026-03-01 11:09:45,USR_1253,user_354,Electric vehicles are becoming more affordable and accessible every year.,#EV;#Automotive;#CleanEnergy,302,173,16,Berlin Germany,Positive,0.66
10255,2026-03-01 11:10:30,USR_1254,user_355,Heavy rain and flooding reported across the southern district. Stay safe everyone!,#WeatherAlert;#SafetyFirst,591,168,16,Mumbai India,Negative,-0.41
10256,2026-03-01 11:11:15,USR_1255,user_356,Upgraded to the new smartphone today! The camera speed and display are absolutely incredible.,#Tech;#NewPhone;#TechTrends,440,105,19,San Francisco USA,Positive,0.9
10257,2026-03-01 11:12:00,USR_1256,user_357,Public transit delayed for the third time this week. Terrible service during peak hours!,#TransitFail;#CityLife,445,168,21,London UK,Negative,-0.78
10258,2026-03-01 11:12:45,USR_1257,user_358,Switching to solar energy for our home. The installation was smooth and efficient.,#GoGreen;#SolarEnergy;#Sustainability,309,48,35,Sydney Australia,Positive,0.74
10259,2026-03-01 11:13:30,USR_1258,user_359,"Tried the new vegan cafe downtown. Food was average, but the iced coffee was good.",#Foodie;#Vegan;#CafeVibes,468,147,43,Toronto Canada,Neutral,0.09
10260,2026-03-01 11:14:15,USR_1259,user_360,Market volatility is extremely high today. Make sure to manage your risks carefully.,#Crypto;#Finance;#Trading,574,140,58,New York USA,Neutral,0.0
10261,2026-03-01 11:15:00,USR_1260,user_361,Morning 10k run completed! Feeling energized and ready to tackle the week ahead.,#Fitness;#RunnersHigh;#Health,310,129,52,Chicago USA,Positive,0.89
10262,2026-03-01 11:15:45,USR_1261,user_362,The movie trailer released today looks completely underwhelming. Expectations ruined.,#MovieNews;#CinemaFail,285,101,35,Los Angeles USA,Negative,-0.71
10263,2026-03-01 11:16:30,USR_1262,user_363,Landing in Tokyo! Super excited to explore the vibrant street food and culture.,#Travel;#Japan;#Wanderlust,366,149,44,Tokyo Japan,Positive,0.94
10264,2026-03-01 11:17:15,USR_1263,user_364,Large language models are transforming modern data processing workflows rapidly.,#AI;#MachineLearning;#BigData,176,121,38,Boston USA,Positive,0.64
10265,2026-03-01 11:18:00,USR_1264,user_365,Servers are down again during the tournament. Extremely frustrating update!,#Gaming;#ServerDown;#Esports,650,92,52,Austin USA,Negative,-0.85
10266,2026-03-01 11:18:45,USR_1265,user_366,Attended the annual cloud computing conference. So many great insights on distributed systems.,#CloudComputing;#DevOps;#TechConference,269,43,52,Seattle USA,Positive,0.83
10267,2026-03-01 11:19:30,USR_1266,user_367,Flight got canceled last minute without any reasonable explanation. Very disappointing service.,#AirlineFail;#TravelProblems,395,174,50,Atlanta USA,Negative,-0.85
10268,2026-03-01 11:20:15,USR_1267,user_368,Started reading a new science fiction novel. The plot is turning out to be super captivating.,#Books;#SciFi;#ReadingList,286,156,33,London UK,Positive,0.77
10269,2026-03-01 11:21:00,USR_1268,user_369,Electric vehicles are becoming more affordable and accessible every year.,#EV;#Automotive;#CleanEnergy,461,99,42,Berlin Germany,Positive,0.78
10270,2026-03-01 11:21:45,USR_1269,user_370,Heavy rain and flooding reported across the southern district. Stay safe everyone!,#WeatherAlert;#SafetyFirst,389,101,68,Mumbai India,Negative,-0.34
10271,2026-03-01 11:22:30,USR_1270,user_371,Upgraded to the new smartphone today! The camera speed and display are absolutely incredible.,#Tech;#NewPhone;#TechTrends,159,175,32,San Francisco USA,Positive,0.87
10272,2026-03-01 11:23:15,USR_1271,user_372,Public transit delayed for the third time this week. Terrible service during peak hours!,#TransitFail;#CityLife,181,129,49,London UK,Negative,-0.72
10273,2026-03-01 11:24:00,USR_1272,user_373,Switching to solar energy for our home. The installation was smooth and efficient.,#GoGreen;#SolarEnergy;#Sustainability,568,69,36,Sydney Australia,Positive,0.84
10274,2026-03-01 11:24:45,USR_1273,user_374,"Tried the new vegan cafe downtown. Food was average, but the iced coffee was good.",#Foodie;#Vegan;#CafeVibes,506,170,54,Toronto Canada,Neutral,0.09
10275,2026-03-01 11:25:30,USR_1274,user_375,Market volatility is extremely high today. Make sure to manage your risks carefully.,#Crypto;#Finance;#Trading,444,167,27,New York USA,Neutral,-0.02
10276,2026-03-01 11:26:15,USR_1275,user_376,Morning 10k run completed! Feeling energized and ready to tackle the week ahead.,#Fitness;#RunnersHigh;#Health,553,41,40,Chicago USA,Positive,0.96
10277,2026-03-01 11:27:00,USR_1276,user_377,The movie trailer released today looks completely underwhelming. Expectations ruined.,#MovieNews;#CinemaFail,594,52,57,Los Angeles USA,Negative,-0.62
10278,2026-03-01 11:27:45,USR_1277,user_378,Landing in Tokyo! Super excited to explore the vibrant street food and culture.,#Travel;#Japan;#Wanderlust,469,68,47,Tokyo Japan,Positive,0.92
10279,2026-03-01 11:28:30,USR_1278,user_379,Large language models are transforming modern data processing workflows rapidly.,#AI;#MachineLearning;#BigData,325,81,51,Boston USA,Positive,0.7
10280,2026-03-01 11:29:15,USR_1279,user_380,Servers are down again during the tournament. Extremely frustrating update!,#Gaming;#ServerDown;#Esports,481,182,46,Austin USA,Negative,-0.83
10281,2026-03-01 11:30:00,USR_1280,user_381,Attended the annual cloud computing conference. So many great insights on distributed systems.,#CloudComputing;#DevOps;#TechConference,256,43,38,Seattle USA,Positive,0.87
10282,2026-03-01 11:30:45,USR_1281,user_382,Flight got canceled last minute without any reasonable explanation. Very disappointing service.,#AirlineFail;#TravelProblems,339,84,51,Atlanta USA,Negative,-0.9
10283,2026-03-01 11:31:30,USR_1282,user_383,Started reading a new science fiction novel. The plot is turning out to be super captivating.,#Books;#SciFi;#ReadingList,340,153,20,London UK,Positive,0.73
10284,2026-03-01 11:32:15,USR_1283,user_384,Electric vehicles are becoming more affordable and accessible every year.,#EV;#Automotive;#CleanEnergy,194,155,61,Berlin Germany,Positive,0.67
10285,2026-03-01 11:33:00,USR_1284,user_385,Heavy rain and flooding reported across the southern district. Stay safe everyone!,#WeatherAlert;#SafetyFirst,261,141,56,Mumbai India,Negative,-0.36
10286,2026-03-01 11:33:45,USR_1285,user_386,Upgraded to the new smartphone today! The camera speed and display are absolutely incredible.,#Tech;#NewPhone;#TechTrends,614,102,54,San Francisco USA,Positive,0.83
10287,2026-03-01 11:34:30,USR_1286,user_387,Public transit delayed for the third time this week. Terrible service during peak hours!,#TransitFail;#CityLife,497,122,21,London UK,Negative,-0.71
10288,2026-03-01 11:35:15,USR_1287,user_388,Switching to solar energy for our home. The installation was smooth and efficient.,#GoGreen;#SolarEnergy;#Sustainability,183,191,53,Sydney Australia,Positive,0.83
10289,2026-03-01 11:36:00,USR_1288,user_389,"Tried the new vegan cafe downtown. Food was average, but the iced coffee was good.",#Foodie;#Vegan;#CafeVibes,241,116,30,Toronto Canada,Neutral,0.14
10290,2026-03-01 11:36:45,USR_1289,user_390,Market volatility is extremely high today. Make sure to manage your risks carefully.,#Crypto;#Finance;#Trading,419,60,29,New York USA,Neutral,-0.07
10291,2026-03-01 11:37:30,USR_1290,user_391,Morning 10k run completed! Feeling energized and ready to tackle the week ahead.,#Fitness;#RunnersHigh;#Health,483,70,11,Chicago USA,Positive,0.93
10292,2026-03-01 11:38:15,USR_1291,user_392,The movie trailer released today looks completely underwhelming. Expectations ruined.,#MovieNews;#CinemaFail,636,93,48,Los Angeles USA,Negative,-0.68
10293,2026-03-01 11:39:00,USR_1292,user_393,Landing in Tokyo! Super excited to explore the vibrant street food and culture.,#Travel;#Japan;#Wanderlust,439,46,48,Tokyo Japan,Positive,0.88
10294,2026-03-01 11:39:45,USR_1293,user_394,Large language models are transforming modern data processing workflows rapidly.,#AI;#MachineLearning;#BigData,404,49,46,Boston USA,Positive,0.72
10295,2026-03-01 11:40:30,USR_1294,user_395,Servers are down again during the tournament. Extremely frustrating update!,#Gaming;#ServerDown;#Esports,260,128,15,Austin USA,Negative,-0.78
10296,2026-03-01 11:41:15,USR_1295,user_396,Attended the annual cloud computing conference. So many great insights on distributed systems.,#CloudComputing;#DevOps;#TechConference,527,95,63,Seattle USA,Positive,0.75
10297,2026-03-01 11:42:00,USR_1296,user_397,Flight got canceled last minute without any reasonable explanation. Very disappointing service.,#AirlineFail;#TravelProblems,387,115,34,Atlanta USA,Negative,-0.84
10298,2026-03-01 11:42:45,USR_1297,user_398,Started reading a new science fiction novel. The plot is turning out to be super captivating.,#Books;#SciFi;#ReadingList,157,169,48,London UK,Positive,0.81
10299,2026-03-01 11:43:30,USR_1298,user_399,Electric vehicles are becoming more affordable and accessible every year.,#EV;#Automotive;#CleanEnergy,296,82,48,Berlin Germany,Positive,0.63
10300,2026-03-01 11:44:15,USR_1299,user_400,Heavy rain and flooding reported across the southern district. Stay safe everyone!,#WeatherAlert;#SafetyFirst,251,163,32,Mumbai India,Negative,-0.4
10301,2026-03-01 11:45:00,USR_1300,user_401,Upgraded to the new smartphone today! The camera speed and display are absolutely incredible.,#Tech;#NewPhone;#TechTrends,554,172,42,San Francisco USA,Positive,0.89
10302,2026-03-01 11:45:45,USR_1301,user_402,Public transit delayed for the third time this week. Terrible service during peak hours!,#TransitFail;#CityLife,646,123,27,London UK,Negative,-0.8
10303,2026-03-01 11:46:30,USR_1302,user_403,Switching to solar energy for our home. The installation was smooth and efficient.,#GoGreen;#SolarEnergy;#Sustainability,232,152,50,Sydney Australia,Positive,0.8
10304,2026-03-01 11:47:15,USR_1303,user_404,"Tried the new vegan cafe downtown. Food was average, but the iced coffee was good.",#Foodie;#Vegan;#CafeVibes,224,134,69,Toronto Canada,Neutral,0.07
10305,2026-03-01 11:48:00,USR_1304,user_405,Market volatility is extremely high today. Make sure to manage your risks carefully.,#Crypto;#Finance;#Trading,482,75,21,New York USA,Neutral,0.01
10306,2026-03-01 11:48:45,USR_1305,user_406,Morning 10k run completed! Feeling energized and ready to tackle the week ahead.,#Fitness;#RunnersHigh;#Health,158,93,60,Chicago USA,Positive,0.96
10307,2026-03-01 11:49:30,USR_1306,user_407,The movie trailer released today looks completely underwhelming. Expectations ruined.,#MovieNews;#CinemaFail,276,48,30,Los Angeles USA,Negative,-0.58
10308,2026-03-01 11:50:15,USR_1307,user_408,Landing in Tokyo! Super excited to explore the vibrant street food and culture.,#Travel;#Japan;#Wanderlust,195,76,63,Tokyo Japan,Positive,0.92
10309,2026-03-01 11:51:00,USR_1308,user_409,Large language models are transforming modern data processing workflows rapidly.,#AI;#MachineLearning;#BigData,612,71,54,Boston USA,Positive,0.62
10310,2026-03-01 11:51:45,USR_1309,user_410,Servers are down again during the tournament. Extremely frustrating update!,#Gaming;#ServerDown;#Esports,261,50,36,Austin USA,Negative,-0.86
10311,2026-03-01 11:52:30,USR_1310,user_411,Attended the annual cloud computing conference. So many great insights on distributed systems.,#CloudComputing;#DevOps;#TechConference,319,160,55,Seattle USA,Positive,0.82
10312,2026-03-01 11:53:15,USR_1311,user_412,Flight got canceled last minute without any reasonable explanation. Very disappointing service.,#AirlineFail;#TravelProblems,437,55,28,Atlanta USA,Negative,-0.87
10313,2026-03-01 11:54:00,USR_1312,user_413,Started reading a new science fiction novel. The plot is turning out to be super captivating.,#Books;#SciFi;#ReadingList,203,101,54,London UK,Positive,0.82
10314,2026-03-01 11:54:45,USR_1313,user_414,Electric vehicles are becoming more affordable and accessible every year.,#EV;#Automotive;#CleanEnergy,474,153,52,Berlin Germany,Positive,0.66
10315,2026-03-01 11:55:30,USR_1314,user_415,Heavy rain and flooding reported across the southern district. Stay safe everyone!,#WeatherAlert;#SafetyFirst,526,139,54,Mumbai India,Negative,-0.34
10316,2026-03-01 11:56:15,USR_1315,user_416,Upgraded to the new smartphone today! The camera speed and display are absolutely incredible.,#Tech;#NewPhone;#TechTrends,599,180,32,San Francisco USA,Positive,0.81
10317,2026-03-01 11:57:00,USR_1316,user_417,Public transit delayed for the third time this week. Terrible service during peak hours!,#TransitFail;#CityLife,541,153,23,London UK,Negative,-0.74
10318,2026-03-01 11:57:45,USR_1317,user_418,Switching to solar energy for our home. The installation was smooth and efficient.,#GoGreen;#SolarEnergy;#Sustainability,369,158,37,Sydney Australia,Positive,0.78
10319,2026-03-01 11:58:30,USR_1318,user_419,"Tried the new vegan cafe downtown. Food was average, but the iced coffee was good.",#Foodie;#Vegan;#CafeVibes,599,124,27,Toronto Canada,Neutral,0.12
10320,2026-03-01 11:59:15,USR_1319,user_420,Market volatility is extremely high today. Make sure to manage your risks carefully.,#Crypto;#Finance;#Trading,391,142,28,New York USA,Neutral,-0.09
10321,2026-03-01 12:00:00,USR_1320,user_421,Morning 10k run completed! Feeling energized and ready to tackle the week ahead.,#Fitness;#RunnersHigh;#Health,233,44,31,Chicago USA,Positive,0.94
10322,2026-03-01 12:00:45,USR_1321,user_422,The movie trailer released today looks completely underwhelming. Expectations ruined.,#MovieNews;#CinemaFail,338,99,18,Los Angeles USA,Negative,-0.63
10323,2026-03-01 12:01:30,USR_1322,user_423,Landing in Tokyo! Super excited to explore the vibrant street food and culture.,#Travel;#Japan;#Wanderlust,303,193,43,Tokyo Japan,Positive,0.95
10324,2026-03-01 12:02:15,USR_1323,user_424,Large language models are transforming modern data processing workflows rapidly.,#AI;#MachineLearning;#BigData,161,55,16,Boston USA,Positive,0.66
10325,2026-03-01 12:03:00,USR_1324,user_425,Servers are down again during the tournament. Extremely frustrating update!,#Gaming;#ServerDown;#Esports,323,124,27,Austin USA,Negative,-0.87
10326,2026-03-01 12:03:45,USR_1325,user_426,Attended the annual cloud computing conference. So many great insights on distributed systems.,#CloudComputing;#DevOps;#TechConference,286,40,56,Seattle USA,Positive,0.86
10327,2026-03-01 12:04:30,USR_1326,user_427,Flight got canceled last minute without any reasonable explanation. Very disappointing service.,#AirlineFail;#TravelProblems,419,115,28,Atlanta USA,Negative,-0.89
10328,2026-03-01 12:05:15,USR_1327,user_428,Started reading a new science fiction novel. The plot is turning out to be super captivating.,#Books;#SciFi;#ReadingList,206,84,55,London UK,Positive,0.82
10329,2026-03-01 12:06:00,USR_1328,user_429,Electric vehicles are becoming more affordable and accessible every year.,#EV;#Automotive;#CleanEnergy,172,126,55,Berlin Germany,Positive,0.72
10330,2026-03-01 12:06:45,USR_1329,user_430,Heavy rain and flooding reported across the southern district. Stay safe everyone!,#WeatherAlert;#SafetyFirst,274,146,54,Mumbai India,Negative,-0.4
10331,2026-03-01 12:07:30,USR_1330,user_431,Upgraded to the new smartphone today! The camera speed and display are absolutely incredible.,#Tech;#NewPhone;#TechTrends,431,184,66,San Francisco USA,Positive,0.88
10332,2026-03-01 12:08:15,USR_1331,user_432,Public transit delayed for the third time this week. Terrible service during peak hours!,#TransitFail;#CityLife,304,57,49,London UK,Negative,-0.68
10333,2026-03-01 12:09:00,USR_1332,user_433,Switching to solar energy for our home. The installation was smooth and efficient.,#GoGreen;#SolarEnergy;#Sustainability,184,109,34,Sydney Australia,Positive,0.78
10334,2026-03-01 12:09:45,USR_1333,user_434,"Tried the new vegan cafe downtown. Food was average, but the iced coffee was good.",#Foodie;#Vegan;#CafeVibes,339,78,25,Toronto Canada,Neutral,0.16
10335,2026-03-01 12:10:30,USR_1334,user_435,Market volatility is extremely high today. Make sure to manage your risks carefully.,#Crypto;#Finance;#Trading,536,174,22,New York USA,Neutral,-0.11
10336,2026-03-01 12:11:15,USR_1335,user_436,Morning 10k run completed! Feeling energized and ready to tackle the week ahead.,#Fitness;#RunnersHigh;#Health,230,82,26,Chicago USA,Positive,0.85
10337,2026-03-01 12:12:00,USR_1336,user_437,The movie trailer released today looks completely underwhelming. Expectations ruined.,#MovieNews;#CinemaFail,289,116,49,Los Angeles USA,Negative,-0.7
10338,2026-03-01 12:12:45,USR_1337,user_438,Landing in Tokyo! Super excited to explore the vibrant street food and culture.,#Travel;#Japan;#Wanderlust,249,46,30,Tokyo Japan,Positive,0.91
10339,2026-03-01 12:13:30,USR_1338,user_439,Large language models are transforming modern data processing workflows rapidly.,#AI;#MachineLearning;#BigData,514,81,33,Boston USA,Positive,0.6
10340,2026-03-01 12:14:15,USR_1339,user_440,Servers are down again during the tournament. Extremely frustrating update!,#Gaming;#ServerDown;#Esports,247,83,22,Austin USA,Negative,-0.77
10341,2026-03-01 12:15:00,USR_1340,user_441,Attended the annual cloud computing conference. So many great insights on distributed systems.,#CloudComputing;#DevOps;#TechConference,631,49,54,Seattle USA,Positive,0.88
10342,2026-03-01 12:15:45,USR_1341,user_442,Flight got canceled last minute without any reasonable explanation. Very disappointing service.,#AirlineFail;#TravelProblems,633,133,51,Atlanta USA,Negative,-0.87
10343,2026-03-01 12:16:30,USR_1342,user_443,Started reading a new science fiction novel. The plot is turning out to be super captivating.,#Books;#SciFi;#ReadingList,263,151,42,London UK,Positive,0.8
10344,2026-03-01 12:17:15,USR_1343,user_444,Electric vehicles are becoming more affordable and accessible every year.,#EV;#Automotive;#CleanEnergy,397,89,24,Berlin Germany,Positive,0.68
10345,2026-03-01 12:18:00,USR_1344,user_445,Heavy rain and flooding reported across the southern district. Stay safe everyone!,#WeatherAlert;#SafetyFirst,235,114,45,Mumbai India,Negative,-0.42
10346,2026-03-01 12:18:45,USR_1345,user_446,Upgraded to the new smartphone today! The camera speed and display are absolutely incredible.,#Tech;#NewPhone;#TechTrends,568,97,41,San Francisco USA,Positive,0.84
10347,2026-03-01 12:19:30,USR_1346,user_447,Public transit delayed for the third time this week. Terrible service during peak hours!,#TransitFail;#CityLife,166,58,49,London UK,Negative,-0.64
10348,2026-03-01 12:20:15,USR_1347,user_448,Switching to solar energy for our home. The installation was smooth and efficient.,#GoGreen;#SolarEnergy;#Sustainability,294,81,32,Sydney Australia,Positive,0.75
10349,2026-03-01 12:21:00,USR_1348,user_449,"Tried the new vegan cafe downtown. Food was average, but the iced coffee was good.",#Foodie;#Vegan;#CafeVibes,477,80,30,Toronto Canada,Neutral,0.1
10350,2026-03-01 12:21:45,USR_1349,user_450,Market volatility is extremely high today. Make sure to manage your risks carefully.,#Crypto;#Finance;#Trading,556,110,41,New York USA,Neutral,-0.05
10351,2026-03-01 12:22:30,USR_1350,user_451,Morning 10k run completed! Feeling energized and ready to tackle the week ahead.,#Fitness;#RunnersHigh;#Health,520,38,53,Chicago USA,Positive,0.89
10352,2026-03-01 12:23:15,USR_1351,user_452,The movie trailer released today looks completely underwhelming. Expectations ruined.,#MovieNews;#CinemaFail,167,202,25,Los Angeles USA,Negative,-0.67
10353,2026-03-01 12:24:00,USR_1352,user_453,Landing in Tokyo! Super excited to explore the vibrant street food and culture.,#Travel;#Japan;#Wanderlust,646,172,20,Tokyo Japan,Positive,0.93
10354,2026-03-01 12:24:45,USR_1353,user_454,Large language models are transforming modern data processing workflows rapidly.,#AI;#MachineLearning;#BigData,403,163,62,Boston USA,Positive,0.76
10355,2026-03-01 12:25:30,USR_1354,user_455,Servers are down again during the tournament. Extremely frustrating update!,#Gaming;#ServerDown;#Esports,264,100,54,Austin USA,Negative,-0.81
10356,2026-03-01 12:26:15,USR_1355,user_456,Attended the annual cloud computing conference. So many great insights on distributed systems.,#CloudComputing;#DevOps;#TechConference,417,164,58,Seattle USA,Positive,0.79
10357,2026-03-01 12:27:00,USR_1356,user_457,Flight got canceled last minute without any reasonable explanation. Very disappointing service.,#AirlineFail;#TravelProblems,302,83,37,Atlanta USA,Negative,-0.93
10358,2026-03-01 12:27:45,USR_1357,user_458,Started reading a new science fiction novel. The plot is turning out to be super captivating.,#Books;#SciFi;#ReadingList,248,156,32,London UK,Positive,0.68
10359,2026-03-01 12:28:30,USR_1358,user_459,Electric vehicles are becoming more affordable and accessible every year.,#EV;#Automotive;#CleanEnergy,247,96,49,Berlin Germany,Positive,0.72
10360,2026-03-01 12:29:15,USR_1359,user_460,Heavy rain and flooding reported across the southern district. Stay safe everyone!,#WeatherAlert;#SafetyFirst,618,85,28,Mumbai India,Negative,-0.39
10361,2026-03-01 12:30:00,USR_1360,user_461,Upgraded to the new smartphone today! The camera speed and display are absolutely incredible.,#Tech;#NewPhone;#TechTrends,182,142,28,San Francisco USA,Positive,0.84
10362,2026-03-01 12:30:45,USR_1361,user_462,Public transit delayed for the third time this week. Terrible service during peak hours!,#TransitFail;#CityLife,148,173,44,London UK,Negative,-0.7
10363,2026-03-01 12:31:30,USR_1362,user_463,Switching to solar energy for our home. The installation was smooth and efficient.,#GoGreen;#SolarEnergy;#Sustainability,594,126,24,Sydney Australia,Positive,0.85
10364,2026-03-01 12:32:15,USR_1363,user_464,"Tried the new vegan cafe downtown. Food was average, but the iced coffee was good.",#Foodie;#Vegan;#CafeVibes,563,132,40,Toronto Canada,Neutral,0.21
10365,2026-03-01 12:33:00,USR_1364,user_465,Market volatility is extremely high today. Make sure to manage your risks carefully.,#Crypto;#Finance;#Trading,180,42,39,New York USA,Neutral,0.0
10366,2026-03-01 12:33:45,USR_1365,user_466,Morning 10k run completed! Feeling energized and ready to tackle the week ahead.,#Fitness;#RunnersHigh;#Health,307,126,50,Chicago USA,Positive,1.0
10367,2026-03-01 12:34:30,USR_1366,user_467,The movie trailer released today looks completely underwhelming. Expectations ruined.,#MovieNews;#CinemaFail,266,50,24,Los Angeles USA,Negative,-0.69
10368,2026-03-01 12:35:15,USR_1367,user_468,Landing in Tokyo! Super excited to explore the vibrant street food and culture.,#Travel;#Japan;#Wanderlust,609,58,53,Tokyo Japan,Positive,0.94
10369,2026-03-01 12:36:00,USR_1368,user_469,Large language models are transforming modern data processing workflows rapidly.,#AI;#MachineLearning;#BigData,356,48,13,Boston USA,Positive,0.64
10370,2026-03-01 12:36:45,USR_1369,user_470,Servers are down again during the tournament. Extremely frustrating update!,#Gaming;#ServerDown;#Esports,210,83,35,Austin USA,Negative,-0.83
10371,2026-03-01 12:37:30,USR_1370,user_471,Attended the annual cloud computing conference. So many great insights on distributed systems.,#CloudComputing;#DevOps;#TechConference,272,150,25,Seattle USA,Positive,0.82
10372,2026-03-01 12:38:15,USR_1371,user_472,Flight got canceled last minute without any reasonable explanation. Very disappointing service.,#AirlineFail;#TravelProblems,200,52,38,Atlanta USA,Negative,-0.94
10373,2026-03-01 12:39:00,USR_1372,user_473,Started reading a new science fiction novel. The plot is turning out to be super captivating.,#Books;#SciFi;#ReadingList,370,121,28,London UK,Positive,0.72
10374,2026-03-01 12:39:45,USR_1373,user_474,Electric vehicles are becoming more affordable and accessible every year.,#EV;#Automotive;#CleanEnergy,425,90,34,Berlin Germany,Positive,0.7
10375,2026-03-01 12:40:30,USR_1374,user_475,Heavy rain and flooding reported across the southern district. Stay safe everyone!,#WeatherAlert;#SafetyFirst,528,133,34,Mumbai India,Negative,-0.42
10376,2026-03-01 12:41:15,USR_1375,user_476,Upgraded to the new smartphone today! The camera speed and display are absolutely incredible.,#Tech;#NewPhone;#TechTrends,344,32,26,San Francisco USA,Positive,0.82
10377,2026-03-01 12:42:00,USR_1376,user_477,Public transit delayed for the third time this week. Terrible service during peak hours!,#TransitFail;#CityLife,346,122,28,London UK,Negative,-0.75
10378,2026-03-01 12:42:45,USR_1377,user_478,Switching to solar energy for our home. The installation was smooth and efficient.,#GoGreen;#SolarEnergy;#Sustainability,512,132,27,Sydney Australia,Positive,0.83
10379,2026-03-01 12:43:30,USR_1378,user_479,"Tried the new vegan cafe downtown. Food was average, but the iced coffee was good.",#Foodie;#Vegan;#CafeVibes,389,116,58,Toronto Canada,Neutral,0.08
10380,2026-03-01 12:44:15,USR_1379,user_480,Market volatility is extremely high today. Make sure to manage your risks carefully.,#Crypto;#Finance;#Trading,405,69,47,New York USA,Neutral,-0.08
10381,2026-03-01 12:45:00,USR_1380,user_481,Morning 10k run completed! Feeling energized and ready to tackle the week ahead.,#Fitness;#RunnersHigh;#Health,298,171,57,Chicago USA,Positive,0.85
10382,2026-03-01 12:45:45,USR_1381,user_482,The movie trailer released today looks completely underwhelming. Expectations ruined.,#MovieNews;#CinemaFail,481,161,45,Los Angeles USA,Negative,-0.62
10383,2026-03-01 12:46:30,USR_1382,user_483,Landing in Tokyo! Super excited to explore the vibrant street food and culture.,#Travel;#Japan;#Wanderlust,510,103,27,Tokyo Japan,Positive,1.0
10384,2026-03-01 12:47:15,USR_1383,user_484,Large language models are transforming modern data processing workflows rapidly.,#AI;#MachineLearning;#BigData,547,104,18,Boston USA,Positive,0.74
10385,2026-03-01 12:48:00,USR_1384,user_485,Servers are down again during the tournament. Extremely frustrating update!,#Gaming;#ServerDown;#Esports,377,189,7,Austin USA,Negative,-0.77
10386,2026-03-01 12:48:45,USR_1385,user_486,Attended the annual cloud computing conference. So many great insights on distributed systems.,#CloudComputing;#DevOps;#TechConference,356,180,50,Seattle USA,Positive,0.77
10387,2026-03-01 12:49:30,USR_1386,user_487,Flight got canceled last minute without any reasonable explanation. Very disappointing service.,#AirlineFail;#TravelProblems,175,171,47,Atlanta USA,Negative,-0.89
10388,2026-03-01 12:50:15,USR_1387,user_488,Started reading a new science fiction novel. The plot is turning out to be super captivating.,#Books;#SciFi;#ReadingList,297,47,34,London UK,Positive,0.81
10389,2026-03-01 12:51:00,USR_1388,user_489,Electric vehicles are becoming more affordable and accessible every year.,#EV;#Automotive;#CleanEnergy,439,191,30,Berlin Germany,Positive,0.65
10390,2026-03-01 12:51:45,USR_1389,user_490,Heavy rain and flooding reported across the southern district. Stay safe everyone!,#WeatherAlert;#SafetyFirst,283,57,34,Mumbai India,Negative,-0.36
10391,2026-03-01 12:52:30,USR_1390,user_491,Upgraded to the new smartphone today! The camera speed and display are absolutely incredible.,#Tech;#NewPhone;#TechTrends,310,37,16,San Francisco USA,Positive,0.83
10392,2026-03-01 12:53:15,USR_1391,user_492,Public transit delayed for the third time this week. Terrible service during peak hours!,#TransitFail;#CityLife,270,140,58,London UK,Negative,-0.71
10393,2026-03-01 12:54:00,USR_1392,user_493,Switching to solar energy for our home. The installation was smooth and efficient.,#GoGreen;#SolarEnergy;#Sustainability,650,149,68,Sydney Australia,Positive,0.82
10394,2026-03-01 12:54:45,USR_1393,user_494,"Tried the new vegan cafe downtown. Food was average, but the iced coffee was good.",#Foodie;#Vegan;#CafeVibes,616,184,20,Toronto Canada,Neutral,0.13
10395,2026-03-01 12:55:30,USR_1394,user_495,Market volatility is extremely high today. Make sure to manage your risks carefully.,#Crypto;#Finance;#Trading,403,117,47,New York USA,Neutral,0.0
10396,2026-03-01 12:56:15,USR_1395,user_496,Morning 10k run completed! Feeling energized and ready to tackle the week ahead.,#Fitness;#RunnersHigh;#Health,399,169,39,Chicago USA,Positive,0.88
10397,2026-03-01 12:57:00,USR_1396,user_497,The movie trailer released today looks completely underwhelming. Expectations ruined.,#MovieNews;#CinemaFail,601,73,19,Los Angeles USA,Negative,-0.66
10398,2026-03-01 12:57:45,USR_1397,user_498,Landing in Tokyo! Super excited to explore the vibrant street food and culture.,#Travel;#Japan;#Wanderlust,511,149,54,Tokyo Japan,Positive,0.93
10399,2026-03-01 12:58:30,USR_1398,user_499,Large language models are transforming modern data processing workflows rapidly.,#AI;#MachineLearning;#BigData,525,52,61,Boston USA,Positive,0.69
10400,2026-03-01 12:59:15,USR_1399,user_500,Servers are down again during the tournament. Extremely frustrating update!,#Gaming;#ServerDown;#Esports,568,184,26,Austin USA,Negative,-0.85
10401,2026-03-01 13:00:00,USR_1400,user_501,Attended the annual cloud computing conference. So many great insights on distributed systems.,#CloudComputing;#DevOps;#TechConference,425,58,43,Seattle USA,Positive,0.83
10402,2026-03-01 13:00:45,USR_1401,user_502,Flight got canceled last minute without any reasonable explanation. Very disappointing service.,#AirlineFail;#TravelProblems,299,86,35,Atlanta USA,Negative,-0.85
10403,2026-03-01 13:01:30,USR_1402,user_503,Started reading a new science fiction novel. The plot is turning out to be super captivating.,#Books;#SciFi;#ReadingList,202,145,24,London UK,Positive,0.75
10404,2026-03-01 13:02:15,USR_1403,user_504,Electric vehicles are becoming more affordable and accessible every year.,#EV;#Automotive;#CleanEnergy,604,174,38,Berlin Germany,Positive,0.76
10405,2026-03-01 13:03:00,USR_1404,user_505,Heavy rain and flooding reported across the southern district. Stay safe everyone!,#WeatherAlert;#SafetyFirst,256,64,33,Mumbai India,Negative,-0.43
10406,2026-03-01 13:03:45,USR_1405,user_506,Upgraded to the new smartphone today! The camera speed and display are absolutely incredible.,#Tech;#NewPhone;#TechTrends,233,141,21,San Francisco USA,Positive,0.93
10407,2026-03-01 13:04:30,USR_1406,user_507,Public transit delayed for the third time this week. Terrible service during peak hours!,#TransitFail;#CityLife,426,59,20,London UK,Negative,-0.64
10408,2026-03-01 13:05:15,USR_1407,user_508,Switching to solar energy for our home. The installation was smooth and efficient.,#GoGreen;#SolarEnergy;#Sustainability,501,150,25,Sydney Australia,Positive,0.7
10409,2026-03-01 13:06:00,USR_1408,user_509,"Tried the new vegan cafe downtown. Food was average, but the iced coffee was good.",#Foodie;#Vegan;#CafeVibes,384,86,30,Toronto Canada,Neutral,0.09
10410,2026-03-01 13:06:45,USR_1409,user_510,Market volatility is extremely high today. Make sure to manage your risks carefully.,#Crypto;#Finance;#Trading,183,107,23,New York USA,Neutral,-0.07
10411,2026-03-01 13:07:30,USR_1410,user_511,Morning 10k run completed! Feeling energized and ready to tackle the week ahead.,#Fitness;#RunnersHigh;#Health,522,176,36,Chicago USA,Positive,0.99
10412,2026-03-01 13:08:15,USR_1411,user_512,The movie trailer released today looks completely underwhelming. Expectations ruined.,#MovieNews;#CinemaFail,533,85,22,Los Angeles USA,Negative,-0.69
10413,2026-03-01 13:09:00,USR_1412,user_513,Landing in Tokyo! Super excited to explore the vibrant street food and culture.,#Travel;#Japan;#Wanderlust,473,82,29,Tokyo Japan,Positive,0.87
10414,2026-03-01 13:09:45,USR_1413,user_514,Large language models are transforming modern data processing workflows rapidly.,#AI;#MachineLearning;#BigData,434,56,34,Boston USA,Positive,0.72
10415,2026-03-01 13:10:30,USR_1414,user_515,Servers are down again during the tournament. Extremely frustrating update!,#Gaming;#ServerDown;#Esports,446,156,30,Austin USA,Negative,-0.82
10416,2026-03-01 13:11:15,USR_1415,user_516,Attended the annual cloud computing conference. So many great insights on distributed systems.,#CloudComputing;#DevOps;#TechConference,314,90,61,Seattle USA,Positive,0.85
10417,2026-03-01 13:12:00,USR_1416,user_517,Flight got canceled last minute without any reasonable explanation. Very disappointing service.,#AirlineFail;#TravelProblems,271,46,39,Atlanta USA,Negative,-0.8
10418,2026-03-01 13:12:45,USR_1417,user_518,Started reading a new science fiction novel. The plot is turning out to be super captivating.,#Books;#SciFi;#ReadingList,163,133,64,London UK,Positive,0.76
10419,2026-03-01 13:13:30,USR_1418,user_519,Electric vehicles are becoming more affordable and accessible every year.,#EV;#Automotive;#CleanEnergy,210,183,15,Berlin Germany,Positive,0.66
10420,2026-03-01 13:14:15,USR_1419,user_520,Heavy rain and flooding reported across the southern district. Stay safe everyone!,#WeatherAlert;#SafetyFirst,357,149,32,Mumbai India,Negative,-0.45
10421,2026-03-01 13:15:00,USR_1420,user_521,Upgraded to the new smartphone today! The camera speed and display are absolutely incredible.,#Tech;#NewPhone;#TechTrends,662,74,14,San Francisco USA,Positive,0.78
10422,2026-03-01 13:15:45,USR_1421,user_522,Public transit delayed for the third time this week. Terrible service during peak hours!,#TransitFail;#CityLife,369,120,19,London UK,Negative,-0.65
10423,2026-03-01 13:16:30,USR_1422,user_523,Switching to solar energy for our home. The installation was smooth and efficient.,#GoGreen;#SolarEnergy;#Sustainability,410,106,35,Sydney Australia,Positive,0.82
10424,2026-03-01 13:17:15,USR_1423,user_524,"Tried the new vegan cafe downtown. Food was average, but the iced coffee was good.",#Foodie;#Vegan;#CafeVibes,171,100,25,Toronto Canada,Neutral,0.22
10425,2026-03-01 13:18:00,USR_1424,user_525,Market volatility is extremely high today. Make sure to manage your risks carefully.,#Crypto;#Finance;#Trading,531,104,52,New York USA,Neutral,-0.13
10426,2026-03-01 13:18:45,USR_1425,user_526,Morning 10k run completed! Feeling energized and ready to tackle the week ahead.,#Fitness;#RunnersHigh;#Health,263,127,39,Chicago USA,Positive,0.88
10427,2026-03-01 13:19:30,USR_1426,user_527,The movie trailer released today looks completely underwhelming. Expectations ruined.,#MovieNews;#CinemaFail,369,51,46,Los Angeles USA,Negative,-0.61
10428,2026-03-01 13:20:15,USR_1427,user_528,Landing in Tokyo! Super excited to explore the vibrant street food and culture.,#Travel;#Japan;#Wanderlust,440,167,55,Tokyo Japan,Positive,0.88
10429,2026-03-01 13:21:00,USR_1428,user_529,Large language models are transforming modern data processing workflows rapidly.,#AI;#MachineLearning;#BigData,536,111,49,Boston USA,Positive,0.76
10430,2026-03-01 13:21:45,USR_1429,user_530,Servers are down again during the tournament. Extremely frustrating update!,#Gaming;#ServerDown;#Esports,500,63,53,Austin USA,Negative,-0.81
10431,2026-03-01 13:22:30,USR_1430,user_531,Attended the annual cloud computing conference. So many great insights on distributed systems.,#CloudComputing;#DevOps;#TechConference,430,151,54,Seattle USA,Positive,0.86
10432,2026-03-01 13:23:15,USR_1431,user_532,Flight got canceled last minute without any reasonable explanation. Very disappointing service.,#AirlineFail;#TravelProblems,305,147,30,Atlanta USA,Negative,-0.83
10433,2026-03-01 13:24:00,USR_1432,user_533,Started reading a new science fiction novel. The plot is turning out to be super captivating.,#Books;#SciFi;#ReadingList,158,61,59,London UK,Positive,0.83
10434,2026-03-01 13:24:45,USR_1433,user_534,Electric vehicles are becoming more affordable and accessible every year.,#EV;#Automotive;#CleanEnergy,438,178,38,Berlin Germany,Positive,0.78
10435,2026-03-01 13:25:30,USR_1434,user_535,Heavy rain and flooding reported across the southern district. Stay safe everyone!,#WeatherAlert;#SafetyFirst,345,87,33,Mumbai India,Negative,-0.39
10436,2026-03-01 13:26:15,USR_1435,user_536,Upgraded to the new smartphone today! The camera speed and display are absolutely incredible.,#Tech;#NewPhone;#TechTrends,501,129,22,San Francisco USA,Positive,0.82
10437,2026-03-01 13:27:00,USR_1436,user_537,Public transit delayed for the third time this week. Terrible service during peak hours!,#TransitFail;#CityLife,273,144,24,London UK,Negative,-0.71
10438,2026-03-01 13:27:45,USR_1437,user_538,Switching to solar energy for our home. The installation was smooth and efficient.,#GoGreen;#SolarEnergy;#Sustainability,562,95,42,Sydney Australia,Positive,0.74
10439,2026-03-01 13:28:30,USR_1438,user_539,"Tried the new vegan cafe downtown. Food was average, but the iced coffee was good.",#Foodie;#Vegan;#CafeVibes,275,161,51,Toronto Canada,Neutral,0.21
10440,2026-03-01 13:29:15,USR_1439,user_540,Market volatility is extremely high today. Make sure to manage your risks carefully.,#Crypto;#Finance;#Trading,372,112,20,New York USA,Neutral,-0.03
10441,2026-03-01 13:30:00,USR_1440,user_541,Morning 10k run completed! Feeling energized and ready to tackle the week ahead.,#Fitness;#RunnersHigh;#Health,167,86,36,Chicago USA,Positive,0.99
10442,2026-03-01 13:30:45,USR_1441,user_542,The movie trailer released today looks completely underwhelming. Expectations ruined.,#MovieNews;#CinemaFail,160,82,24,Los Angeles USA,Negative,-0.58
10443,2026-03-01 13:31:30,USR_1442,user_543,Landing in Tokyo! Super excited to explore the vibrant street food and culture.,#Travel;#Japan;#Wanderlust,432,151,30,Tokyo Japan,Positive,0.94
10444,2026-03-01 13:32:15,USR_1443,user_544,Large language models are transforming modern data processing workflows rapidly.,#AI;#MachineLearning;#BigData,326,96,45,Boston USA,Positive,0.67
10445,2026-03-01 13:33:00,USR_1444,user_545,Servers are down again during the tournament. Extremely frustrating update!,#Gaming;#ServerDown;#Esports,385,99,55,Austin USA,Negative,-0.81
10446,2026-03-01 13:33:45,USR_1445,user_546,Attended the annual cloud computing conference. So many great insights on distributed systems.,#CloudComputing;#DevOps;#TechConference,271,76,30,Seattle USA,Positive,0.87
10447,2026-03-01 13:34:30,USR_1446,user_547,Flight got canceled last minute without any reasonable explanation. Very disappointing service.,#AirlineFail;#TravelProblems,558,148,45,Atlanta USA,Negative,-0.93
10448,2026-03-01 13:35:15,USR_1447,user_548,Started reading a new science fiction novel. The plot is turning out to be super captivating.,#Books;#SciFi;#ReadingList,612,103,25,London UK,Positive,0.72
10449,2026-03-01 13:36:00,USR_1448,user_549,Electric vehicles are becoming more affordable and accessible every year.,#EV;#Automotive;#CleanEnergy,299,129,29,Berlin Germany,Positive,0.7
10450,2026-03-01 13:36:45,USR_1449,user_550,Heavy rain and flooding reported across the southern district. Stay safe everyone!,#WeatherAlert;#SafetyFirst,382,117,38,Mumbai India,Negative,-0.42
10451,2026-03-01 13:37:30,USR_1450,user_551,Upgraded to the new smartphone today! The camera speed and display are absolutely incredible.,#Tech;#NewPhone;#TechTrends,264,169,44,San Francisco USA,Positive,0.85
10452,2026-03-01 13:38:15,USR_1451,user_552,Public transit delayed for the third time this week. Terrible service during peak hours!,#TransitFail;#CityLife,319,60,37,London UK,Negative,-0.64
10453,2026-03-01 13:39:00,USR_1452,user_553,Switching to solar energy for our home. The installation was smooth and efficient.,#GoGreen;#SolarEnergy;#Sustainability,470,163,19,Sydney Australia,Positive,0.8
10454,2026-03-01 13:39:45,USR_1453,user_554,"Tried the new vegan cafe downtown. Food was average, but the iced coffee was good.",#Foodie;#Vegan;#CafeVibes,616,82,23,Toronto Canada,Neutral,0.22
10455,2026-03-01 13:40:30,USR_1454,user_555,Market volatility is extremely high today. Make sure to manage your risks carefully.,#Crypto;#Finance;#Trading,198,78,42,New York USA,Neutral,0.01
10456,2026-03-01 13:41:15,USR_1455,user_556,Morning 10k run completed! Feeling energized and ready to tackle the week ahead.,#Fitness;#RunnersHigh;#Health,304,151,32,Chicago USA,Positive,0.89
10457,2026-03-01 13:42:00,USR_1456,user_557,The movie trailer released today looks completely underwhelming. Expectations ruined.,#MovieNews;#CinemaFail,403,132,54,Los Angeles USA,Negative,-0.59
10458,2026-03-01 13:42:45,USR_1457,user_558,Landing in Tokyo! Super excited to explore the vibrant street food and culture.,#Travel;#Japan;#Wanderlust,313,131,25,Tokyo Japan,Positive,1.0
10459,2026-03-01 13:43:30,USR_1458,user_559,Large language models are transforming modern data processing workflows rapidly.,#AI;#MachineLearning;#BigData,426,89,52,Boston USA,Positive,0.74
10460,2026-03-01 13:44:15,USR_1459,user_560,Servers are down again during the tournament. Extremely frustrating update!,#Gaming;#ServerDown;#Esports,542,94,48,Austin USA,Negative,-0.87
10461,2026-03-01 13:45:00,USR_1460,user_561,Attended the annual cloud computing conference. So many great insights on distributed systems.,#CloudComputing;#DevOps;#TechConference,244,60,56,Seattle USA,Positive,0.85
10462,2026-03-01 13:45:45,USR_1461,user_562,Flight got canceled last minute without any reasonable explanation. Very disappointing service.,#AirlineFail;#TravelProblems,460,168,56,Atlanta USA,Negative,-0.86
10463,2026-03-01 13:46:30,USR_1462,user_563,Started reading a new science fiction novel. The plot is turning out to be super captivating.,#Books;#SciFi;#ReadingList,211,156,29,London UK,Positive,0.7
10464,2026-03-01 13:47:15,USR_1463,user_564,Electric vehicles are becoming more affordable and accessible every year.,#EV;#Automotive;#CleanEnergy,514,165,46,Berlin Germany,Positive,0.65
10465,2026-03-01 13:48:00,USR_1464,user_565,Heavy rain and flooding reported across the southern district. Stay safe everyone!,#WeatherAlert;#SafetyFirst,381,156,25,Mumbai India,Negative,-0.44
10466,2026-03-01 13:48:45,USR_1465,user_566,Upgraded to the new smartphone today! The camera speed and display are absolutely incredible.,#Tech;#NewPhone;#TechTrends,485,131,49,San Francisco USA,Positive,0.84
10467,2026-03-01 13:49:30,USR_1466,user_567,Public transit delayed for the third time this week. Terrible service during peak hours!,#TransitFail;#CityLife,654,47,18,London UK,Negative,-0.76
10468,2026-03-01 13:50:15,USR_1467,user_568,Switching to solar energy for our home. The installation was smooth and efficient.,#GoGreen;#SolarEnergy;#Sustainability,531,52,53,Sydney Australia,Positive,0.73
10469,2026-03-01 13:51:00,USR_1468,user_569,"Tried the new vegan cafe downtown. Food was average, but the iced coffee was good.",#Foodie;#Vegan;#CafeVibes,634,124,9,Toronto Canada,Neutral,0.14
10470,2026-03-01 13:51:45,USR_1469,user_570,Market volatility is extremely high today. Make sure to manage your risks carefully.,#Crypto;#Finance;#Trading,591,118,36,New York USA,Neutral,-0.1
10471,2026-03-01 13:52:30,USR_1470,user_571,Morning 10k run completed! Feeling energized and ready to tackle the week ahead.,#Fitness;#RunnersHigh;#Health,616,187,32,Chicago USA,Positive,0.94
10472,2026-03-01 13:53:15,USR_1471,user_572,The movie trailer released today looks completely underwhelming. Expectations ruined.,#MovieNews;#CinemaFail,266,135,27,Los Angeles USA,Negative,-0.62
10473,2026-03-01 13:54:00,USR_1472,user_573,Landing in Tokyo! Super excited to explore the vibrant street food and culture.,#Travel;#Japan;#Wanderlust,639,168,9,Tokyo Japan,Positive,0.99
10474,2026-03-01 13:54:45,USR_1473,user_574,Large language models are transforming modern data processing workflows rapidly.,#AI;#MachineLearning;#BigData,445,145,35,Boston USA,Positive,0.75
10475,2026-03-01 13:55:30,USR_1474,user_575,Servers are down again during the tournament. Extremely frustrating update!,#Gaming;#ServerDown;#Esports,564,150,47,Austin USA,Negative,-0.78
10476,2026-03-01 13:56:15,USR_1475,user_576,Attended the annual cloud computing conference. So many great insights on distributed systems.,#CloudComputing;#DevOps;#TechConference,613,192,54,Seattle USA,Positive,0.82
10477,2026-03-01 13:57:00,USR_1476,user_577,Flight got canceled last minute without any reasonable explanation. Very disappointing service.,#AirlineFail;#TravelProblems,515,172,40,Atlanta USA,Negative,-0.86
10478,2026-03-01 13:57:45,USR_1477,user_578,Started reading a new science fiction novel. The plot is turning out to be super captivating.,#Books;#SciFi;#ReadingList,240,54,46,London UK,Positive,0.73
10479,2026-03-01 13:58:30,USR_1478,user_579,Electric vehicles are becoming more affordable and accessible every year.,#EV;#Automotive;#CleanEnergy,232,193,44,Berlin Germany,Positive,0.73
10480,2026-03-01 13:59:15,USR_1479,user_580,Heavy rain and flooding reported across the southern district. Stay safe everyone!,#WeatherAlert;#SafetyFirst,633,145,26,Mumbai India,Negative,-0.37
10481,2026-03-01 14:00:00,USR_1480,user_581,Upgraded to the new smartphone today! The camera speed and display are absolutely incredible.,#Tech;#NewPhone;#TechTrends,256,182,71,San Francisco USA,Positive,0.85
10482,2026-03-01 14:00:45,USR_1481,user_582,Public transit delayed for the third time this week. Terrible service during peak hours!,#TransitFail;#CityLife,636,76,32,London UK,Negative,-0.77
10483,2026-03-01 14:01:30,USR_1482,user_583,Switching to solar energy for our home. The installation was smooth and efficient.,#GoGreen;#SolarEnergy;#Sustainability,635,143,55,Sydney Australia,Positive,0.76
10484,2026-03-01 14:02:15,USR_1483,user_584,"Tried the new vegan cafe downtown. Food was average, but the iced coffee was good.",#Foodie;#Vegan;#CafeVibes,375,106,38,Toronto Canada,Neutral,0.13
10485,2026-03-01 14:03:00,USR_1484,user_585,Market volatility is extremely high today. Make sure to manage your risks carefully.,#Crypto;#Finance;#Trading,349,142,35,New York USA,Neutral,-0.08
10486,2026-03-01 14:03:45,USR_1485,user_586,Morning 10k run completed! Feeling energized and ready to tackle the week ahead.,#Fitness;#RunnersHigh;#Health,564,68,16,Chicago USA,Positive,0.9
10487,2026-03-01 14:04:30,USR_1486,user_587,The movie trailer released today looks completely underwhelming. Expectations ruined.,#MovieNews;#CinemaFail,156,112,12,Los Angeles USA,Negative,-0.65
10488,2026-03-01 14:05:15,USR_1487,user_588,Landing in Tokyo! Super excited to explore the vibrant street food and culture.,#Travel;#Japan;#Wanderlust,461,194,46,Tokyo Japan,Positive,0.96
10489,2026-03-01 14:06:00,USR_1488,user_589,Large language models are transforming modern data processing workflows rapidly.,#AI;#MachineLearning;#BigData,197,117,35,Boston USA,Positive,0.61
10490,2026-03-01 14:06:45,USR_1489,user_590,Servers are down again during the tournament. Extremely frustrating update!,#Gaming;#ServerDown;#Esports,248,48,31,Austin USA,Negative,-0.86
10491,2026-03-01 14:07:30,USR_1490,user_591,Attended the annual cloud computing conference. So many great insights on distributed systems.,#CloudComputing;#DevOps;#TechConference,345,166,30,Seattle USA,Positive,0.81
10492,2026-03-01 14:08:15,USR_1491,user_592,Flight got canceled last minute without any reasonable explanation. Very disappointing service.,#AirlineFail;#TravelProblems,557,82,60,Atlanta USA,Negative,-0.89
10493,2026-03-01 14:09:00,USR_1492,user_593,Started reading a new science fiction novel. The plot is turning out to be super captivating.,#Books;#SciFi;#ReadingList,640,66,17,London UK,Positive,0.8
10494,2026-03-01 14:09:45,USR_1493,user_594,Electric vehicles are becoming more affordable and accessible every year.,#EV;#Automotive;#CleanEnergy,373,72,46,Berlin Germany,Positive,0.69
10495,2026-03-01 14:10:30,USR_1494,user_595,Heavy rain and flooding reported across the southern district. Stay safe everyone!,#WeatherAlert;#SafetyFirst,160,171,29,Mumbai India,Negative,-0.42
10496,2026-03-01 14:11:15,USR_1495,user_596,Upgraded to the new smartphone today! The camera speed and display are absolutely incredible.,#Tech;#NewPhone;#TechTrends,359,161,62,San Francisco USA,Positive,0.79
10497,2026-03-01 14:12:00,USR_1496,user_597,Public transit delayed for the third time this week. Terrible service during peak hours!,#TransitFail;#CityLife,549,85,53,London UK,Negative,-0.69
10498,2026-03-01 14:12:45,USR_1497,user_598,Switching to solar energy for our home. The installation was smooth and efficient.,#GoGreen;#SolarEnergy;#Sustainability,440,56,58,Sydney Australia,Positive,0.74
10499,2026-03-01 14:13:30,USR_1498,user_599,"Tried the new vegan cafe downtown. Food was average, but the iced coffee was good.",#Foodie;#Vegan;#CafeVibes,158,104,26,Toronto Canada,Neutral,0.19
10500,2026-03-01 14:14:15,USR_1499,user_101,Market volatility is extremely high today. Make sure to manage your risks carefully.,#Crypto;#Finance;#Trading,564,139,30,New York USA,Neutral,0.02
10501,2026-03-01 14:15:00,USR_1500,user_102,Morning 10k run completed! Feeling energized and ready to tackle the week ahead.,#Fitness;#RunnersHigh;#Health,309,56,17,Chicago USA,Positive,0.92
10502,2026-03-01 14:15:45,USR_1501,user_103,The movie trailer released today looks completely underwhelming. Expectations ruined.,#MovieNews;#CinemaFail,396,174,45,Los Angeles USA,Negative,-0.69
10503,2026-03-01 14:16:30,USR_1502,user_104,Landing in Tokyo! Super excited to explore the vibrant street food and culture.,#Travel;#Japan;#Wanderlust,338,85,47,Tokyo Japan,Positive,0.97
10504,2026-03-01 14:17:15,USR_1503,user_105,Large language models are transforming modern data processing workflows rapidly.,#AI;#MachineLearning;#BigData,590,161,50,Boston USA,Positive,0.73
10505,2026-03-01 14:18:00,USR_1504,user_106,Servers are down again during the tournament. Extremely frustrating update!,#Gaming;#ServerDown;#Esports,173,72,48,Austin USA,Negative,-0.88
10506,2026-03-01 14:18:45,USR_1505,user_107,Attended the annual cloud computing conference. So many great insights on distributed systems.,#CloudComputing;#DevOps;#TechConference,381,113,44,Seattle USA,Positive,0.76
10507,2026-03-01 14:19:30,USR_1506,user_108,Flight got canceled last minute without any reasonable explanation. Very disappointing service.,#AirlineFail;#TravelProblems,528,42,64,Atlanta USA,Negative,-0.88
10508,2026-03-01 14:20:15,USR_1507,user_109,Started reading a new science fiction novel. The plot is turning out to be super captivating.,#Books;#SciFi;#ReadingList,591,105,20,London UK,Positive,0.71
10509,2026-03-01 14:21:00,USR_1508,user_110,Electric vehicles are becoming more affordable and accessible every year.,#EV;#Automotive;#CleanEnergy,342,71,31,Berlin Germany,Positive,0.69
10510,2026-03-01 14:21:45,USR_1509,user_111,Heavy rain and flooding reported across the southern district. Stay safe everyone!,#WeatherAlert;#SafetyFirst,575,103,50,Mumbai India,Negative,-0.41
10511,2026-03-01 14:22:30,USR_1510,user_112,Upgraded to the new smartphone today! The camera speed and display are absolutely incredible.,#Tech;#NewPhone;#TechTrends,392,154,48,San Francisco USA,Positive,0.82
10512,2026-03-01 14:23:15,USR_1511,user_113,Public transit delayed for the third time this week. Terrible service during peak hours!,#TransitFail;#CityLife,502,158,59,London UK,Negative,-0.75
10513,2026-03-01 14:24:00,USR_1512,user_114,Switching to solar energy for our home. The installation was smooth and efficient.,#GoGreen;#SolarEnergy;#Sustainability,280,174,42,Sydney Australia,Positive,0.83
10514,2026-03-01 14:24:45,USR_1513,user_115,"Tried the new vegan cafe downtown. Food was average, but the iced coffee was good.",#Foodie;#Vegan;#CafeVibes,296,114,42,Toronto Canada,Neutral,0.22
10515,2026-03-01 14:25:30,USR_1514,user_116,Market volatility is extremely high today. Make sure to manage your risks carefully.,#Crypto;#Finance;#Trading,252,56,47,New York USA,Neutral,-0.13
10516,2026-03-01 14:26:15,USR_1515,user_117,Morning 10k run completed! Feeling energized and ready to tackle the week ahead.,#Fitness;#RunnersHigh;#Health,408,163,44,Chicago USA,Positive,1.0
10517,2026-03-01 14:27:00,USR_1516,user_118,The movie trailer released today looks completely underwhelming. Expectations ruined.,#MovieNews;#CinemaFail,420,164,31,Los Angeles USA,Negative,-0.57
10518,2026-03-01 14:27:45,USR_1517,user_119,Landing in Tokyo! Super excited to explore the vibrant street food and culture.,#Travel;#Japan;#Wanderlust,605,96,14,Tokyo Japan,Positive,0.96
10519,2026-03-01 14:28:30,USR_1518,user_120,Large language models are transforming modern data processing workflows rapidly.,#AI;#MachineLearning;#BigData,576,137,33,Boston USA,Positive,0.74
10520,2026-03-01 14:29:15,USR_1519,user_121,Servers are down again during the tournament. Extremely frustrating update!,#Gaming;#ServerDown;#Esports,576,157,30,Austin USA,Negative,-0.84
10521,2026-03-01 14:30:00,USR_1520,user_122,Attended the annual cloud computing conference. So many great insights on distributed systems.,#CloudComputing;#DevOps;#TechConference,396,40,65,Seattle USA,Positive,0.85
10522,2026-03-01 14:30:45,USR_1521,user_123,Flight got canceled last minute without any reasonable explanation. Very disappointing service.,#AirlineFail;#TravelProblems,497,181,55,Atlanta USA,Negative,-0.94
10523,2026-03-01 14:31:30,USR_1522,user_124,Started reading a new science fiction novel. The plot is turning out to be super captivating.,#Books;#SciFi;#ReadingList,607,161,37,London UK,Positive,0.77
10524,2026-03-01 14:32:15,USR_1523,user_125,Electric vehicles are becoming more affordable and accessible every year.,#EV;#Automotive;#CleanEnergy,336,72,47,Berlin Germany,Positive,0.65
10525,2026-03-01 14:33:00,USR_1524,user_126,Heavy rain and flooding reported across the southern district. Stay safe everyone!,#WeatherAlert;#SafetyFirst,465,53,28,Mumbai India,Negative,-0.45
10526,2026-03-01 14:33:45,USR_1525,user_127,Upgraded to the new smartphone today! The camera speed and display are absolutely incredible.,#Tech;#NewPhone;#TechTrends,485,170,59,San Francisco USA,Positive,0.86
10527,2026-03-01 14:34:30,USR_1526,user_128,Public transit delayed for the third time this week. Terrible service during peak hours!,#TransitFail;#CityLife,290,146,11,London UK,Negative,-0.71
10528,2026-03-01 14:35:15,USR_1527,user_129,Switching to solar energy for our home. The installation was smooth and efficient.,#GoGreen;#SolarEnergy;#Sustainability,566,153,41,Sydney Australia,Positive,0.81
10529,2026-03-01 14:36:00,USR_1528,user_130,"Tried the new vegan cafe downtown. Food was average, but the iced coffee was good.",#Foodie;#Vegan;#CafeVibes,561,61,58,Toronto Canada,Neutral,0.14
10530,2026-03-01 14:36:45,USR_1529,user_131,Market volatility is extremely high today. Make sure to manage your risks carefully.,#Crypto;#Finance;#Trading,176,170,22,New York USA,Neutral,-0.03
10531,2026-03-01 14:37:30,USR_1530,user_132,Morning 10k run completed! Feeling energized and ready to tackle the week ahead.,#Fitness;#RunnersHigh;#Health,320,48,40,Chicago USA,Positive,0.99
10532,2026-03-01 14:38:15,USR_1531,user_133,The movie trailer released today looks completely underwhelming. Expectations ruined.,#MovieNews;#CinemaFail,296,70,25,Los Angeles USA,Negative,-0.68
10533,2026-03-01 14:39:00,USR_1532,user_134,Landing in Tokyo! Super excited to explore the vibrant street food and culture.,#Travel;#Japan;#Wanderlust,400,126,33,Tokyo Japan,Positive,0.91
10534,2026-03-01 14:39:45,USR_1533,user_135,Large language models are transforming modern data processing workflows rapidly.,#AI;#MachineLearning;#BigData,473,92,42,Boston USA,Positive,0.73
10535,2026-03-01 14:40:30,USR_1534,user_136,Servers are down again during the tournament. Extremely frustrating update!,#Gaming;#ServerDown;#Esports,326,113,23,Austin USA,Negative,-0.87
10536,2026-03-01 14:41:15,USR_1535,user_137,Attended the annual cloud computing conference. So many great insights on distributed systems.,#CloudComputing;#DevOps;#TechConference,625,77,39,Seattle USA,Positive,0.88
10537,2026-03-01 14:42:00,USR_1536,user_138,Flight got canceled last minute without any reasonable explanation. Very disappointing service.,#AirlineFail;#TravelProblems,559,57,46,Atlanta USA,Negative,-0.82
10538,2026-03-01 14:42:45,USR_1537,user_139,Started reading a new science fiction novel. The plot is turning out to be super captivating.,#Books;#SciFi;#ReadingList,503,134,68,London UK,Positive,0.75
10539,2026-03-01 14:43:30,USR_1538,user_140,Electric vehicles are becoming more affordable and accessible every year.,#EV;#Automotive;#CleanEnergy,224,98,52,Berlin Germany,Positive,0.65
10540,2026-03-01 14:44:15,USR_1539,user_141,Heavy rain and flooding reported across the southern district. Stay safe everyone!,#WeatherAlert;#SafetyFirst,557,135,48,Mumbai India,Negative,-0.4
10541,2026-03-01 14:45:00,USR_1540,user_142,Upgraded to the new smartphone today! The camera speed and display are absolutely incredible.,#Tech;#NewPhone;#TechTrends,530,128,30,San Francisco USA,Positive,0.86
10542,2026-03-01 14:45:45,USR_1541,user_143,Public transit delayed for the third time this week. Terrible service during peak hours!,#TransitFail;#CityLife,245,125,16,London UK,Negative,-0.66
10543,2026-03-01 14:46:30,USR_1542,user_144,Switching to solar energy for our home. The installation was smooth and efficient.,#GoGreen;#SolarEnergy;#Sustainability,523,93,53,Sydney Australia,Positive,0.76
10544,2026-03-01 14:47:15,USR_1543,user_145,"Tried the new vegan cafe downtown. Food was average, but the iced coffee was good.",#Foodie;#Vegan;#CafeVibes,537,86,58,Toronto Canada,Neutral,0.2
10545,2026-03-01 14:48:00,USR_1544,user_146,Market volatility is extremely high today. Make sure to manage your risks carefully.,#Crypto;#Finance;#Trading,230,71,26,New York USA,Neutral,0.02
10546,2026-03-01 14:48:45,USR_1545,user_147,Morning 10k run completed! Feeling energized and ready to tackle the week ahead.,#Fitness;#RunnersHigh;#Health,301,99,49,Chicago USA,Positive,0.87
10547,2026-03-01 14:49:30,USR_1546,user_148,The movie trailer released today looks completely underwhelming. Expectations ruined.,#MovieNews;#CinemaFail,148,82,53,Los Angeles USA,Negative,-0.68
10548,2026-03-01 14:50:15,USR_1547,user_149,Landing in Tokyo! Super excited to explore the vibrant street food and culture.,#Travel;#Japan;#Wanderlust,537,48,60,Tokyo Japan,Positive,1.0
10549,2026-03-01 14:51:00,USR_1548,user_150,Large language models are transforming modern data processing workflows rapidly.,#AI;#MachineLearning;#BigData,570,114,19,Boston USA,Positive,0.65
10550,2026-03-01 14:51:45,USR_1549,user_151,Servers are down again during the tournament. Extremely frustrating update!,#Gaming;#ServerDown;#Esports,231,41,27,Austin USA,Negative,-0.77
10551,2026-03-01 14:52:30,USR_1550,user_152,Attended the annual cloud computing conference. So many great insights on distributed systems.,#CloudComputing;#DevOps;#TechConference,608,129,49,Seattle USA,Positive,0.78
10552,2026-03-01 14:53:15,USR_1551,user_153,Flight got canceled last minute without any reasonable explanation. Very disappointing service.,#AirlineFail;#TravelProblems,301,156,23,Atlanta USA,Negative,-0.9
10553,2026-03-01 14:54:00,USR_1552,user_154,Started reading a new science fiction novel. The plot is turning out to be super captivating.,#Books;#SciFi;#ReadingList,436,56,48,London UK,Positive,0.74
10554,2026-03-01 14:54:45,USR_1553,user_155,Electric vehicles are becoming more affordable and accessible every year.,#EV;#Automotive;#CleanEnergy,298,179,49,Berlin Germany,Positive,0.71
10555,2026-03-01 14:55:30,USR_1554,user_156,Heavy rain and flooding reported across the southern district. Stay safe everyone!,#WeatherAlert;#SafetyFirst,141,189,42,Mumbai India,Negative,-0.4
10556,2026-03-01 14:56:15,USR_1555,user_157,Upgraded to the new smartphone today! The camera speed and display are absolutely incredible.,#Tech;#NewPhone;#TechTrends,276,165,40,San Francisco USA,Positive,0.87
10557,2026-03-01 14:57:00,USR_1556,user_158,Public transit delayed for the third time this week. Terrible service during peak hours!,#TransitFail;#CityLife,209,132,30,London UK,Negative,-0.8
10558,2026-03-01 14:57:45,USR_1557,user_159,Switching to solar energy for our home. The installation was smooth and efficient.,#GoGreen;#SolarEnergy;#Sustainability,615,116,42,Sydney Australia,Positive,0.74
10559,2026-03-01 14:58:30,USR_1558,user_160,"Tried the new vegan cafe downtown. Food was average, but the iced coffee was good.",#Foodie;#Vegan;#CafeVibes,175,130,59,Toronto Canada,Neutral,0.23
10560,2026-03-01 14:59:15,USR_1559,user_161,Market volatility is extremely high today. Make sure to manage your risks carefully.,#Crypto;#Finance;#Trading,474,56,46,New York USA,Neutral,-0.11
10561,2026-03-01 15:00:00,USR_1560,user_162,Morning 10k run completed! Feeling energized and ready to tackle the week ahead.,#Fitness;#RunnersHigh;#Health,402,76,22,Chicago USA,Positive,0.98
10562,2026-03-01 15:00:45,USR_1561,user_163,The movie trailer released today looks completely underwhelming. Expectations ruined.,#MovieNews;#CinemaFail,319,57,35,Los Angeles USA,Negative,-0.66
10563,2026-03-01 15:01:30,USR_1562,user_164,Landing in Tokyo! Super excited to explore the vibrant street food and culture.,#Travel;#Japan;#Wanderlust,327,122,32,Tokyo Japan,Positive,0.97
10564,2026-03-01 15:02:15,USR_1563,user_165,Large language models are transforming modern data processing workflows rapidly.,#AI;#MachineLearning;#BigData,274,153,43,Boston USA,Positive,0.61
10565,2026-03-01 15:03:00,USR_1564,user_166,Servers are down again during the tournament. Extremely frustrating update!,#Gaming;#ServerDown;#Esports,206,182,17,Austin USA,Negative,-0.77
10566,2026-03-01 15:03:45,USR_1565,user_167,Attended the annual cloud computing conference. So many great insights on distributed systems.,#CloudComputing;#DevOps;#TechConference,301,66,37,Seattle USA,Positive,0.86
10567,2026-03-01 15:04:30,USR_1566,user_168,Flight got canceled last minute without any reasonable explanation. Very disappointing service.,#AirlineFail;#TravelProblems,509,151,40,Atlanta USA,Negative,-0.83
10568,2026-03-01 15:05:15,USR_1567,user_169,Started reading a new science fiction novel. The plot is turning out to be super captivating.,#Books;#SciFi;#ReadingList,176,122,43,London UK,Positive,0.68
10569,2026-03-01 15:06:00,USR_1568,user_170,Electric vehicles are becoming more affordable and accessible every year.,#EV;#Automotive;#CleanEnergy,353,135,21,Berlin Germany,Positive,0.69
10570,2026-03-01 15:06:45,USR_1569,user_171,Heavy rain and flooding reported across the southern district. Stay safe everyone!,#WeatherAlert;#SafetyFirst,640,63,51,Mumbai India,Negative,-0.44
10571,2026-03-01 15:07:30,USR_1570,user_172,Upgraded to the new smartphone today! The camera speed and display are absolutely incredible.,#Tech;#NewPhone;#TechTrends,361,127,14,San Francisco USA,Positive,0.91
10572,2026-03-01 15:08:15,USR_1571,user_173,Public transit delayed for the third time this week. Terrible service during peak hours!,#TransitFail;#CityLife,604,52,37,London UK,Negative,-0.78
10573,2026-03-01 15:09:00,USR_1572,user_174,Switching to solar energy for our home. The installation was smooth and efficient.,#GoGreen;#SolarEnergy;#Sustainability,297,105,40,Sydney Australia,Positive,0.78
10574,2026-03-01 15:09:45,USR_1573,user_175,"Tried the new vegan cafe downtown. Food was average, but the iced coffee was good.",#Foodie;#Vegan;#CafeVibes,175,95,24,Toronto Canada,Neutral,0.22
10575,2026-03-01 15:10:30,USR_1574,user_176,Market volatility is extremely high today. Make sure to manage your risks carefully.,#Crypto;#Finance;#Trading,607,166,20,New York USA,Neutral,0.01
10576,2026-03-01 15:11:15,USR_1575,user_177,Morning 10k run completed! Feeling energized and ready to tackle the week ahead.,#Fitness;#RunnersHigh;#Health,637,86,27,Chicago USA,Positive,0.98
10577,2026-03-01 15:12:00,USR_1576,user_178,The movie trailer released today looks completely underwhelming. Expectations ruined.,#MovieNews;#CinemaFail,524,134,28,Los Angeles USA,Negative,-0.57
10578,2026-03-01 15:12:45,USR_1577,user_179,Landing in Tokyo! Super excited to explore the vibrant street food and culture.,#Travel;#Japan;#Wanderlust,474,147,18,Tokyo Japan,Positive,1.0
10579,2026-03-01 15:13:30,USR_1578,user_180,Large language models are transforming modern data processing workflows rapidly.,#AI;#MachineLearning;#BigData,596,150,45,Boston USA,Positive,0.73
10580,2026-03-01 15:14:15,USR_1579,user_181,Servers are down again during the tournament. Extremely frustrating update!,#Gaming;#ServerDown;#Esports,187,65,47,Austin USA,Negative,-0.86
10581,2026-03-01 15:15:00,USR_1580,user_182,Attended the annual cloud computing conference. So many great insights on distributed systems.,#CloudComputing;#DevOps;#TechConference,489,112,43,Seattle USA,Positive,0.86
10582,2026-03-01 15:15:45,USR_1581,user_183,Flight got canceled last minute without any reasonable explanation. Very disappointing service.,#AirlineFail;#TravelProblems,304,41,65,Atlanta USA,Negative,-0.89
10583,2026-03-01 15:16:30,USR_1582,user_184,Started reading a new science fiction novel. The plot is turning out to be super captivating.,#Books;#SciFi;#ReadingList,267,83,18,London UK,Positive,0.72
10584,2026-03-01 15:17:15,USR_1583,user_185,Electric vehicles are becoming more affordable and accessible every year.,#EV;#Automotive;#CleanEnergy,487,99,58,Berlin Germany,Positive,0.74
10585,2026-03-01 15:18:00,USR_1584,user_186,Heavy rain and flooding reported across the southern district. Stay safe everyone!,#WeatherAlert;#SafetyFirst,225,96,68,Mumbai India,Negative,-0.42
10586,2026-03-01 15:18:45,USR_1585,user_187,Upgraded to the new smartphone today! The camera speed and display are absolutely incredible.,#Tech;#NewPhone;#TechTrends,554,136,17,San Francisco USA,Positive,0.78
10587,2026-03-01 15:19:30,USR_1586,user_188,Public transit delayed for the third time this week. Terrible service during peak hours!,#TransitFail;#CityLife,230,73,58,London UK,Negative,-0.64
10588,2026-03-01 15:20:15,USR_1587,user_189,Switching to solar energy for our home. The installation was smooth and efficient.,#GoGreen;#SolarEnergy;#Sustainability,361,130,24,Sydney Australia,Positive,0.78
10589,2026-03-01 15:21:00,USR_1588,user_190,"Tried the new vegan cafe downtown. Food was average, but the iced coffee was good.",#Foodie;#Vegan;#CafeVibes,519,46,33,Toronto Canada,Neutral,0.23
10590,2026-03-01 15:21:45,USR_1589,user_191,Market volatility is extremely high today. Make sure to manage your risks carefully.,#Crypto;#Finance;#Trading,370,135,51,New York USA,Neutral,-0.11
10591,2026-03-01 15:22:30,USR_1590,user_192,Morning 10k run completed! Feeling energized and ready to tackle the week ahead.,#Fitness;#RunnersHigh;#Health,502,160,23,Chicago USA,Positive,0.87
10592,2026-03-01 15:23:15,USR_1591,user_193,The movie trailer released today looks completely underwhelming. Expectations ruined.,#MovieNews;#CinemaFail,216,82,55,Los Angeles USA,Negative,-0.62
10593,2026-03-01 15:24:00,USR_1592,user_194,Landing in Tokyo! Super excited to explore the vibrant street food and culture.,#Travel;#Japan;#Wanderlust,341,180,19,Tokyo Japan,Positive,0.94
10594,2026-03-01 15:24:45,USR_1593,user_195,Large language models are transforming modern data processing workflows rapidly.,#AI;#MachineLearning;#BigData,330,117,47,Boston USA,Positive,0.73
10595,2026-03-01 15:25:30,USR_1594,user_196,Servers are down again during the tournament. Extremely frustrating update!,#Gaming;#ServerDown;#Esports,373,153,63,Austin USA,Negative,-0.89
10596,2026-03-01 15:26:15,USR_1595,user_197,Attended the annual cloud computing conference. So many great insights on distributed systems.,#CloudComputing;#DevOps;#TechConference,265,190,23,Seattle USA,Positive,0.85
10597,2026-03-01 15:27:00,USR_1596,user_198,Flight got canceled last minute without any reasonable explanation. Very disappointing service.,#AirlineFail;#TravelProblems,189,63,61,Atlanta USA,Negative,-0.8
10598,2026-03-01 15:27:45,USR_1597,user_199,Started reading a new science fiction novel. The plot is turning out to be super captivating.,#Books;#SciFi;#ReadingList,602,72,13,London UK,Positive,0.82
10599,2026-03-01 15:28:30,USR_1598,user_200,Electric vehicles are becoming more affordable and accessible every year.,#EV;#Automotive;#CleanEnergy,617,58,44,Berlin Germany,Positive,0.7
10600,2026-03-01 15:29:15,USR_1599,user_201,Heavy rain and flooding reported across the southern district. Stay safe everyone!,#WeatherAlert;#SafetyFirst,504,59,34,Mumbai India,Negative,-0.43
10601,2026-03-01 15:30:00,USR_1600,user_202,Upgraded to the new smartphone today! The camera speed and display are absolutely incredible.,#Tech;#NewPhone;#TechTrends,595,92,42,San Francisco USA,Positive,0.83
10602,2026-03-01 15:30:45,USR_1601,user_203,Public transit delayed for the third time this week. Terrible service during peak hours!,#TransitFail;#CityLife,484,171,41,London UK,Negative,-0.73
10603,2026-03-01 15:31:30,USR_1602,user_204,Switching to solar energy for our home. The installation was smooth and efficient.,#GoGreen;#SolarEnergy;#Sustainability,267,80,19,Sydney Australia,Positive,0.8
10604,2026-03-01 15:32:15,USR_1603,user_205,"Tried the new vegan cafe downtown. Food was average, but the iced coffee was good.",#Foodie;#Vegan;#CafeVibes,467,192,30,Toronto Canada,Neutral,0.11
10605,2026-03-01 15:33:00,USR_1604,user_206,Market volatility is extremely high today. Make sure to manage your risks carefully.,#Crypto;#Finance;#Trading,205,93,54,New York USA,Neutral,-0.09
10606,2026-03-01 15:33:45,USR_1605,user_207,Morning 10k run completed! Feeling energized and ready to tackle the week ahead.,#Fitness;#RunnersHigh;#Health,327,61,26,Chicago USA,Positive,0.88
10607,2026-03-01 15:34:30,USR_1606,user_208,The movie trailer released today looks completely underwhelming. Expectations ruined.,#MovieNews;#CinemaFail,415,139,56,Los Angeles USA,Negative,-0.71
10608,2026-03-01 15:35:15,USR_1607,user_209,Landing in Tokyo! Super excited to explore the vibrant street food and culture.,#Travel;#Japan;#Wanderlust,326,120,49,Tokyo Japan,Positive,0.94
10609,2026-03-01 15:36:00,USR_1608,user_210,Large language models are transforming modern data processing workflows rapidly.,#AI;#MachineLearning;#BigData,488,66,59,Boston USA,Positive,0.67
10610,2026-03-01 15:36:45,USR_1609,user_211,Servers are down again during the tournament. Extremely frustrating update!,#Gaming;#ServerDown;#Esports,202,91,56,Austin USA,Negative,-0.81
10611,2026-03-01 15:37:30,USR_1610,user_212,Attended the annual cloud computing conference. So many great insights on distributed systems.,#CloudComputing;#DevOps;#TechConference,397,162,49,Seattle USA,Positive,0.86
10612,2026-03-01 15:38:15,USR_1611,user_213,Flight got canceled last minute without any reasonable explanation. Very disappointing service.,#AirlineFail;#TravelProblems,198,42,27,Atlanta USA,Negative,-0.91
10613,2026-03-01 15:39:00,USR_1612,user_214,Started reading a new science fiction novel. The plot is turning out to be super captivating.,#Books;#SciFi;#ReadingList,384,128,24,London UK,Positive,0.67
10614,2026-03-01 15:39:45,USR_1613,user_215,Electric vehicles are becoming more affordable and accessible every year.,#EV;#Automotive;#CleanEnergy,360,141,14,Berlin Germany,Positive,0.63
10615,2026-03-01 15:40:30,USR_1614,user_216,Heavy rain and flooding reported across the southern district. Stay safe everyone!,#WeatherAlert;#SafetyFirst,518,152,64,Mumbai India,Negative,-0.42
10616,2026-03-01 15:41:15,USR_1615,user_217,Upgraded to the new smartphone today! The camera speed and display are absolutely incredible.,#Tech;#NewPhone;#TechTrends,486,87,19,San Francisco USA,Positive,0.9
10617,2026-03-01 15:42:00,USR_1616,user_218,Public transit delayed for the third time this week. Terrible service during peak hours!,#TransitFail;#CityLife,614,72,14,London UK,Negative,-0.71
10618,2026-03-01 15:42:45,USR_1617,user_219,Switching to solar energy for our home. The installation was smooth and efficient.,#GoGreen;#SolarEnergy;#Sustainability,439,96,24,Sydney Australia,Positive,0.75
10619,2026-03-01 15:43:30,USR_1618,user_220,"Tried the new vegan cafe downtown. Food was average, but the iced coffee was good.",#Foodie;#Vegan;#CafeVibes,275,188,32,Toronto Canada,Neutral,0.22
10620,2026-03-01 15:44:15,USR_1619,user_221,Market volatility is extremely high today. Make sure to manage your risks carefully.,#Crypto;#Finance;#Trading,514,147,23,New York USA,Neutral,-0.12
10621,2026-03-01 15:45:00,USR_1620,user_222,Morning 10k run completed! Feeling energized and ready to tackle the week ahead.,#Fitness;#RunnersHigh;#Health,658,133,31,Chicago USA,Positive,0.9
10622,2026-03-01 15:45:45,USR_1621,user_223,The movie trailer released today looks completely underwhelming. Expectations ruined.,#MovieNews;#CinemaFail,468,142,21,Los Angeles USA,Negative,-0.7
10623,2026-03-01 15:46:30,USR_1622,user_224,Landing in Tokyo! Super excited to explore the vibrant street food and culture.,#Travel;#Japan;#Wanderlust,615,106,50,Tokyo Japan,Positive,1.0
10624,2026-03-01 15:47:15,USR_1623,user_225,Large language models are transforming modern data processing workflows rapidly.,#AI;#MachineLearning;#BigData,342,169,46,Boston USA,Positive,0.69
10625,2026-03-01 15:48:00,USR_1624,user_226,Servers are down again during the tournament. Extremely frustrating update!,#Gaming;#ServerDown;#Esports,433,73,13,Austin USA,Negative,-0.77
10626,2026-03-01 15:48:45,USR_1625,user_227,Attended the annual cloud computing conference. So many great insights on distributed systems.,#CloudComputing;#DevOps;#TechConference,349,84,34,Seattle USA,Positive,0.76
10627,2026-03-01 15:49:30,USR_1626,user_228,Flight got canceled last minute without any reasonable explanation. Very disappointing service.,#AirlineFail;#TravelProblems,617,103,59,Atlanta USA,Negative,-0.93
10628,2026-03-01 15:50:15,USR_1627,user_229,Started reading a new science fiction novel. The plot is turning out to be super captivating.,#Books;#SciFi;#ReadingList,292,63,44,London UK,Positive,0.77
10629,2026-03-01 15:51:00,USR_1628,user_230,Electric vehicles are becoming more affordable and accessible every year.,#EV;#Automotive;#CleanEnergy,641,90,59,Berlin Germany,Positive,0.71
10630,2026-03-01 15:51:45,USR_1629,user_231,Heavy rain and flooding reported across the southern district. Stay safe everyone!,#WeatherAlert;#SafetyFirst,358,43,37,Mumbai India,Negative,-0.32
10631,2026-03-01 15:52:30,USR_1630,user_232,Upgraded to the new smartphone today! The camera speed and display are absolutely incredible.,#Tech;#NewPhone;#TechTrends,528,150,19,San Francisco USA,Positive,0.84
10632,2026-03-01 15:53:15,USR_1631,user_233,Public transit delayed for the third time this week. Terrible service during peak hours!,#TransitFail;#CityLife,607,144,30,London UK,Negative,-0.67
10633,2026-03-01 15:54:00,USR_1632,user_234,Switching to solar energy for our home. The installation was smooth and efficient.,#GoGreen;#SolarEnergy;#Sustainability,487,150,63,Sydney Australia,Positive,0.75
10634,2026-03-01 15:54:45,USR_1633,user_235,"Tried the new vegan cafe downtown. Food was average, but the iced coffee was good.",#Foodie;#Vegan;#CafeVibes,295,63,59,Toronto Canada,Neutral,0.18
10635,2026-03-01 15:55:30,USR_1634,user_236,Market volatility is extremely high today. Make sure to manage your risks carefully.,#Crypto;#Finance;#Trading,192,128,33,New York USA,Neutral,-0.1
10636,2026-03-01 15:56:15,USR_1635,user_237,Morning 10k run completed! Feeling energized and ready to tackle the week ahead.,#Fitness;#RunnersHigh;#Health,283,184,17,Chicago USA,Positive,0.89
10637,2026-03-01 15:57:00,USR_1636,user_238,The movie trailer released today looks completely underwhelming. Expectations ruined.,#MovieNews;#CinemaFail,539,107,21,Los Angeles USA,Negative,-0.64
10638,2026-03-01 15:57:45,USR_1637,user_239,Landing in Tokyo! Super excited to explore the vibrant street food and culture.,#Travel;#Japan;#Wanderlust,601,168,38,Tokyo Japan,Positive,0.91
10639,2026-03-01 15:58:30,USR_1638,user_240,Large language models are transforming modern data processing workflows rapidly.,#AI;#MachineLearning;#BigData,603,69,58,Boston USA,Positive,0.71
10640,2026-03-01 15:59:15,USR_1639,user_241,Servers are down again during the tournament. Extremely frustrating update!,#Gaming;#ServerDown;#Esports,627,30,68,Austin USA,Negative,-0.78
10641,2026-03-01 16:00:00,USR_1640,user_242,Attended the annual cloud computing conference. So many great insights on distributed systems.,#CloudComputing;#DevOps;#TechConference,458,62,50,Seattle USA,Positive,0.76
10642,2026-03-01 16:00:45,USR_1641,user_243,Flight got canceled last minute without any reasonable explanation. Very disappointing service.,#AirlineFail;#TravelProblems,217,64,44,Atlanta USA,Negative,-0.89
10643,2026-03-01 16:01:30,USR_1642,user_244,Started reading a new science fiction novel. The plot is turning out to be super captivating.,#Books;#SciFi;#ReadingList,489,123,61,London UK,Positive,0.8
10644,2026-03-01 16:02:15,USR_1643,user_245,Electric vehicles are becoming more affordable and accessible every year.,#EV;#Automotive;#CleanEnergy,210,72,41,Berlin Germany,Positive,0.73
10645,2026-03-01 16:03:00,USR_1644,user_246,Heavy rain and flooding reported across the southern district. Stay safe everyone!,#WeatherAlert;#SafetyFirst,540,70,60,Mumbai India,Negative,-0.38
10646,2026-03-01 16:03:45,USR_1645,user_247,Upgraded to the new smartphone today! The camera speed and display are absolutely incredible.,#Tech;#NewPhone;#TechTrends,647,72,64,San Francisco USA,Positive,0.8
10647,2026-03-01 16:04:30,USR_1646,user_248,Public transit delayed for the third time this week. Terrible service during peak hours!,#TransitFail;#CityLife,274,178,59,London UK,Negative,-0.73
10648,2026-03-01 16:05:15,USR_1647,user_249,Switching to solar energy for our home. The installation was smooth and efficient.,#GoGreen;#SolarEnergy;#Sustainability,225,109,46,Sydney Australia,Positive,0.75
10649,2026-03-01 16:06:00,USR_1648,user_250,"Tried the new vegan cafe downtown. Food was average, but the iced coffee was good.",#Foodie;#Vegan;#CafeVibes,564,135,48,Toronto Canada,Neutral,0.1
10650,2026-03-01 16:06:45,USR_1649,user_251,Market volatility is extremely high today. Make sure to manage your risks carefully.,#Crypto;#Finance;#Trading,521,182,47,New York USA,Neutral,-0.07
10651,2026-03-01 16:07:30,USR_1650,user_252,Morning 10k run completed! Feeling energized and ready to tackle the week ahead.,#Fitness;#RunnersHigh;#Health,639,146,49,Chicago USA,Positive,0.85
10652,2026-03-01 16:08:15,USR_1651,user_253,The movie trailer released today looks completely underwhelming. Expectations ruined.,#MovieNews;#CinemaFail,516,194,24,Los Angeles USA,Negative,-0.65
10653,2026-03-01 16:09:00,USR_1652,user_254,Landing in Tokyo! Super excited to explore the vibrant street food and culture.,#Travel;#Japan;#Wanderlust,230,82,14,Tokyo Japan,Positive,1.0
10654,2026-03-01 16:09:45,USR_1653,user_255,Large language models are transforming modern data processing workflows rapidly.,#AI;#MachineLearning;#BigData,620,109,65,Boston USA,Positive,0.67
10655,2026-03-01 16:10:30,USR_1654,user_256,Servers are down again during the tournament. Extremely frustrating update!,#Gaming;#ServerDown;#Esports,173,52,54,Austin USA,Negative,-0.82
10656,2026-03-01 16:11:15,USR_1655,user_257,Attended the annual cloud computing conference. So many great insights on distributed systems.,#CloudComputing;#DevOps;#TechConference,475,92,56,Seattle USA,Positive,0.79
10657,2026-03-01 16:12:00,USR_1656,user_258,Flight got canceled last minute without any reasonable explanation. Very disappointing service.,#AirlineFail;#TravelProblems,538,77,33,Atlanta USA,Negative,-0.82
10658,2026-03-01 16:12:45,USR_1657,user_259,Started reading a new science fiction novel. The plot is turning out to be super captivating.,#Books;#SciFi;#ReadingList,323,167,23,London UK,Positive,0.71
10659,2026-03-01 16:13:30,USR_1658,user_260,Electric vehicles are becoming more affordable and accessible every year.,#EV;#Automotive;#CleanEnergy,517,49,27,Berlin Germany,Positive,0.67
10660,2026-03-01 16:14:15,USR_1659,user_261,Heavy rain and flooding reported across the southern district. Stay safe everyone!,#WeatherAlert;#SafetyFirst,319,190,20,Mumbai India,Negative,-0.4
10661,2026-03-01 16:15:00,USR_1660,user_262,Upgraded to the new smartphone today! The camera speed and display are absolutely incredible.,#Tech;#NewPhone;#TechTrends,271,85,30,San Francisco USA,Positive,0.86
10662,2026-03-01 16:15:45,USR_1661,user_263,Public transit delayed for the third time this week. Terrible service during peak hours!,#TransitFail;#CityLife,247,174,48,London UK,Negative,-0.72
10663,2026-03-01 16:16:30,USR_1662,user_264,Switching to solar energy for our home. The installation was smooth and efficient.,#GoGreen;#SolarEnergy;#Sustainability,604,51,60,Sydney Australia,Positive,0.74
10664,2026-03-01 16:17:15,USR_1663,user_265,"Tried the new vegan cafe downtown. Food was average, but the iced coffee was good.",#Foodie;#Vegan;#CafeVibes,391,76,63,Toronto Canada,Neutral,0.09
10665,2026-03-01 16:18:00,USR_1664,user_266,Market volatility is extremely high today. Make sure to manage your risks carefully.,#Crypto;#Finance;#Trading,338,120,47,New York USA,Neutral,-0.0
10666,2026-03-01 16:18:45,USR_1665,user_267,Morning 10k run completed! Feeling energized and ready to tackle the week ahead.,#Fitness;#RunnersHigh;#Health,268,64,22,Chicago USA,Positive,0.88
10667,2026-03-01 16:19:30,USR_1666,user_268,The movie trailer released today looks completely underwhelming. Expectations ruined.,#MovieNews;#CinemaFail,637,48,42,Los Angeles USA,Negative,-0.58
10668,2026-03-01 16:20:15,USR_1667,user_269,Landing in Tokyo! Super excited to explore the vibrant street food and culture.,#Travel;#Japan;#Wanderlust,253,114,53,Tokyo Japan,Positive,0.97
10669,2026-03-01 16:21:00,USR_1668,user_270,Large language models are transforming modern data processing workflows rapidly.,#AI;#MachineLearning;#BigData,454,54,36,Boston USA,Positive,0.67
10670,2026-03-01 16:21:45,USR_1669,user_271,Servers are down again during the tournament. Extremely frustrating update!,#Gaming;#ServerDown;#Esports,201,140,43,Austin USA,Negative,-0.82
10671,2026-03-01 16:22:30,USR_1670,user_272,Attended the annual cloud computing conference. So many great insights on distributed systems.,#CloudComputing;#DevOps;#TechConference,488,189,36,Seattle USA,Positive,0.76
10672,2026-03-01 16:23:15,USR_1671,user_273,Flight got canceled last minute without any reasonable explanation. Very disappointing service.,#AirlineFail;#TravelProblems,574,134,43,Atlanta USA,Negative,-0.8
10673,2026-03-01 16:24:00,USR_1672,user_274,Started reading a new science fiction novel. The plot is turning out to be super captivating.,#Books;#SciFi;#ReadingList,275,97,57,London UK,Positive,0.76
10674,2026-03-01 16:24:45,USR_1673,user_275,Electric vehicles are becoming more affordable and accessible every year.,#EV;#Automotive;#CleanEnergy,480,108,42,Berlin Germany,Positive,0.68
10675,2026-03-01 16:25:30,USR_1674,user_276,Heavy rain and flooding reported across the southern district. Stay safe everyone!,#WeatherAlert;#SafetyFirst,467,85,20,Mumbai India,Negative,-0.44
10676,2026-03-01 16:26:15,USR_1675,user_277,Upgraded to the new smartphone today! The camera speed and display are absolutely incredible.,#Tech;#NewPhone;#TechTrends,200,183,33,San Francisco USA,Positive,0.79
10677,2026-03-01 16:27:00,USR_1676,user_278,Public transit delayed for the third time this week. Terrible service during peak hours!,#TransitFail;#CityLife,604,91,16,London UK,Negative,-0.66
10678,2026-03-01 16:27:45,USR_1677,user_279,Switching to solar energy for our home. The installation was smooth and efficient.,#GoGreen;#SolarEnergy;#Sustainability,541,164,21,Sydney Australia,Positive,0.76
10679,2026-03-01 16:28:30,USR_1678,user_280,"Tried the new vegan cafe downtown. Food was average, but the iced coffee was good.",#Foodie;#Vegan;#CafeVibes,171,123,64,Toronto Canada,Neutral,0.15
10680,2026-03-01 16:29:15,USR_1679,user_281,Market volatility is extremely high today. Make sure to manage your risks carefully.,#Crypto;#Finance;#Trading,343,110,30,New York USA,Neutral,-0.12
10681,2026-03-01 16:30:00,USR_1680,user_282,Morning 10k run completed! Feeling energized and ready to tackle the week ahead.,#Fitness;#RunnersHigh;#Health,534,52,45,Chicago USA,Positive,0.86
10682,2026-03-01 16:30:45,USR_1681,user_283,The movie trailer released today looks completely underwhelming. Expectations ruined.,#MovieNews;#CinemaFail,582,119,38,Los Angeles USA,Negative,-0.59
10683,2026-03-01 16:31:30,USR_1682,user_284,Landing in Tokyo! Super excited to explore the vibrant street food and culture.,#Travel;#Japan;#Wanderlust,296,89,49,Tokyo Japan,Positive,1.0
10684,2026-03-01 16:32:15,USR_1683,user_285,Large language models are transforming modern data processing workflows rapidly.,#AI;#MachineLearning;#BigData,266,180,51,Boston USA,Positive,0.7
10685,2026-03-01 16:33:00,USR_1684,user_286,Servers are down again during the tournament. Extremely frustrating update!,#Gaming;#ServerDown;#Esports,452,138,13,Austin USA,Negative,-0.83
10686,2026-03-01 16:33:45,USR_1685,user_287,Attended the annual cloud computing conference. So many great insights on distributed systems.,#CloudComputing;#DevOps;#TechConference,366,148,20,Seattle USA,Positive,0.89
10687,2026-03-01 16:34:30,USR_1686,user_288,Flight got canceled last minute without any reasonable explanation. Very disappointing service.,#AirlineFail;#TravelProblems,477,37,69,Atlanta USA,Negative,-0.85
10688,2026-03-01 16:35:15,USR_1687,user_289,Started reading a new science fiction novel. The plot is turning out to be super captivating.,#Books;#SciFi;#ReadingList,312,99,11,London UK,Positive,0.7
10689,2026-03-01 16:36:00,USR_1688,user_290,Electric vehicles are becoming more affordable and accessible every year.,#EV;#Automotive;#CleanEnergy,426,45,24,Berlin Germany,Positive,0.76
10690,2026-03-01 16:36:45,USR_1689,user_291,Heavy rain and flooding reported across the southern district. Stay safe everyone!,#WeatherAlert;#SafetyFirst,267,156,39,Mumbai India,Negative,-0.36
10691,2026-03-01 16:37:30,USR_1690,user_292,Upgraded to the new smartphone today! The camera speed and display are absolutely incredible.,#Tech;#NewPhone;#TechTrends,188,65,57,San Francisco USA,Positive,0.9
10692,2026-03-01 16:38:15,USR_1691,user_293,Public transit delayed for the third time this week. Terrible service during peak hours!,#TransitFail;#CityLife,152,72,17,London UK,Negative,-0.65
10693,2026-03-01 16:39:00,USR_1692,user_294,Switching to solar energy for our home. The installation was smooth and efficient.,#GoGreen;#SolarEnergy;#Sustainability,345,152,65,Sydney Australia,Positive,0.82
10694,2026-03-01 16:39:45,USR_1693,user_295,"Tried the new vegan cafe downtown. Food was average, but the iced coffee was good.",#Foodie;#Vegan;#CafeVibes,258,147,19,Toronto Canada,Neutral,0.16
10695,2026-03-01 16:40:30,USR_1694,user_296,Market volatility is extremely high today. Make sure to manage your risks carefully.,#Crypto;#Finance;#Trading,502,146,45,New York USA,Neutral,-0.11
10696,2026-03-01 16:41:15,USR_1695,user_297,Morning 10k run completed! Feeling energized and ready to tackle the week ahead.,#Fitness;#RunnersHigh;#Health,329,181,21,Chicago USA,Positive,0.99
10697,2026-03-01 16:42:00,USR_1696,user_298,The movie trailer released today looks completely underwhelming. Expectations ruined.,#MovieNews;#CinemaFail,423,149,59,Los Angeles USA,Negative,-0.67
10698,2026-03-01 16:42:45,USR_1697,user_299,Landing in Tokyo! Super excited to explore the vibrant street food and culture.,#Travel;#Japan;#Wanderlust,638,170,51,Tokyo Japan,Positive,0.95
10699,2026-03-01 16:43:30,USR_1698,user_300,Large language models are transforming modern data processing workflows rapidly.,#AI;#MachineLearning;#BigData,415,75,37,Boston USA,Positive,0.67
10700,2026-03-01 16:44:15,USR_1699,user_301,Servers are down again during the tournament. Extremely frustrating update!,#Gaming;#ServerDown;#Esports,166,73,58,Austin USA,Negative,-0.79
10701,2026-03-01 16:45:00,USR_1700,user_302,Attended the annual cloud computing conference. So many great insights on distributed systems.,#CloudComputing;#DevOps;#TechConference,373,86,58,Seattle USA,Positive,0.76
10702,2026-03-01 16:45:45,USR_1701,user_303,Flight got canceled last minute without any reasonable explanation. Very disappointing service.,#AirlineFail;#TravelProblems,260,136,60,Atlanta USA,Negative,-0.83
10703,2026-03-01 16:46:30,USR_1702,user_304,Started reading a new science fiction novel. The plot is turning out to be super captivating.,#Books;#SciFi;#ReadingList,401,62,46,London UK,Positive,0.82
10704,2026-03-01 16:47:15,USR_1703,user_305,Electric vehicles are becoming more affordable and accessible every year.,#EV;#Automotive;#CleanEnergy,440,164,41,Berlin Germany,Positive,0.64
10705,2026-03-01 16:48:00,USR_1704,user_306,Heavy rain and flooding reported across the southern district. Stay safe everyone!,#WeatherAlert;#SafetyFirst,622,146,25,Mumbai India,Negative,-0.32
10706,2026-03-01 16:48:45,USR_1705,user_307,Upgraded to the new smartphone today! The camera speed and display are absolutely incredible.,#Tech;#NewPhone;#TechTrends,552,186,20,San Francisco USA,Positive,0.82
10707,2026-03-01 16:49:30,USR_1706,user_308,Public transit delayed for the third time this week. Terrible service during peak hours!,#TransitFail;#CityLife,364,111,15,London UK,Negative,-0.67
10708,2026-03-01 16:50:15,USR_1707,user_309,Switching to solar energy for our home. The installation was smooth and efficient.,#GoGreen;#SolarEnergy;#Sustainability,245,177,41,Sydney Australia,Positive,0.83
10709,2026-03-01 16:51:00,USR_1708,user_310,"Tried the new vegan cafe downtown. Food was average, but the iced coffee was good.",#Foodie;#Vegan;#CafeVibes,552,79,38,Toronto Canada,Neutral,0.11
10710,2026-03-01 16:51:45,USR_1709,user_311,Market volatility is extremely high today. Make sure to manage your risks carefully.,#Crypto;#Finance;#Trading,160,55,19,New York USA,Neutral,-0.06
10711,2026-03-01 16:52:30,USR_1710,user_312,Morning 10k run completed! Feeling energized and ready to tackle the week ahead.,#Fitness;#RunnersHigh;#Health,562,140,26,Chicago USA,Positive,0.95
10712,2026-03-01 16:53:15,USR_1711,user_313,The movie trailer released today looks completely underwhelming. Expectations ruined.,#MovieNews;#CinemaFail,228,181,54,Los Angeles USA,Negative,-0.73
10713,2026-03-01 16:54:00,USR_1712,user_314,Landing in Tokyo! Super excited to explore the vibrant street food and culture.,#Travel;#Japan;#Wanderlust,346,170,22,Tokyo Japan,Positive,0.88
10714,2026-03-01 16:54:45,USR_1713,user_315,Large language models are transforming modern data processing workflows rapidly.,#AI;#MachineLearning;#BigData,457,65,56,Boston USA,Positive,0.61
10715,2026-03-01 16:55:30,USR_1714,user_316,Servers are down again during the tournament. Extremely frustrating update!,#Gaming;#ServerDown;#Esports,454,99,62,Austin USA,Negative,-0.81
10716,2026-03-01 16:56:15,USR_1715,user_317,Attended the annual cloud computing conference. So many great insights on distributed systems.,#CloudComputing;#DevOps;#TechConference,406,114,62,Seattle USA,Positive,0.85
10717,2026-03-01 16:57:00,USR_1716,user_318,Flight got canceled last minute without any reasonable explanation. Very disappointing service.,#AirlineFail;#TravelProblems,463,52,46,Atlanta USA,Negative,-0.9
10718,2026-03-01 16:57:45,USR_1717,user_319,Started reading a new science fiction novel. The plot is turning out to be super captivating.,#Books;#SciFi;#ReadingList,277,95,51,London UK,Positive,0.82
10719,2026-03-01 16:58:30,USR_1718,user_320,Electric vehicles are becoming more affordable and accessible every year.,#EV;#Automotive;#CleanEnergy,181,41,24,Berlin Germany,Positive,0.69
10720,2026-03-01 16:59:15,USR_1719,user_321,Heavy rain and flooding reported across the southern district. Stay safe everyone!,#WeatherAlert;#SafetyFirst,501,46,14,Mumbai India,Negative,-0.33
10721,2026-03-01 17:00:00,USR_1720,user_322,Upgraded to the new smartphone today! The camera speed and display are absolutely incredible.,#Tech;#NewPhone;#TechTrends,609,69,60,San Francisco USA,Positive,0.88
10722,2026-03-01 17:00:45,USR_1721,user_323,Public transit delayed for the third time this week. Terrible service during peak hours!,#TransitFail;#CityLife,596,187,51,London UK,Negative,-0.68
10723,2026-03-01 17:01:30,USR_1722,user_324,Switching to solar energy for our home. The installation was smooth and efficient.,#GoGreen;#SolarEnergy;#Sustainability,176,74,35,Sydney Australia,Positive,0.82
10724,2026-03-01 17:02:15,USR_1723,user_325,"Tried the new vegan cafe downtown. Food was average, but the iced coffee was good.",#Foodie;#Vegan;#CafeVibes,145,82,28,Toronto Canada,Neutral,0.16
10725,2026-03-01 17:03:00,USR_1724,user_326,Market volatility is extremely high today. Make sure to manage your risks carefully.,#Crypto;#Finance;#Trading,347,126,41,New York USA,Neutral,-0.03
10726,2026-03-01 17:03:45,USR_1725,user_327,Morning 10k run completed! Feeling energized and ready to tackle the week ahead.,#Fitness;#RunnersHigh;#Health,376,144,59,Chicago USA,Positive,0.92
10727,2026-03-01 17:04:30,USR_1726,user_328,The movie trailer released today looks completely underwhelming. Expectations ruined.,#MovieNews;#CinemaFail,402,91,42,Los Angeles USA,Negative,-0.58
10728,2026-03-01 17:05:15,USR_1727,user_329,Landing in Tokyo! Super excited to explore the vibrant street food and culture.,#Travel;#Japan;#Wanderlust,314,151,17,Tokyo Japan,Positive,0.91
10729,2026-03-01 17:06:00,USR_1728,user_330,Large language models are transforming modern data processing workflows rapidly.,#AI;#MachineLearning;#BigData,467,129,29,Boston USA,Positive,0.69
10730,2026-03-01 17:06:45,USR_1729,user_331,Servers are down again during the tournament. Extremely frustrating update!,#Gaming;#ServerDown;#Esports,608,106,48,Austin USA,Negative,-0.82
10731,2026-03-01 17:07:30,USR_1730,user_332,Attended the annual cloud computing conference. So many great insights on distributed systems.,#CloudComputing;#DevOps;#TechConference,166,133,12,Seattle USA,Positive,0.77
10732,2026-03-01 17:08:15,USR_1731,user_333,Flight got canceled last minute without any reasonable explanation. Very disappointing service.,#AirlineFail;#TravelProblems,582,80,65,Atlanta USA,Negative,-0.93
10733,2026-03-01 17:09:00,USR_1732,user_334,Started reading a new science fiction novel. The plot is turning out to be super captivating.,#Books;#SciFi;#ReadingList,524,157,39,London UK,Positive,0.81
10734,2026-03-01 17:09:45,USR_1733,user_335,Electric vehicles are becoming more affordable and accessible every year.,#EV;#Automotive;#CleanEnergy,176,110,30,Berlin Germany,Positive,0.77
10735,2026-03-01 17:10:30,USR_1734,user_336,Heavy rain and flooding reported across the southern district. Stay safe everyone!,#WeatherAlert;#SafetyFirst,474,159,53,Mumbai India,Negative,-0.37
10736,2026-03-01 17:11:15,USR_1735,user_337,Upgraded to the new smartphone today! The camera speed and display are absolutely incredible.,#Tech;#NewPhone;#TechTrends,510,168,46,San Francisco USA,Positive,0.78
10737,2026-03-01 17:12:00,USR_1736,user_338,Public transit delayed for the third time this week. Terrible service during peak hours!,#TransitFail;#CityLife,356,141,59,London UK,Negative,-0.77
10738,2026-03-01 17:12:45,USR_1737,user_339,Switching to solar energy for our home. The installation was smooth and efficient.,#GoGreen;#SolarEnergy;#Sustainability,610,56,25,Sydney Australia,Positive,0.71
10739,2026-03-01 17:13:30,USR_1738,user_340,"Tried the new vegan cafe downtown. Food was average, but the iced coffee was good.",#Foodie;#Vegan;#CafeVibes,347,132,49,Toronto Canada,Neutral,0.14
10740,2026-03-01 17:14:15,USR_1739,user_341,Market volatility is extremely high today. Make sure to manage your risks carefully.,#Crypto;#Finance;#Trading,499,162,26,New York USA,Neutral,-0.03
10741,2026-03-01 17:15:00,USR_1740,user_342,Morning 10k run completed! Feeling energized and ready to tackle the week ahead.,#Fitness;#RunnersHigh;#Health,348,104,21,Chicago USA,Positive,0.94
10742,2026-03-01 17:15:45,USR_1741,user_343,The movie trailer released today looks completely underwhelming. Expectations ruined.,#MovieNews;#CinemaFail,431,71,30,Los Angeles USA,Negative,-0.69
10743,2026-03-01 17:16:30,USR_1742,user_344,Landing in Tokyo! Super excited to explore the vibrant street food and culture.,#Travel;#Japan;#Wanderlust,577,108,57,Tokyo Japan,Positive,0.96
10744,2026-03-01 17:17:15,USR_1743,user_345,Large language models are transforming modern data processing workflows rapidly.,#AI;#MachineLearning;#BigData,262,46,35,Boston USA,Positive,0.67
10745,2026-03-01 17:18:00,USR_1744,user_346,Servers are down again during the tournament. Extremely frustrating update!,#Gaming;#ServerDown;#Esports,643,176,55,Austin USA,Negative,-0.87
10746,2026-03-01 17:18:45,USR_1745,user_347,Attended the annual cloud computing conference. So many great insights on distributed systems.,#CloudComputing;#DevOps;#TechConference,514,63,33,Seattle USA,Positive,0.77
10747,2026-03-01 17:19:30,USR_1746,user_348,Flight got canceled last minute without any reasonable explanation. Very disappointing service.,#AirlineFail;#TravelProblems,271,88,57,Atlanta USA,Negative,-0.83
10748,2026-03-01 17:20:15,USR_1747,user_349,Started reading a new science fiction novel. The plot is turning out to be super captivating.,#Books;#SciFi;#ReadingList,381,172,13,London UK,Positive,0.78
10749,2026-03-01 17:21:00,USR_1748,user_350,Electric vehicles are becoming more affordable and accessible every year.,#EV;#Automotive;#CleanEnergy,199,76,56,Berlin Germany,Positive,0.69
10750,2026-03-01 17:21:45,USR_1749,user_351,Heavy rain and flooding reported across the southern district. Stay safe everyone!,#WeatherAlert;#SafetyFirst,217,172,19,Mumbai India,Negative,-0.34
10751,2026-03-01 17:22:30,USR_1750,user_352,Upgraded to the new smartphone today! The camera speed and display are absolutely incredible.,#Tech;#NewPhone;#TechTrends,339,86,47,San Francisco USA,Positive,0.87
10752,2026-03-01 17:23:15,USR_1751,user_353,Public transit delayed for the third time this week. Terrible service during peak hours!,#TransitFail;#CityLife,631,82,29,London UK,Negative,-0.69
10753,2026-03-01 17:24:00,USR_1752,user_354,Switching to solar energy for our home. The installation was smooth and efficient.,#GoGreen;#SolarEnergy;#Sustainability,388,181,19,Sydney Australia,Positive,0.72
10754,2026-03-01 17:24:45,USR_1753,user_355,"Tried the new vegan cafe downtown. Food was average, but the iced coffee was good.",#Foodie;#Vegan;#CafeVibes,582,65,22,Toronto Canada,Neutral,0.09
10755,2026-03-01 17:25:30,USR_1754,user_356,Market volatility is extremely high today. Make sure to manage your risks carefully.,#Crypto;#Finance;#Trading,583,163,47,New York USA,Neutral,-0.02
10756,2026-03-01 17:26:15,USR_1755,user_357,Morning 10k run completed! Feeling energized and ready to tackle the week ahead.,#Fitness;#RunnersHigh;#Health,614,52,50,Chicago USA,Positive,0.92
10757,2026-03-01 17:27:00,USR_1756,user_358,The movie trailer released today looks completely underwhelming. Expectations ruined.,#MovieNews;#CinemaFail,226,169,28,Los Angeles USA,Negative,-0.6
10758,2026-03-01 17:27:45,USR_1757,user_359,Landing in Tokyo! Super excited to explore the vibrant street food and culture.,#Travel;#Japan;#Wanderlust,618,81,40,Tokyo Japan,Positive,0.98
10759,2026-03-01 17:28:30,USR_1758,user_360,Large language models are transforming modern data processing workflows rapidly.,#AI;#MachineLearning;#BigData,616,160,19,Boston USA,Positive,0.72
10760,2026-03-01 17:29:15,USR_1759,user_361,Servers are down again during the tournament. Extremely frustrating update!,#Gaming;#ServerDown;#Esports,506,55,43,Austin USA,Negative,-0.83
10761,2026-03-01 17:30:00,USR_1760,user_362,Attended the annual cloud computing conference. So many great insights on distributed systems.,#CloudComputing;#DevOps;#TechConference,403,77,46,Seattle USA,Positive,0.88
10762,2026-03-01 17:30:45,USR_1761,user_363,Flight got canceled last minute without any reasonable explanation. Very disappointing service.,#AirlineFail;#TravelProblems,504,164,47,Atlanta USA,Negative,-0.95
10763,2026-03-01 17:31:30,USR_1762,user_364,Started reading a new science fiction novel. The plot is turning out to be super captivating.,#Books;#SciFi;#ReadingList,291,83,14,London UK,Positive,0.8
10764,2026-03-01 17:32:15,USR_1763,user_365,Electric vehicles are becoming more affordable and accessible every year.,#EV;#Automotive;#CleanEnergy,623,170,16,Berlin Germany,Positive,0.66
10765,2026-03-01 17:33:00,USR_1764,user_366,Heavy rain and flooding reported across the southern district. Stay safe everyone!,#WeatherAlert;#SafetyFirst,421,113,52,Mumbai India,Negative,-0.44
10766,2026-03-01 17:33:45,USR_1765,user_367,Upgraded to the new smartphone today! The camera speed and display are absolutely incredible.,#Tech;#NewPhone;#TechTrends,403,62,30,San Francisco USA,Positive,0.88
10767,2026-03-01 17:34:30,USR_1766,user_368,Public transit delayed for the third time this week. Terrible service during peak hours!,#TransitFail;#CityLife,281,161,65,London UK,Negative,-0.79
10768,2026-03-01 17:35:15,USR_1767,user_369,Switching to solar energy for our home. The installation was smooth and efficient.,#GoGreen;#SolarEnergy;#Sustainability,372,154,28,Sydney Australia,Positive,0.78
10769,2026-03-01 17:36:00,USR_1768,user_370,"Tried the new vegan cafe downtown. Food was average, but the iced coffee was good.",#Foodie;#Vegan;#CafeVibes,400,151,12,Toronto Canada,Neutral,0.19
10770,2026-03-01 17:36:45,USR_1769,user_371,Market volatility is extremely high today. Make sure to manage your risks carefully.,#Crypto;#Finance;#Trading,639,82,45,New York USA,Neutral,-0.06
10771,2026-03-01 17:37:30,USR_1770,user_372,Morning 10k run completed! Feeling energized and ready to tackle the week ahead.,#Fitness;#RunnersHigh;#Health,418,126,27,Chicago USA,Positive,0.89
10772,2026-03-01 17:38:15,USR_1771,user_373,The movie trailer released today looks completely underwhelming. Expectations ruined.,#MovieNews;#CinemaFail,375,112,18,Los Angeles USA,Negative,-0.67
10773,2026-03-01 17:39:00,USR_1772,user_374,Landing in Tokyo! Super excited to explore the vibrant street food and culture.,#Travel;#Japan;#Wanderlust,199,121,44,Tokyo Japan,Positive,0.95
10774,2026-03-01 17:39:45,USR_1773,user_375,Large language models are transforming modern data processing workflows rapidly.,#AI;#MachineLearning;#BigData,439,169,17,Boston USA,Positive,0.63
10775,2026-03-01 17:40:30,USR_1774,user_376,Servers are down again during the tournament. Extremely frustrating update!,#Gaming;#ServerDown;#Esports,601,133,54,Austin USA,Negative,-0.76
10776,2026-03-01 17:41:15,USR_1775,user_377,Attended the annual cloud computing conference. So many great insights on distributed systems.,#CloudComputing;#DevOps;#TechConference,231,139,30,Seattle USA,Positive,0.87
10777,2026-03-01 17:42:00,USR_1776,user_378,Flight got canceled last minute without any reasonable explanation. Very disappointing service.,#AirlineFail;#TravelProblems,282,102,36,Atlanta USA,Negative,-0.81
10778,2026-03-01 17:42:45,USR_1777,user_379,Started reading a new science fiction novel. The plot is turning out to be super captivating.,#Books;#SciFi;#ReadingList,481,113,48,London UK,Positive,0.73
10779,2026-03-01 17:43:30,USR_1778,user_380,Electric vehicles are becoming more affordable and accessible every year.,#EV;#Automotive;#CleanEnergy,301,151,42,Berlin Germany,Positive,0.66
10780,2026-03-01 17:44:15,USR_1779,user_381,Heavy rain and flooding reported across the southern district. Stay safe everyone!,#WeatherAlert;#SafetyFirst,421,148,54,Mumbai India,Negative,-0.35
10781,2026-03-01 17:45:00,USR_1780,user_382,Upgraded to the new smartphone today! The camera speed and display are absolutely incredible.,#Tech;#NewPhone;#TechTrends,175,101,62,San Francisco USA,Positive,0.84
10782,2026-03-01 17:45:45,USR_1781,user_383,Public transit delayed for the third time this week. Terrible service during peak hours!,#TransitFail;#CityLife,363,121,12,London UK,Negative,-0.71
10783,2026-03-01 17:46:30,USR_1782,user_384,Switching to solar energy for our home. The installation was smooth and efficient.,#GoGreen;#SolarEnergy;#Sustainability,538,133,51,Sydney Australia,Positive,0.8
10784,2026-03-01 17:47:15,USR_1783,user_385,"Tried the new vegan cafe downtown. Food was average, but the iced coffee was good.",#Foodie;#Vegan;#CafeVibes,652,145,8,Toronto Canada,Neutral,0.09
10785,2026-03-01 17:48:00,USR_1784,user_386,Market volatility is extremely high today. Make sure to manage your risks carefully.,#Crypto;#Finance;#Trading,509,97,37,New York USA,Neutral,-0.13
10786,2026-03-01 17:48:45,USR_1785,user_387,Morning 10k run completed! Feeling energized and ready to tackle the week ahead.,#Fitness;#RunnersHigh;#Health,321,169,48,Chicago USA,Positive,0.86
10787,2026-03-01 17:49:30,USR_1786,user_388,The movie trailer released today looks completely underwhelming. Expectations ruined.,#MovieNews;#CinemaFail,384,121,53,Los Angeles USA,Negative,-0.68
10788,2026-03-01 17:50:15,USR_1787,user_389,Landing in Tokyo! Super excited to explore the vibrant street food and culture.,#Travel;#Japan;#Wanderlust,612,142,27,Tokyo Japan,Positive,0.9
10789,2026-03-01 17:51:00,USR_1788,user_390,Large language models are transforming modern data processing workflows rapidly.,#AI;#MachineLearning;#BigData,393,87,24,Boston USA,Positive,0.7
10790,2026-03-01 17:51:45,USR_1789,user_391,Servers are down again during the tournament. Extremely frustrating update!,#Gaming;#ServerDown;#Esports,547,78,19,Austin USA,Negative,-0.82
10791,2026-03-01 17:52:30,USR_1790,user_392,Attended the annual cloud computing conference. So many great insights on distributed systems.,#CloudComputing;#DevOps;#TechConference,209,122,16,Seattle USA,Positive,0.8
10792,2026-03-01 17:53:15,USR_1791,user_393,Flight got canceled last minute without any reasonable explanation. Very disappointing service.,#AirlineFail;#TravelProblems,642,144,57,Atlanta USA,Negative,-0.82
10793,2026-03-01 17:54:00,USR_1792,user_394,Started reading a new science fiction novel. The plot is turning out to be super captivating.,#Books;#SciFi;#ReadingList,366,39,52,London UK,Positive,0.76
10794,2026-03-01 17:54:45,USR_1793,user_395,Electric vehicles are becoming more affordable and accessible every year.,#EV;#Automotive;#CleanEnergy,607,82,36,Berlin Germany,Positive,0.67
10795,2026-03-01 17:55:30,USR_1794,user_396,Heavy rain and flooding reported across the southern district. Stay safe everyone!,#WeatherAlert;#SafetyFirst,502,113,37,Mumbai India,Negative,-0.41
10796,2026-03-01 17:56:15,USR_1795,user_397,Upgraded to the new smartphone today! The camera speed and display are absolutely incredible.,#Tech;#NewPhone;#TechTrends,647,76,58,San Francisco USA,Positive,0.78
10797,2026-03-01 17:57:00,USR_1796,user_398,Public transit delayed for the third time this week. Terrible service during peak hours!,#TransitFail;#CityLife,229,112,40,London UK,Negative,-0.74
10798,2026-03-01 17:57:45,USR_1797,user_399,Switching to solar energy for our home. The installation was smooth and efficient.,#GoGreen;#SolarEnergy;#Sustainability,181,82,18,Sydney Australia,Positive,0.74
10799,2026-03-01 17:58:30,USR_1798,user_400,"Tried the new vegan cafe downtown. Food was average, but the iced coffee was good.",#Foodie;#Vegan;#CafeVibes,613,49,16,Toronto Canada,Neutral,0.11
10800,2026-03-01 17:59:15,USR_1799,user_401,Market volatility is extremely high today. Make sure to manage your risks carefully.,#Crypto;#Finance;#Trading,494,132,22,New York USA,Neutral,-0.03
10801,2026-03-01 18:00:00,USR_1800,user_402,Morning 10k run completed! Feeling energized and ready to tackle the week ahead.,#Fitness;#RunnersHigh;#Health,561,140,43,Chicago USA,Positive,0.9
10802,2026-03-01 18:00:45,USR_1801,user_403,The movie trailer released today looks completely underwhelming. Expectations ruined.,#MovieNews;#CinemaFail,210,117,60,Los Angeles USA,Negative,-0.64
10803,2026-03-01 18:01:30,USR_1802,user_404,Landing in Tokyo! Super excited to explore the vibrant street food and culture.,#Travel;#Japan;#Wanderlust,635,72,22,Tokyo Japan,Positive,1.0
10804,2026-03-01 18:02:15,USR_1803,user_405,Large language models are transforming modern data processing workflows rapidly.,#AI;#MachineLearning;#BigData,378,50,32,Boston USA,Positive,0.74
10805,2026-03-01 18:03:00,USR_1804,user_406,Servers are down again during the tournament. Extremely frustrating update!,#Gaming;#ServerDown;#Esports,613,125,36,Austin USA,Negative,-0.83
10806,2026-03-01 18:03:45,USR_1805,user_407,Attended the annual cloud computing conference. So many great insights on distributed systems.,#CloudComputing;#DevOps;#TechConference,309,86,11,Seattle USA,Positive,0.8
10807,2026-03-01 18:04:30,USR_1806,user_408,Flight got canceled last minute without any reasonable explanation. Very disappointing service.,#AirlineFail;#TravelProblems,357,142,26,Atlanta USA,Negative,-0.89
10808,2026-03-01 18:05:15,USR_1807,user_409,Started reading a new science fiction novel. The plot is turning out to be super captivating.,#Books;#SciFi;#ReadingList,642,145,28,London UK,Positive,0.76
10809,2026-03-01 18:06:00,USR_1808,user_410,Electric vehicles are becoming more affordable and accessible every year.,#EV;#Automotive;#CleanEnergy,178,94,53,Berlin Germany,Positive,0.68
10810,2026-03-01 18:06:45,USR_1809,user_411,Heavy rain and flooding reported across the southern district. Stay safe everyone!,#WeatherAlert;#SafetyFirst,590,185,45,Mumbai India,Negative,-0.37
10811,2026-03-01 18:07:30,USR_1810,user_412,Upgraded to the new smartphone today! The camera speed and display are absolutely incredible.,#Tech;#NewPhone;#TechTrends,406,125,32,San Francisco USA,Positive,0.81
10812,2026-03-01 18:08:15,USR_1811,user_413,Public transit delayed for the third time this week. Terrible service during peak hours!,#TransitFail;#CityLife,671,89,43,London UK,Negative,-0.76
10813,2026-03-01 18:09:00,USR_1812,user_414,Switching to solar energy for our home. The installation was smooth and efficient.,#GoGreen;#SolarEnergy;#Sustainability,632,148,27,Sydney Australia,Positive,0.78
10814,2026-03-01 18:09:45,USR_1813,user_415,"Tried the new vegan cafe downtown. Food was average, but the iced coffee was good.",#Foodie;#Vegan;#CafeVibes,407,89,47,Toronto Canada,Neutral,0.18
10815,2026-03-01 18:10:30,USR_1814,user_416,Market volatility is extremely high today. Make sure to manage your risks carefully.,#Crypto;#Finance;#Trading,557,106,60,New York USA,Neutral,-0.06
10816,2026-03-01 18:11:15,USR_1815,user_417,Morning 10k run completed! Feeling energized and ready to tackle the week ahead.,#Fitness;#RunnersHigh;#Health,558,126,16,Chicago USA,Positive,0.95
10817,2026-03-01 18:12:00,USR_1816,user_418,The movie trailer released today looks completely underwhelming. Expectations ruined.,#MovieNews;#CinemaFail,273,58,35,Los Angeles USA,Negative,-0.58
10818,2026-03-01 18:12:45,USR_1817,user_419,Landing in Tokyo! Super excited to explore the vibrant street food and culture.,#Travel;#Japan;#Wanderlust,245,160,54,Tokyo Japan,Positive,1.0
10819,2026-03-01 18:13:30,USR_1818,user_420,Large language models are transforming modern data processing workflows rapidly.,#AI;#MachineLearning;#BigData,243,56,19,Boston USA,Positive,0.68
10820,2026-03-01 18:14:15,USR_1819,user_421,Servers are down again during the tournament. Extremely frustrating update!,#Gaming;#ServerDown;#Esports,485,116,46,Austin USA,Negative,-0.81
10821,2026-03-01 18:15:00,USR_1820,user_422,Attended the annual cloud computing conference. So many great insights on distributed systems.,#CloudComputing;#DevOps;#TechConference,316,50,65,Seattle USA,Positive,0.88
10822,2026-03-01 18:15:45,USR_1821,user_423,Flight got canceled last minute without any reasonable explanation. Very disappointing service.,#AirlineFail;#TravelProblems,356,76,20,Atlanta USA,Negative,-0.82
10823,2026-03-01 18:16:30,USR_1822,user_424,Started reading a new science fiction novel. The plot is turning out to be super captivating.,#Books;#SciFi;#ReadingList,618,61,55,London UK,Positive,0.74
10824,2026-03-01 18:17:15,USR_1823,user_425,Electric vehicles are becoming more affordable and accessible every year.,#EV;#Automotive;#CleanEnergy,616,39,17,Berlin Germany,Positive,0.66
10825,2026-03-01 18:18:00,USR_1824,user_426,Heavy rain and flooding reported across the southern district. Stay safe everyone!,#WeatherAlert;#SafetyFirst,591,42,25,Mumbai India,Negative,-0.47
10826,2026-03-01 18:18:45,USR_1825,user_427,Upgraded to the new smartphone today! The camera speed and display are absolutely incredible.,#Tech;#NewPhone;#TechTrends,580,136,26,San Francisco USA,Positive,0.88
10827,2026-03-01 18:19:30,USR_1826,user_428,Public transit delayed for the third time this week. Terrible service during peak hours!,#TransitFail;#CityLife,167,137,31,London UK,Negative,-0.77
10828,2026-03-01 18:20:15,USR_1827,user_429,Switching to solar energy for our home. The installation was smooth and efficient.,#GoGreen;#SolarEnergy;#Sustainability,159,181,49,Sydney Australia,Positive,0.83
10829,2026-03-01 18:21:00,USR_1828,user_430,"Tried the new vegan cafe downtown. Food was average, but the iced coffee was good.",#Foodie;#Vegan;#CafeVibes,605,162,21,Toronto Canada,Neutral,0.16
10830,2026-03-01 18:21:45,USR_1829,user_431,Market volatility is extremely high today. Make sure to manage your risks carefully.,#Crypto;#Finance;#Trading,605,73,35,New York USA,Neutral,-0.05
10831,2026-03-01 18:22:30,USR_1830,user_432,Morning 10k run completed! Feeling energized and ready to tackle the week ahead.,#Fitness;#RunnersHigh;#Health,193,146,49,Chicago USA,Positive,0.94
10832,2026-03-01 18:23:15,USR_1831,user_433,The movie trailer released today looks completely underwhelming. Expectations ruined.,#MovieNews;#CinemaFail,324,126,63,Los Angeles USA,Negative,-0.61
10833,2026-03-01 18:24:00,USR_1832,user_434,Landing in Tokyo! Super excited to explore the vibrant street food and culture.,#Travel;#Japan;#Wanderlust,377,183,29,Tokyo Japan,Positive,0.97
10834,2026-03-01 18:24:45,USR_1833,user_435,Large language models are transforming modern data processing workflows rapidly.,#AI;#MachineLearning;#BigData,257,91,41,Boston USA,Positive,0.69
10835,2026-03-01 18:25:30,USR_1834,user_436,Servers are down again during the tournament. Extremely frustrating update!,#Gaming;#ServerDown;#Esports,490,52,19,Austin USA,Negative,-0.83
10836,2026-03-01 18:26:15,USR_1835,user_437,Attended the annual cloud computing conference. So many great insights on distributed systems.,#CloudComputing;#DevOps;#TechConference,640,84,35,Seattle USA,Positive,0.76
10837,2026-03-01 18:27:00,USR_1836,user_438,Flight got canceled last minute without any reasonable explanation. Very disappointing service.,#AirlineFail;#TravelProblems,451,129,39,Atlanta USA,Negative,-0.94
10838,2026-03-01 18:27:45,USR_1837,user_439,Started reading a new science fiction novel. The plot is turning out to be super captivating.,#Books;#SciFi;#ReadingList,422,110,51,London UK,Positive,0.72
10839,2026-03-01 18:28:30,USR_1838,user_440,Electric vehicles are becoming more affordable and accessible every year.,#EV;#Automotive;#CleanEnergy,162,166,32,Berlin Germany,Positive,0.63
10840,2026-03-01 18:29:15,USR_1839,user_441,Heavy rain and flooding reported across the southern district. Stay safe everyone!,#WeatherAlert;#SafetyFirst,471,169,59,Mumbai India,Negative,-0.48
10841,2026-03-01 18:30:00,USR_1840,user_442,Upgraded to the new smartphone today! The camera speed and display are absolutely incredible.,#Tech;#NewPhone;#TechTrends,184,169,25,San Francisco USA,Positive,0.78
10842,2026-03-01 18:30:45,USR_1841,user_443,Public transit delayed for the third time this week. Terrible service during peak hours!,#TransitFail;#CityLife,623,164,34,London UK,Negative,-0.76
10843,2026-03-01 18:31:30,USR_1842,user_444,Switching to solar energy for our home. The installation was smooth and efficient.,#GoGreen;#SolarEnergy;#Sustainability,246,160,17,Sydney Australia,Positive,0.81
10844,2026-03-01 18:32:15,USR_1843,user_445,"Tried the new vegan cafe downtown. Food was average, but the iced coffee was good.",#Foodie;#Vegan;#CafeVibes,288,48,26,Toronto Canada,Neutral,0.09
10845,2026-03-01 18:33:00,USR_1844,user_446,Market volatility is extremely high today. Make sure to manage your risks carefully.,#Crypto;#Finance;#Trading,231,142,42,New York USA,Neutral,-0.1
10846,2026-03-01 18:33:45,USR_1845,user_447,Morning 10k run completed! Feeling energized and ready to tackle the week ahead.,#Fitness;#RunnersHigh;#Health,307,172,54,Chicago USA,Positive,0.92
10847,2026-03-01 18:34:30,USR_1846,user_448,The movie trailer released today looks completely underwhelming. Expectations ruined.,#MovieNews;#CinemaFail,485,174,56,Los Angeles USA,Negative,-0.68
10848,2026-03-01 18:35:15,USR_1847,user_449,Landing in Tokyo! Super excited to explore the vibrant street food and culture.,#Travel;#Japan;#Wanderlust,367,181,13,Tokyo Japan,Positive,0.92
10849,2026-03-01 18:36:00,USR_1848,user_450,Large language models are transforming modern data processing workflows rapidly.,#AI;#MachineLearning;#BigData,251,84,42,Boston USA,Positive,0.64
10850,2026-03-01 18:36:45,USR_1849,user_451,Servers are down again during the tournament. Extremely frustrating update!,#Gaming;#ServerDown;#Esports,261,120,25,Austin USA,Negative,-0.86
10851,2026-03-01 18:37:30,USR_1850,user_452,Attended the annual cloud computing conference. So many great insights on distributed systems.,#CloudComputing;#DevOps;#TechConference,217,94,39,Seattle USA,Positive,0.9
10852,2026-03-01 18:38:15,USR_1851,user_453,Flight got canceled last minute without any reasonable explanation. Very disappointing service.,#AirlineFail;#TravelProblems,587,187,59,Atlanta USA,Negative,-0.93
10853,2026-03-01 18:39:00,USR_1852,user_454,Started reading a new science fiction novel. The plot is turning out to be super captivating.,#Books;#SciFi;#ReadingList,342,167,60,London UK,Positive,0.79
10854,2026-03-01 18:39:45,USR_1853,user_455,Electric vehicles are becoming more affordable and accessible every year.,#EV;#Automotive;#CleanEnergy,337,58,54,Berlin Germany,Positive,0.68
10855,2026-03-01 18:40:30,USR_1854,user_456,Heavy rain and flooding reported across the southern district. Stay safe everyone!,#WeatherAlert;#SafetyFirst,600,73,40,Mumbai India,Negative,-0.35
10856,2026-03-01 18:41:15,USR_1855,user_457,Upgraded to the new smartphone today! The camera speed and display are absolutely incredible.,#Tech;#NewPhone;#TechTrends,373,52,46,San Francisco USA,Positive,0.82
10857,2026-03-01 18:42:00,USR_1856,user_458,Public transit delayed for the third time this week. Terrible service during peak hours!,#TransitFail;#CityLife,221,103,66,London UK,Negative,-0.69
10858,2026-03-01 18:42:45,USR_1857,user_459,Switching to solar energy for our home. The installation was smooth and efficient.,#GoGreen;#SolarEnergy;#Sustainability,410,110,21,Sydney Australia,Positive,0.85
10859,2026-03-01 18:43:30,USR_1858,user_460,"Tried the new vegan cafe downtown. Food was average, but the iced coffee was good.",#Foodie;#Vegan;#CafeVibes,599,138,61,Toronto Canada,Neutral,0.18
10860,2026-03-01 18:44:15,USR_1859,user_461,Market volatility is extremely high today. Make sure to manage your risks carefully.,#Crypto;#Finance;#Trading,309,167,19,New York USA,Neutral,-0.03
10861,2026-03-01 18:45:00,USR_1860,user_462,Morning 10k run completed! Feeling energized and ready to tackle the week ahead.,#Fitness;#RunnersHigh;#Health,376,187,36,Chicago USA,Positive,0.99
10862,2026-03-01 18:45:45,USR_1861,user_463,The movie trailer released today looks completely underwhelming. Expectations ruined.,#MovieNews;#CinemaFail,334,50,28,Los Angeles USA,Negative,-0.62
10863,2026-03-01 18:46:30,USR_1862,user_464,Landing in Tokyo! Super excited to explore the vibrant street food and culture.,#Travel;#Japan;#Wanderlust,262,165,35,Tokyo Japan,Positive,0.9
10864,2026-03-01 18:47:15,USR_1863,user_465,Large language models are transforming modern data processing workflows rapidly.,#AI;#MachineLearning;#BigData,347,97,37,Boston USA,Positive,0.61
10865,2026-03-01 18:48:00,USR_1864,user_466,Servers are down again during the tournament. Extremely frustrating update!,#Gaming;#ServerDown;#Esports,224,148,35,Austin USA,Negative,-0.88
10866,2026-03-01 18:48:45,USR_1865,user_467,Attended the annual cloud computing conference. So many great insights on distributed systems.,#CloudComputing;#DevOps;#TechConference,313,129,18,Seattle USA,Positive,0.83
10867,2026-03-01 18:49:30,USR_1866,user_468,Flight got canceled last minute without any reasonable explanation. Very disappointing service.,#AirlineFail;#TravelProblems,493,55,13,Atlanta USA,Negative,-0.91
10868,2026-03-01 18:50:15,USR_1867,user_469,Started reading a new science fiction novel. The plot is turning out to be super captivating.,#Books;#SciFi;#ReadingList,318,161,36,London UK,Positive,0.74
10869,2026-03-01 18:51:00,USR_1868,user_470,Electric vehicles are becoming more affordable and accessible every year.,#EV;#Automotive;#CleanEnergy,424,118,27,Berlin Germany,Positive,0.72
10870,2026-03-01 18:51:45,USR_1869,user_471,Heavy rain and flooding reported across the southern district. Stay safe everyone!,#WeatherAlert;#SafetyFirst,409,162,41,Mumbai India,Negative,-0.47
10871,2026-03-01 18:52:30,USR_1870,user_472,Upgraded to the new smartphone today! The camera speed and display are absolutely incredible.,#Tech;#NewPhone;#TechTrends,551,62,26,San Francisco USA,Positive,0.91
10872,2026-03-01 18:53:15,USR_1871,user_473,Public transit delayed for the third time this week. Terrible service during peak hours!,#TransitFail;#CityLife,330,69,24,London UK,Negative,-0.67
10873,2026-03-01 18:54:00,USR_1872,user_474,Switching to solar energy for our home. The installation was smooth and efficient.,#GoGreen;#SolarEnergy;#Sustainability,210,129,49,Sydney Australia,Positive,0.76
10874,2026-03-01 18:54:45,USR_1873,user_475,"Tried the new vegan cafe downtown. Food was average, but the iced coffee was good.",#Foodie;#Vegan;#CafeVibes,595,145,14,Toronto Canada,Neutral,0.09
10875,2026-03-01 18:55:30,USR_1874,user_476,Market volatility is extremely high today. Make sure to manage your risks carefully.,#Crypto;#Finance;#Trading,513,161,21,New York USA,Neutral,0.01
10876,2026-03-01 18:56:15,USR_1875,user_477,Morning 10k run completed! Feeling energized and ready to tackle the week ahead.,#Fitness;#RunnersHigh;#Health,441,174,33,Chicago USA,Positive,0.9
10877,2026-03-01 18:57:00,USR_1876,user_478,The movie trailer released today looks completely underwhelming. Expectations ruined.,#MovieNews;#CinemaFail,144,167,58,Los Angeles USA,Negative,-0.71
10878,2026-03-01 18:57:45,USR_1877,user_479,Landing in Tokyo! Super excited to explore the vibrant street food and culture.,#Travel;#Japan;#Wanderlust,198,110,34,Tokyo Japan,Positive,0.97
10879,2026-03-01 18:58:30,USR_1878,user_480,Large language models are transforming modern data processing workflows rapidly.,#AI;#MachineLearning;#BigData,476,182,22,Boston USA,Positive,0.73
10880,2026-03-01 18:59:15,USR_1879,user_481,Servers are down again during the tournament. Extremely frustrating update!,#Gaming;#ServerDown;#Esports,342,50,35,Austin USA,Negative,-0.73
10881,2026-03-01 19:00:00,USR_1880,user_482,Attended the annual cloud computing conference. So many great insights on distributed systems.,#CloudComputing;#DevOps;#TechConference,291,137,45,Seattle USA,Positive,0.75
10882,2026-03-01 19:00:45,USR_1881,user_483,Flight got canceled last minute without any reasonable explanation. Very disappointing service.,#AirlineFail;#TravelProblems,352,67,16,Atlanta USA,Negative,-0.85
10883,2026-03-01 19:01:30,USR_1882,user_484,Started reading a new science fiction novel. The plot is turning out to be super captivating.,#Books;#SciFi;#ReadingList,283,111,33,London UK,Positive,0.69
10884,2026-03-01 19:02:15,USR_1883,user_485,Electric vehicles are becoming more affordable and accessible every year.,#EV;#Automotive;#CleanEnergy,403,132,16,Berlin Germany,Positive,0.63
10885,2026-03-01 19:03:00,USR_1884,user_486,Heavy rain and flooding reported across the southern district. Stay safe everyone!,#WeatherAlert;#SafetyFirst,553,89,58,Mumbai India,Negative,-0.36
10886,2026-03-01 19:03:45,USR_1885,user_487,Upgraded to the new smartphone today! The camera speed and display are absolutely incredible.,#Tech;#NewPhone;#TechTrends,215,171,38,San Francisco USA,Positive,0.91
10887,2026-03-01 19:04:30,USR_1886,user_488,Public transit delayed for the third time this week. Terrible service during peak hours!,#TransitFail;#CityLife,435,129,56,London UK,Negative,-0.65
10888,2026-03-01 19:05:15,USR_1887,user_489,Switching to solar energy for our home. The installation was smooth and efficient.,#GoGreen;#SolarEnergy;#Sustainability,362,82,35,Sydney Australia,Positive,0.77
10889,2026-03-01 19:06:00,USR_1888,user_490,"Tried the new vegan cafe downtown. Food was average, but the iced coffee was good.",#Foodie;#Vegan;#CafeVibes,440,126,35,Toronto Canada,Neutral,0.19
10890,2026-03-01 19:06:45,USR_1889,user_491,Market volatility is extremely high today. Make sure to manage your risks carefully.,#Crypto;#Finance;#Trading,583,112,20,New York USA,Neutral,-0.06
10891,2026-03-01 19:07:30,USR_1890,user_492,Morning 10k run completed! Feeling energized and ready to tackle the week ahead.,#Fitness;#RunnersHigh;#Health,195,194,40,Chicago USA,Positive,0.97
10892,2026-03-01 19:08:15,USR_1891,user_493,The movie trailer released today looks completely underwhelming. Expectations ruined.,#MovieNews;#CinemaFail,553,153,42,Los Angeles USA,Negative,-0.71
10893,2026-03-01 19:09:00,USR_1892,user_494,Landing in Tokyo! Super excited to explore the vibrant street food and culture.,#Travel;#Japan;#Wanderlust,549,153,38,Tokyo Japan,Positive,0.9
10894,2026-03-01 19:09:45,USR_1893,user_495,Large language models are transforming modern data processing workflows rapidly.,#AI;#MachineLearning;#BigData,520,81,51,Boston USA,Positive,0.63
10895,2026-03-01 19:10:30,USR_1894,user_496,Servers are down again during the tournament. Extremely frustrating update!,#Gaming;#ServerDown;#Esports,171,165,33,Austin USA,Negative,-0.84
10896,2026-03-01 19:11:15,USR_1895,user_497,Attended the annual cloud computing conference. So many great insights on distributed systems.,#CloudComputing;#DevOps;#TechConference,296,138,55,Seattle USA,Positive,0.74
10897,2026-03-01 19:12:00,USR_1896,user_498,Flight got canceled last minute without any reasonable explanation. Very disappointing service.,#AirlineFail;#TravelProblems,161,139,65,Atlanta USA,Negative,-0.83
10898,2026-03-01 19:12:45,USR_1897,user_499,Started reading a new science fiction novel. The plot is turning out to be super captivating.,#Books;#SciFi;#ReadingList,204,37,31,London UK,Positive,0.78
10899,2026-03-01 19:13:30,USR_1898,user_500,Electric vehicles are becoming more affordable and accessible every year.,#EV;#Automotive;#CleanEnergy,618,40,46,Berlin Germany,Positive,0.62
10900,2026-03-01 19:14:15,USR_1899,user_501,Heavy rain and flooding reported across the southern district. Stay safe everyone!,#WeatherAlert;#SafetyFirst,439,128,47,Mumbai India,Negative,-0.34
10901,2026-03-01 19:15:00,USR_1900,user_502,Upgraded to the new smartphone today! The camera speed and display are absolutely incredible.,#Tech;#NewPhone;#TechTrends,623,129,54,San Francisco USA,Positive,0.84
10902,2026-03-01 19:15:45,USR_1901,user_503,Public transit delayed for the third time this week. Terrible service during peak hours!,#TransitFail;#CityLife,610,108,41,London UK,Negative,-0.71
10903,2026-03-01 19:16:30,USR_1902,user_504,Switching to solar energy for our home. The installation was smooth and efficient.,#GoGreen;#SolarEnergy;#Sustainability,266,50,53,Sydney Australia,Positive,0.79
10904,2026-03-01 19:17:15,USR_1903,user_505,"Tried the new vegan cafe downtown. Food was average, but the iced coffee was good.",#Foodie;#Vegan;#CafeVibes,258,116,38,Toronto Canada,Neutral,0.23
10905,2026-03-01 19:18:00,USR_1904,user_506,Market volatility is extremely high today. Make sure to manage your risks carefully.,#Crypto;#Finance;#Trading,208,108,20,New York USA,Neutral,0.01
10906,2026-03-01 19:18:45,USR_1905,user_507,Morning 10k run completed! Feeling energized and ready to tackle the week ahead.,#Fitness;#RunnersHigh;#Health,630,158,19,Chicago USA,Positive,0.98
10907,2026-03-01 19:19:30,USR_1906,user_508,The movie trailer released today looks completely underwhelming. Expectations ruined.,#MovieNews;#CinemaFail,464,110,65,Los Angeles USA,Negative,-0.62
10908,2026-03-01 19:20:15,USR_1907,user_509,Landing in Tokyo! Super excited to explore the vibrant street food and culture.,#Travel;#Japan;#Wanderlust,149,112,46,Tokyo Japan,Positive,1.0
10909,2026-03-01 19:21:00,USR_1908,user_510,Large language models are transforming modern data processing workflows rapidly.,#AI;#MachineLearning;#BigData,474,117,49,Boston USA,Positive,0.73
10910,2026-03-01 19:21:45,USR_1909,user_511,Servers are down again during the tournament. Extremely frustrating update!,#Gaming;#ServerDown;#Esports,281,186,30,Austin USA,Negative,-0.87
10911,2026-03-01 19:22:30,USR_1910,user_512,Attended the annual cloud computing conference. So many great insights on distributed systems.,#CloudComputing;#DevOps;#TechConference,379,63,36,Seattle USA,Positive,0.84
10912,2026-03-01 19:23:15,USR_1911,user_513,Flight got canceled last minute without any reasonable explanation. Very disappointing service.,#AirlineFail;#TravelProblems,485,51,54,Atlanta USA,Negative,-0.86
10913,2026-03-01 19:24:00,USR_1912,user_514,Started reading a new science fiction novel. The plot is turning out to be super captivating.,#Books;#SciFi;#ReadingList,522,174,55,London UK,Positive,0.67
10914,2026-03-01 19:24:45,USR_1913,user_515,Electric vehicles are becoming more affordable and accessible every year.,#EV;#Automotive;#CleanEnergy,357,124,15,Berlin Germany,Positive,0.63
10915,2026-03-01 19:25:30,USR_1914,user_516,Heavy rain and flooding reported across the southern district. Stay safe everyone!,#WeatherAlert;#SafetyFirst,336,60,22,Mumbai India,Negative,-0.36
10916,2026-03-01 19:26:15,USR_1915,user_517,Upgraded to the new smartphone today! The camera speed and display are absolutely incredible.,#Tech;#NewPhone;#TechTrends,295,96,21,San Francisco USA,Positive,0.89
10917,2026-03-01 19:27:00,USR_1916,user_518,Public transit delayed for the third time this week. Terrible service during peak hours!,#TransitFail;#CityLife,575,139,55,London UK,Negative,-0.76
10918,2026-03-01 19:27:45,USR_1917,user_519,Switching to solar energy for our home. The installation was smooth and efficient.,#GoGreen;#SolarEnergy;#Sustainability,274,84,31,Sydney Australia,Positive,0.8
10919,2026-03-01 19:28:30,USR_1918,user_520,"Tried the new vegan cafe downtown. Food was average, but the iced coffee was good.",#Foodie;#Vegan;#CafeVibes,366,135,55,Toronto Canada,Neutral,0.21
10920,2026-03-01 19:29:15,USR_1919,user_521,Market volatility is extremely high today. Make sure to manage your risks carefully.,#Crypto;#Finance;#Trading,518,119,49,New York USA,Neutral,-0.06
10921,2026-03-01 19:30:00,USR_1920,user_522,Morning 10k run completed! Feeling energized and ready to tackle the week ahead.,#Fitness;#RunnersHigh;#Health,513,111,45,Chicago USA,Positive,0.96
10922,2026-03-01 19:30:45,USR_1921,user_523,The movie trailer released today looks completely underwhelming. Expectations ruined.,#MovieNews;#CinemaFail,554,66,53,Los Angeles USA,Negative,-0.64
10923,2026-03-01 19:31:30,USR_1922,user_524,Landing in Tokyo! Super excited to explore the vibrant street food and culture.,#Travel;#Japan;#Wanderlust,641,136,31,Tokyo Japan,Positive,0.89
10924,2026-03-01 19:32:15,USR_1923,user_525,Large language models are transforming modern data processing workflows rapidly.,#AI;#MachineLearning;#BigData,439,115,14,Boston USA,Positive,0.75
10925,2026-03-01 19:33:00,USR_1924,user_526,Servers are down again during the tournament. Extremely frustrating update!,#Gaming;#ServerDown;#Esports,342,116,54,Austin USA,Negative,-0.83
10926,2026-03-01 19:33:45,USR_1925,user_527,Attended the annual cloud computing conference. So many great insights on distributed systems.,#CloudComputing;#DevOps;#TechConference,208,107,63,Seattle USA,Positive,0.75
10927,2026-03-01 19:34:30,USR_1926,user_528,Flight got canceled last minute without any reasonable explanation. Very disappointing service.,#AirlineFail;#TravelProblems,554,96,32,Atlanta USA,Negative,-0.81
10928,2026-03-01 19:35:15,USR_1927,user_529,Started reading a new science fiction novel. The plot is turning out to be super captivating.,#Books;#SciFi;#ReadingList,534,172,55,London UK,Positive,0.78
10929,2026-03-01 19:36:00,USR_1928,user_530,Electric vehicles are becoming more affordable and accessible every year.,#EV;#Automotive;#CleanEnergy,439,97,61,Berlin Germany,Positive,0.64
10930,2026-03-01 19:36:45,USR_1929,user_531,Heavy rain and flooding reported across the southern district. Stay safe everyone!,#WeatherAlert;#SafetyFirst,580,134,37,Mumbai India,Negative,-0.41
10931,2026-03-01 19:37:30,USR_1930,user_532,Upgraded to the new smartphone today! The camera speed and display are absolutely incredible.,#Tech;#NewPhone;#TechTrends,498,105,52,San Francisco USA,Positive,0.9
10932,2026-03-01 19:38:15,USR_1931,user_533,Public transit delayed for the third time this week. Terrible service during peak hours!,#TransitFail;#CityLife,179,85,44,London UK,Negative,-0.75
10933,2026-03-01 19:39:00,USR_1932,user_534,Switching to solar energy for our home. The installation was smooth and efficient.,#GoGreen;#SolarEnergy;#Sustainability,463,127,53,Sydney Australia,Positive,0.77
10934,2026-03-01 19:39:45,USR_1933,user_535,"Tried the new vegan cafe downtown. Food was average, but the iced coffee was good.",#Foodie;#Vegan;#CafeVibes,481,163,26,Toronto Canada,Neutral,0.08
10935,2026-03-01 19:40:30,USR_1934,user_536,Market volatility is extremely high today. Make sure to manage your risks carefully.,#Crypto;#Finance;#Trading,423,119,43,New York USA,Neutral,-0.02
10936,2026-03-01 19:41:15,USR_1935,user_537,Morning 10k run completed! Feeling energized and ready to tackle the week ahead.,#Fitness;#RunnersHigh;#Health,321,90,44,Chicago USA,Positive,0.98
10937,2026-03-01 19:42:00,USR_1936,user_538,The movie trailer released today looks completely underwhelming. Expectations ruined.,#MovieNews;#CinemaFail,199,137,18,Los Angeles USA,Negative,-0.72
10938,2026-03-01 19:42:45,USR_1937,user_539,Landing in Tokyo! Super excited to explore the vibrant street food and culture.,#Travel;#Japan;#Wanderlust,229,78,39,Tokyo Japan,Positive,0.87
10939,2026-03-01 19:43:30,USR_1938,user_540,Large language models are transforming modern data processing workflows rapidly.,#AI;#MachineLearning;#BigData,632,47,51,Boston USA,Positive,0.67
10940,2026-03-01 19:44:15,USR_1939,user_541,Servers are down again during the tournament. Extremely frustrating update!,#Gaming;#ServerDown;#Esports,367,139,18,Austin USA,Negative,-0.87
10941,2026-03-01 19:45:00,USR_1940,user_542,Attended the annual cloud computing conference. So many great insights on distributed systems.,#CloudComputing;#DevOps;#TechConference,560,169,52,Seattle USA,Positive,0.85
10942,2026-03-01 19:45:45,USR_1941,user_543,Flight got canceled last minute without any reasonable explanation. Very disappointing service.,#AirlineFail;#TravelProblems,335,42,30,Atlanta USA,Negative,-0.85
10943,2026-03-01 19:46:30,USR_1942,user_544,Started reading a new science fiction novel. The plot is turning out to be super captivating.,#Books;#SciFi;#ReadingList,451,86,39,London UK,Positive,0.81
10944,2026-03-01 19:47:15,USR_1943,user_545,Electric vehicles are becoming more affordable and accessible every year.,#EV;#Automotive;#CleanEnergy,640,153,43,Berlin Germany,Positive,0.67
10945,2026-03-01 19:48:00,USR_1944,user_546,Heavy rain and flooding reported across the southern district. Stay safe everyone!,#WeatherAlert;#SafetyFirst,468,41,42,Mumbai India,Negative,-0.47
10946,2026-03-01 19:48:45,USR_1945,user_547,Upgraded to the new smartphone today! The camera speed and display are absolutely incredible.,#Tech;#NewPhone;#TechTrends,626,39,64,San Francisco USA,Positive,0.82
10947,2026-03-01 19:49:30,USR_1946,user_548,Public transit delayed for the third time this week. Terrible service during peak hours!,#TransitFail;#CityLife,287,75,61,London UK,Negative,-0.65
10948,2026-03-01 19:50:15,USR_1947,user_549,Switching to solar energy for our home. The installation was smooth and efficient.,#GoGreen;#SolarEnergy;#Sustainability,301,86,53,Sydney Australia,Positive,0.72
10949,2026-03-01 19:51:00,USR_1948,user_550,"Tried the new vegan cafe downtown. Food was average, but the iced coffee was good.",#Foodie;#Vegan;#CafeVibes,244,120,21,Toronto Canada,Neutral,0.18
10950,2026-03-01 19:51:45,USR_1949,user_551,Market volatility is extremely high today. Make sure to manage your risks carefully.,#Crypto;#Finance;#Trading,467,47,45,New York USA,Neutral,-0.02
10951,2026-03-01 19:52:30,USR_1950,user_552,Morning 10k run completed! Feeling energized and ready to tackle the week ahead.,#Fitness;#RunnersHigh;#Health,615,75,53,Chicago USA,Positive,0.96
10952,2026-03-01 19:53:15,USR_1951,user_553,The movie trailer released today looks completely underwhelming. Expectations ruined.,#MovieNews;#CinemaFail,217,105,50,Los Angeles USA,Negative,-0.66
10953,2026-03-01 19:54:00,USR_1952,user_554,Landing in Tokyo! Super excited to explore the vibrant street food and culture.,#Travel;#Japan;#Wanderlust,531,57,49,Tokyo Japan,Positive,0.89
10954,2026-03-01 19:54:45,USR_1953,user_555,Large language models are transforming modern data processing workflows rapidly.,#AI;#MachineLearning;#BigData,205,53,42,Boston USA,Positive,0.66
10955,2026-03-01 19:55:30,USR_1954,user_556,Servers are down again during the tournament. Extremely frustrating update!,#Gaming;#ServerDown;#Esports,192,169,18,Austin USA,Negative,-0.77
10956,2026-03-01 19:56:15,USR_1955,user_557,Attended the annual cloud computing conference. So many great insights on distributed systems.,#CloudComputing;#DevOps;#TechConference,481,95,29,Seattle USA,Positive,0.77
10957,2026-03-01 19:57:00,USR_1956,user_558,Flight got canceled last minute without any reasonable explanation. Very disappointing service.,#AirlineFail;#TravelProblems,161,119,29,Atlanta USA,Negative,-0.92
10958,2026-03-01 19:57:45,USR_1957,user_559,Started reading a new science fiction novel. The plot is turning out to be super captivating.,#Books;#SciFi;#ReadingList,364,179,17,London UK,Positive,0.72
10959,2026-03-01 19:58:30,USR_1958,user_560,Electric vehicles are becoming more affordable and accessible every year.,#EV;#Automotive;#CleanEnergy,249,155,17,Berlin Germany,Positive,0.76
10960,2026-03-01 19:59:15,USR_1959,user_561,Heavy rain and flooding reported across the southern district. Stay safe everyone!,#WeatherAlert;#SafetyFirst,330,98,18,Mumbai India,Negative,-0.39
10961,2026-03-01 20:00:00,USR_1960,user_562,Upgraded to the new smartphone today! The camera speed and display are absolutely incredible.,#Tech;#NewPhone;#TechTrends,538,113,29,San Francisco USA,Positive,0.92
10962,2026-03-01 20:00:45,USR_1961,user_563,Public transit delayed for the third time this week. Terrible service during peak hours!,#TransitFail;#CityLife,245,48,30,London UK,Negative,-0.72
10963,2026-03-01 20:01:30,USR_1962,user_564,Switching to solar energy for our home. The installation was smooth and efficient.,#GoGreen;#SolarEnergy;#Sustainability,233,41,15,Sydney Australia,Positive,0.85
10964,2026-03-01 20:02:15,USR_1963,user_565,"Tried the new vegan cafe downtown. Food was average, but the iced coffee was good.",#Foodie;#Vegan;#CafeVibes,502,61,18,Toronto Canada,Neutral,0.14
10965,2026-03-01 20:03:00,USR_1964,user_566,Market volatility is extremely high today. Make sure to manage your risks carefully.,#Crypto;#Finance;#Trading,284,142,17,New York USA,Neutral,-0.09
10966,2026-03-01 20:03:45,USR_1965,user_567,Morning 10k run completed! Feeling energized and ready to tackle the week ahead.,#Fitness;#RunnersHigh;#Health,352,160,11,Chicago USA,Positive,0.84
10967,2026-03-01 20:04:30,USR_1966,user_568,The movie trailer released today looks completely underwhelming. Expectations ruined.,#MovieNews;#CinemaFail,247,86,36,Los Angeles USA,Negative,-0.65
10968,2026-03-01 20:05:15,USR_1967,user_569,Landing in Tokyo! Super excited to explore the vibrant street food and culture.,#Travel;#Japan;#Wanderlust,193,40,19,Tokyo Japan,Positive,0.96
10969,2026-03-01 20:06:00,USR_1968,user_570,Large language models are transforming modern data processing workflows rapidly.,#AI;#MachineLearning;#BigData,474,172,62,Boston USA,Positive,0.66
10970,2026-03-01 20:06:45,USR_1969,user_571,Servers are down again during the tournament. Extremely frustrating update!,#Gaming;#ServerDown;#Esports,268,170,65,Austin USA,Negative,-0.85
10971,2026-03-01 20:07:30,USR_1970,user_572,Attended the annual cloud computing conference. So many great insights on distributed systems.,#CloudComputing;#DevOps;#TechConference,588,170,65,Seattle USA,Positive,0.75
10972,2026-03-01 20:08:15,USR_1971,user_573,Flight got canceled last minute without any reasonable explanation. Very disappointing service.,#AirlineFail;#TravelProblems,161,114,38,Atlanta USA,Negative,-0.9
10973,2026-03-01 20:09:00,USR_1972,user_574,Started reading a new science fiction novel. The plot is turning out to be super captivating.,#Books;#SciFi;#ReadingList,183,29,57,London UK,Positive,0.76
10974,2026-03-01 20:09:45,USR_1973,user_575,Electric vehicles are becoming more affordable and accessible every year.,#EV;#Automotive;#CleanEnergy,537,140,45,Berlin Germany,Positive,0.72
10975,2026-03-01 20:10:30,USR_1974,user_576,Heavy rain and flooding reported across the southern district. Stay safe everyone!,#WeatherAlert;#SafetyFirst,317,43,27,Mumbai India,Negative,-0.44
10976,2026-03-01 20:11:15,USR_1975,user_577,Upgraded to the new smartphone today! The camera speed and display are absolutely incredible.,#Tech;#NewPhone;#TechTrends,236,150,28,San Francisco USA,Positive,0.92
10977,2026-03-01 20:12:00,USR_1976,user_578,Public transit delayed for the third time this week. Terrible service during peak hours!,#TransitFail;#CityLife,463,67,33,London UK,Negative,-0.7
10978,2026-03-01 20:12:45,USR_1977,user_579,Switching to solar energy for our home. The installation was smooth and efficient.,#GoGreen;#SolarEnergy;#Sustainability,579,117,19,Sydney Australia,Positive,0.72
10979,2026-03-01 20:13:30,USR_1978,user_580,"Tried the new vegan cafe downtown. Food was average, but the iced coffee was good.",#Foodie;#Vegan;#CafeVibes,272,43,58,Toronto Canada,Neutral,0.14
10980,2026-03-01 20:14:15,USR_1979,user_581,Market volatility is extremely high today. Make sure to manage your risks carefully.,#Crypto;#Finance;#Trading,343,134,42,New York USA,Neutral,-0.13
10981,2026-03-01 20:15:00,USR_1980,user_582,Morning 10k run completed! Feeling energized and ready to tackle the week ahead.,#Fitness;#RunnersHigh;#Health,366,151,31,Chicago USA,Positive,0.99
10982,2026-03-01 20:15:45,USR_1981,user_583,The movie trailer released today looks completely underwhelming. Expectations ruined.,#MovieNews;#CinemaFail,284,44,17,Los Angeles USA,Negative,-0.7
10983,2026-03-01 20:16:30,USR_1982,user_584,Landing in Tokyo! Super excited to explore the vibrant street food and culture.,#Travel;#Japan;#Wanderlust,172,84,23,Tokyo Japan,Positive,0.92
10984,2026-03-01 20:17:15,USR_1983,user_585,Large language models are transforming modern data processing workflows rapidly.,#AI;#MachineLearning;#BigData,593,171,15,Boston USA,Positive,0.73
10985,2026-03-01 20:18:00,USR_1984,user_586,Servers are down again during the tournament. Extremely frustrating update!,#Gaming;#ServerDown;#Esports,212,130,43,Austin USA,Negative,-0.89
10986,2026-03-01 20:18:45,USR_1985,user_587,Attended the annual cloud computing conference. So many great insights on distributed systems.,#CloudComputing;#DevOps;#TechConference,639,164,49,Seattle USA,Positive,0.87
10987,2026-03-01 20:19:30,USR_1986,user_588,Flight got canceled last minute without any reasonable explanation. Very disappointing service.,#AirlineFail;#TravelProblems,626,65,32,Atlanta USA,Negative,-0.83
10988,2026-03-01 20:20:15,USR_1987,user_589,Started reading a new science fiction novel. The plot is turning out to be super captivating.,#Books;#SciFi;#ReadingList,412,64,23,London UK,Positive,0.78
10989,2026-03-01 20:21:00,USR_1988,user_590,Electric vehicles are becoming more affordable and accessible every year.,#EV;#Automotive;#CleanEnergy,407,145,18,Berlin Germany,Positive,0.66
10990,2026-03-01 20:21:45,USR_1989,user_591,Heavy rain and flooding reported across the southern district. Stay safe everyone!,#WeatherAlert;#SafetyFirst,197,94,31,Mumbai India,Negative,-0.44
10991,2026-03-01 20:22:30,USR_1990,user_592,Upgraded to the new smartphone today! The camera speed and display are absolutely incredible.,#Tech;#NewPhone;#TechTrends,259,168,61,San Francisco USA,Positive,0.87
10992,2026-03-01 20:23:15,USR_1991,user_593,Public transit delayed for the third time this week. Terrible service during peak hours!,#TransitFail;#CityLife,315,107,45,London UK,Negative,-0.65
10993,2026-03-01 20:24:00,USR_1992,user_594,Switching to solar energy for our home. The installation was smooth and efficient.,#GoGreen;#SolarEnergy;#Sustainability,404,152,36,Sydney Australia,Positive,0.71
10994,2026-03-01 20:24:45,USR_1993,user_595,"Tried the new vegan cafe downtown. Food was average, but the iced coffee was good.",#Foodie;#Vegan;#CafeVibes,295,149,32,Toronto Canada,Neutral,0.21
10995,2026-03-01 20:25:30,USR_1994,user_596,Market volatility is extremely high today. Make sure to manage your risks carefully.,#Crypto;#Finance;#Trading,408,52,24,New York USA,Neutral,-0.03
10996,2026-03-01 20:26:15,USR_1995,user_597,Morning 10k run completed! Feeling energized and ready to tackle the week ahead.,#Fitness;#RunnersHigh;#Health,562,168,54,Chicago USA,Positive,0.92
10997,2026-03-01 20:27:00,USR_1996,user_598,The movie trailer released today looks completely underwhelming. Expectations ruined.,#MovieNews;#CinemaFail,229,150,17,Los Angeles USA,Negative,-0.66
10998,2026-03-01 20:27:45,USR_1997,user_599,Landing in Tokyo! Super excited to explore the vibrant street food and culture.,#Travel;#Japan;#Wanderlust,409,73,45,Tokyo Japan,Positive,1.0
10999,2026-03-01 20:28:30,USR_1998,user_101,Large language models are transforming modern data processing workflows rapidly.,#AI;#MachineLearning;#BigData,308,135,22,Boston USA,Positive,0.69
11000,2026-03-01 20:29:15,USR_1999,user_102,Servers are down again during the tournament. Extremely frustrating update!,#Gaming;#ServerDown;#Esports,215,148,12,Austin USA,Negative,-0.88
11001,2026-03-01 20:30:00,USR_2000,user_103,Attended the annual cloud computing conference. So many great insights on distributed systems.,#CloudComputing;#DevOps;#TechConference,639,70,50,Seattle USA,Positive,0.85
11002,2026-03-01 20:30:45,USR_2001,user_104,Flight got canceled last minute without any reasonable explanation. Very disappointing service.,#AirlineFail;#TravelProblems,539,39,16,Atlanta USA,Negative,-0.8
11003,2026-03-01 20:31:30,USR_2002,user_105,Started reading a new science fiction novel. The plot is turning out to be super captivating.,#Books;#SciFi;#ReadingList,518,63,48,London UK,Positive,0.8
11004,2026-03-01 20:32:15,USR_2003,user_106,Electric vehicles are becoming more affordable and accessible every year.,#EV;#Automotive;#CleanEnergy,293,98,42,Berlin Germany,Positive,0.64
11005,2026-03-01 20:33:00,USR_2004,user_107,Heavy rain and flooding reported across the southern district. Stay safe everyone!,#WeatherAlert;#SafetyFirst,572,57,22,Mumbai India,Negative,-0.37
11006,2026-03-01 20:33:45,USR_2005,user_108,Upgraded to the new smartphone today! The camera speed and display are absolutely incredible.,#Tech;#NewPhone;#TechTrends,203,118,50,San Francisco USA,Positive,0.87
11007,2026-03-01 20:34:30,USR_2006,user_109,Public transit delayed for the third time this week. Terrible service during peak hours!,#TransitFail;#CityLife,395,165,57,London UK,Negative,-0.78
11008,2026-03-01 20:35:15,USR_2007,user_110,Switching to solar energy for our home. The installation was smooth and efficient.,#GoGreen;#SolarEnergy;#Sustainability,161,178,50,Sydney Australia,Positive,0.84
11009,2026-03-01 20:36:00,USR_2008,user_111,"Tried the new vegan cafe downtown. Food was average, but the iced coffee was good.",#Foodie;#Vegan;#CafeVibes,506,100,36,Toronto Canada,Neutral,0.19
11010,2026-03-01 20:36:45,USR_2009,user_112,Market volatility is extremely high today. Make sure to manage your risks carefully.,#Crypto;#Finance;#Trading,565,85,25,New York USA,Neutral,-0.08
11011,2026-03-01 20:37:30,USR_2010,user_113,Morning 10k run completed! Feeling energized and ready to tackle the week ahead.,#Fitness;#RunnersHigh;#Health,368,180,16,Chicago USA,Positive,0.9
11012,2026-03-01 20:38:15,USR_2011,user_114,The movie trailer released today looks completely underwhelming. Expectations ruined.,#MovieNews;#CinemaFail,278,59,33,Los Angeles USA,Negative,-0.61
11013,2026-03-01 20:39:00,USR_2012,user_115,Landing in Tokyo! Super excited to explore the vibrant street food and culture.,#Travel;#Japan;#Wanderlust,601,151,46,Tokyo Japan,Positive,1.0
11014,2026-03-01 20:39:45,USR_2013,user_116,Large language models are transforming modern data processing workflows rapidly.,#AI;#MachineLearning;#BigData,169,59,43,Boston USA,Positive,0.68
11015,2026-03-01 20:40:30,USR_2014,user_117,Servers are down again during the tournament. Extremely frustrating update!,#Gaming;#ServerDown;#Esports,516,129,40,Austin USA,Negative,-0.83
11016,2026-03-01 20:41:15,USR_2015,user_118,Attended the annual cloud computing conference. So many great insights on distributed systems.,#CloudComputing;#DevOps;#TechConference,631,186,47,Seattle USA,Positive,0.84
11017,2026-03-01 20:42:00,USR_2016,user_119,Flight got canceled last minute without any reasonable explanation. Very disappointing service.,#AirlineFail;#TravelProblems,197,56,35,Atlanta USA,Negative,-0.94
11018,2026-03-01 20:42:45,USR_2017,user_120,Started reading a new science fiction novel. The plot is turning out to be super captivating.,#Books;#SciFi;#ReadingList,349,154,59,London UK,Positive,0.69
11019,2026-03-01 20:43:30,USR_2018,user_121,Electric vehicles are becoming more affordable and accessible every year.,#EV;#Automotive;#CleanEnergy,549,155,36,Berlin Germany,Positive,0.62
11020,2026-03-01 20:44:15,USR_2019,user_122,Heavy rain and flooding reported across the southern district. Stay safe everyone!,#WeatherAlert;#SafetyFirst,351,57,37,Mumbai India,Negative,-0.45
11021,2026-03-01 20:45:00,USR_2020,user_123,Upgraded to the new smartphone today! The camera speed and display are absolutely incredible.,#Tech;#NewPhone;#TechTrends,303,38,51,San Francisco USA,Positive,0.86
11022,2026-03-01 20:45:45,USR_2021,user_124,Public transit delayed for the third time this week. Terrible service during peak hours!,#TransitFail;#CityLife,616,98,50,London UK,Negative,-0.71
11023,2026-03-01 20:46:30,USR_2022,user_125,Switching to solar energy for our home. The installation was smooth and efficient.,#GoGreen;#SolarEnergy;#Sustainability,351,56,56,Sydney Australia,Positive,0.75
11024,2026-03-01 20:47:15,USR_2023,user_126,"Tried the new vegan cafe downtown. Food was average, but the iced coffee was good.",#Foodie;#Vegan;#CafeVibes,451,165,61,Toronto Canada,Neutral,0.1
11025,2026-03-01 20:48:00,USR_2024,user_127,Market volatility is extremely high today. Make sure to manage your risks carefully.,#Crypto;#Finance;#Trading,378,126,67,New York USA,Neutral,-0.06
11026,2026-03-01 20:48:45,USR_2025,user_128,Morning 10k run completed! Feeling energized and ready to tackle the week ahead.,#Fitness;#RunnersHigh;#Health,311,159,64,Chicago USA,Positive,0.84
11027,2026-03-01 20:49:30,USR_2026,user_129,The movie trailer released today looks completely underwhelming. Expectations ruined.,#MovieNews;#CinemaFail,478,159,34,Los Angeles USA,Negative,-0.61
11028,2026-03-01 20:50:15,USR_2027,user_130,Landing in Tokyo! Super excited to explore the vibrant street food and culture.,#Travel;#Japan;#Wanderlust,287,73,52,Tokyo Japan,Positive,1.0
11029,2026-03-01 20:51:00,USR_2028,user_131,Large language models are transforming modern data processing workflows rapidly.,#AI;#MachineLearning;#BigData,171,109,46,Boston USA,Positive,0.61
11030,2026-03-01 20:51:45,USR_2029,user_132,Servers are down again during the tournament. Extremely frustrating update!,#Gaming;#ServerDown;#Esports,423,71,21,Austin USA,Negative,-0.88
11031,2026-03-01 20:52:30,USR_2030,user_133,Attended the annual cloud computing conference. So many great insights on distributed systems.,#CloudComputing;#DevOps;#TechConference,553,163,49,Seattle USA,Positive,0.85
11032,2026-03-01 20:53:15,USR_2031,user_134,Flight got canceled last minute without any reasonable explanation. Very disappointing service.,#AirlineFail;#TravelProblems,387,129,41,Atlanta USA,Negative,-0.83
11033,2026-03-01 20:54:00,USR_2032,user_135,Started reading a new science fiction novel. The plot is turning out to be super captivating.,#Books;#SciFi;#ReadingList,504,52,45,London UK,Positive,0.7
11034,2026-03-01 20:54:45,USR_2033,user_136,Electric vehicles are becoming more affordable and accessible every year.,#EV;#Automotive;#CleanEnergy,465,109,29,Berlin Germany,Positive,0.69
11035,2026-03-01 20:55:30,USR_2034,user_137,Heavy rain and flooding reported across the southern district. Stay safe everyone!,#WeatherAlert;#SafetyFirst,454,181,30,Mumbai India,Negative,-0.47
11036,2026-03-01 20:56:15,USR_2035,user_138,Upgraded to the new smartphone today! The camera speed and display are absolutely incredible.,#Tech;#NewPhone;#TechTrends,303,181,49,San Francisco USA,Positive,0.9
11037,2026-03-01 20:57:00,USR_2036,user_139,Public transit delayed for the third time this week. Terrible service during peak hours!,#TransitFail;#CityLife,349,119,61,London UK,Negative,-0.74
11038,2026-03-01 20:57:45,USR_2037,user_140,Switching to solar energy for our home. The installation was smooth and efficient.,#GoGreen;#SolarEnergy;#Sustainability,175,126,38,Sydney Australia,Positive,0.75
11039,2026-03-01 20:58:30,USR_2038,user_141,"Tried the new vegan cafe downtown. Food was average, but the iced coffee was good.",#Foodie;#Vegan;#CafeVibes,220,51,37,Toronto Canada,Neutral,0.09
11040,2026-03-01 20:59:15,USR_2039,user_142,Market volatility is extremely high today. Make sure to manage your risks carefully.,#Crypto;#Finance;#Trading,534,178,41,New York USA,Neutral,0.02
11041,2026-03-01 21:00:00,USR_2040,user_143,Morning 10k run completed! Feeling energized and ready to tackle the week ahead.,#Fitness;#RunnersHigh;#Health,164,179,60,Chicago USA,Positive,0.86
11042,2026-03-01 21:00:45,USR_2041,user_144,The movie trailer released today looks completely underwhelming. Expectations ruined.,#MovieNews;#CinemaFail,549,173,21,Los Angeles USA,Negative,-0.72
11043,2026-03-01 21:01:30,USR_2042,user_145,Landing in Tokyo! Super excited to explore the vibrant street food and culture.,#Travel;#Japan;#Wanderlust,477,135,35,Tokyo Japan,Positive,0.97
11044,2026-03-01 21:02:15,USR_2043,user_146,Large language models are transforming modern data processing workflows rapidly.,#AI;#MachineLearning;#BigData,303,125,33,Boston USA,Positive,0.75
11045,2026-03-01 21:03:00,USR_2044,user_147,Servers are down again during the tournament. Extremely frustrating update!,#Gaming;#ServerDown;#Esports,481,42,31,Austin USA,Negative,-0.84
11046,2026-03-01 21:03:45,USR_2045,user_148,Attended the annual cloud computing conference. So many great insights on distributed systems.,#CloudComputing;#DevOps;#TechConference,573,55,21,Seattle USA,Positive,0.81
11047,2026-03-01 21:04:30,USR_2046,user_149,Flight got canceled last minute without any reasonable explanation. Very disappointing service.,#AirlineFail;#TravelProblems,509,66,60,Atlanta USA,Negative,-0.83
11048,2026-03-01 21:05:15,USR_2047,user_150,Started reading a new science fiction novel. The plot is turning out to be super captivating.,#Books;#SciFi;#ReadingList,623,87,60,London UK,Positive,0.73
11049,2026-03-01 21:06:00,USR_2048,user_151,Electric vehicles are becoming more affordable and accessible every year.,#EV;#Automotive;#CleanEnergy,197,116,40,Berlin Germany,Positive,0.69
11050,2026-03-01 21:06:45,USR_2049,user_152,Heavy rain and flooding reported across the southern district. Stay safe everyone!,#WeatherAlert;#SafetyFirst,606,52,45,Mumbai India,Negative,-0.47
11051,2026-03-01 21:07:30,USR_2050,user_153,Upgraded to the new smartphone today! The camera speed and display are absolutely incredible.,#Tech;#NewPhone;#TechTrends,232,61,53,San Francisco USA,Positive,0.91
11052,2026-03-01 21:08:15,USR_2051,user_154,Public transit delayed for the third time this week. Terrible service during peak hours!,#TransitFail;#CityLife,455,119,44,London UK,Negative,-0.71
11053,2026-03-01 21:09:00,USR_2052,user_155,Switching to solar energy for our home. The installation was smooth and efficient.,#GoGreen;#SolarEnergy;#Sustainability,471,150,60,Sydney Australia,Positive,0.85
11054,2026-03-01 21:09:45,USR_2053,user_156,"Tried the new vegan cafe downtown. Food was average, but the iced coffee was good.",#Foodie;#Vegan;#CafeVibes,349,99,54,Toronto Canada,Neutral,0.18
11055,2026-03-01 21:10:30,USR_2054,user_157,Market volatility is extremely high today. Make sure to manage your risks carefully.,#Crypto;#Finance;#Trading,418,153,19,New York USA,Neutral,-0.04
11056,2026-03-01 21:11:15,USR_2055,user_158,Morning 10k run completed! Feeling energized and ready to tackle the week ahead.,#Fitness;#RunnersHigh;#Health,605,55,49,Chicago USA,Positive,0.86
11057,2026-03-01 21:12:00,USR_2056,user_159,The movie trailer released today looks completely underwhelming. Expectations ruined.,#MovieNews;#CinemaFail,406,94,51,Los Angeles USA,Negative,-0.65
11058,2026-03-01 21:12:45,USR_2057,user_160,Landing in Tokyo! Super excited to explore the vibrant street food and culture.,#Travel;#Japan;#Wanderlust,595,194,19,Tokyo Japan,Positive,0.95
11059,2026-03-01 21:13:30,USR_2058,user_161,Large language models are transforming modern data processing workflows rapidly.,#AI;#MachineLearning;#BigData,300,171,36,Boston USA,Positive,0.73
11060,2026-03-01 21:14:15,USR_2059,user_162,Servers are down again during the tournament. Extremely frustrating update!,#Gaming;#ServerDown;#Esports,613,80,34,Austin USA,Negative,-0.88
11061,2026-03-01 21:15:00,USR_2060,user_163,Attended the annual cloud computing conference. So many great insights on distributed systems.,#CloudComputing;#DevOps;#TechConference,230,165,57,Seattle USA,Positive,0.84
11062,2026-03-01 21:15:45,USR_2061,user_164,Flight got canceled last minute without any reasonable explanation. Very disappointing service.,#AirlineFail;#TravelProblems,544,108,18,Atlanta USA,Negative,-0.84
11063,2026-03-01 21:16:30,USR_2062,user_165,Started reading a new science fiction novel. The plot is turning out to be super captivating.,#Books;#SciFi;#ReadingList,245,56,55,London UK,Positive,0.68
11064,2026-03-01 21:17:15,USR_2063,user_166,Electric vehicles are becoming more affordable and accessible every year.,#EV;#Automotive;#CleanEnergy,391,112,31,Berlin Germany,Positive,0.78
11065,2026-03-01 21:18:00,USR_2064,user_167,Heavy rain and flooding reported across the southern district. Stay safe everyone!,#WeatherAlert;#SafetyFirst,402,177,59,Mumbai India,Negative,-0.33
11066,2026-03-01 21:18:45,USR_2065,user_168,Upgraded to the new smartphone today! The camera speed and display are absolutely incredible.,#Tech;#NewPhone;#TechTrends,445,179,50,San Francisco USA,Positive,0.88
11067,2026-03-01 21:19:30,USR_2066,user_169,Public transit delayed for the third time this week. Terrible service during peak hours!,#TransitFail;#CityLife,369,135,41,London UK,Negative,-0.77
11068,2026-03-01 21:20:15,USR_2067,user_170,Switching to solar energy for our home. The installation was smooth and efficient.,#GoGreen;#SolarEnergy;#Sustainability,341,157,59,Sydney Australia,Positive,0.85
11069,2026-03-01 21:21:00,USR_2068,user_171,"Tried the new vegan cafe downtown. Food was average, but the iced coffee was good.",#Foodie;#Vegan;#CafeVibes,306,116,28,Toronto Canada,Neutral,0.13
11070,2026-03-01 21:21:45,USR_2069,user_172,Market volatility is extremely high today. Make sure to manage your risks carefully.,#Crypto;#Finance;#Trading,404,134,17,New York USA,Neutral,-0.11
11071,2026-03-01 21:22:30,USR_2070,user_173,Morning 10k run completed! Feeling energized and ready to tackle the week ahead.,#Fitness;#RunnersHigh;#Health,646,146,41,Chicago USA,Positive,0.94
11072,2026-03-01 21:23:15,USR_2071,user_174,The movie trailer released today looks completely underwhelming. Expectations ruined.,#MovieNews;#CinemaFail,357,63,55,Los Angeles USA,Negative,-0.6
11073,2026-03-01 21:24:00,USR_2072,user_175,Landing in Tokyo! Super excited to explore the vibrant street food and culture.,#Travel;#Japan;#Wanderlust,538,164,48,Tokyo Japan,Positive,0.87
11074,2026-03-01 21:24:45,USR_2073,user_176,Large language models are transforming modern data processing workflows rapidly.,#AI;#MachineLearning;#BigData,326,165,18,Boston USA,Positive,0.71
11075,2026-03-01 21:25:30,USR_2074,user_177,Servers are down again during the tournament. Extremely frustrating update!,#Gaming;#ServerDown;#Esports,588,76,66,Austin USA,Negative,-0.76
11076,2026-03-01 21:26:15,USR_2075,user_178,Attended the annual cloud computing conference. So many great insights on distributed systems.,#CloudComputing;#DevOps;#TechConference,286,182,57,Seattle USA,Positive,0.85
11077,2026-03-01 21:27:00,USR_2076,user_179,Flight got canceled last minute without any reasonable explanation. Very disappointing service.,#AirlineFail;#TravelProblems,405,105,38,Atlanta USA,Negative,-0.93
11078,2026-03-01 21:27:45,USR_2077,user_180,Started reading a new science fiction novel. The plot is turning out to be super captivating.,#Books;#SciFi;#ReadingList,312,180,42,London UK,Positive,0.78
11079,2026-03-01 21:28:30,USR_2078,user_181,Electric vehicles are becoming more affordable and accessible every year.,#EV;#Automotive;#CleanEnergy,375,61,42,Berlin Germany,Positive,0.68
11080,2026-03-01 21:29:15,USR_2079,user_182,Heavy rain and flooding reported across the southern district. Stay safe everyone!,#WeatherAlert;#SafetyFirst,418,90,22,Mumbai India,Negative,-0.33
11081,2026-03-01 21:30:00,USR_2080,user_183,Upgraded to the new smartphone today! The camera speed and display are absolutely incredible.,#Tech;#NewPhone;#TechTrends,243,87,57,San Francisco USA,Positive,0.89
11082,2026-03-01 21:30:45,USR_2081,user_184,Public transit delayed for the third time this week. Terrible service during peak hours!,#TransitFail;#CityLife,548,70,41,London UK,Negative,-0.73
11083,2026-03-01 21:31:30,USR_2082,user_185,Switching to solar energy for our home. The installation was smooth and efficient.,#GoGreen;#SolarEnergy;#Sustainability,608,112,49,Sydney Australia,Positive,0.77
11084,2026-03-01 21:32:15,USR_2083,user_186,"Tried the new vegan cafe downtown. Food was average, but the iced coffee was good.",#Foodie;#Vegan;#CafeVibes,432,65,19,Toronto Canada,Neutral,0.18
11085,2026-03-01 21:33:00,USR_2084,user_187,Market volatility is extremely high today. Make sure to manage your risks carefully.,#Crypto;#Finance;#Trading,571,160,53,New York USA,Neutral,0.01
11086,2026-03-01 21:33:45,USR_2085,user_188,Morning 10k run completed! Feeling energized and ready to tackle the week ahead.,#Fitness;#RunnersHigh;#Health,477,179,28,Chicago USA,Positive,0.99
11087,2026-03-01 21:34:30,USR_2086,user_189,The movie trailer released today looks completely underwhelming. Expectations ruined.,#MovieNews;#CinemaFail,517,174,29,Los Angeles USA,Negative,-0.66
11088,2026-03-01 21:35:15,USR_2087,user_190,Landing in Tokyo! Super excited to explore the vibrant street food and culture.,#Travel;#Japan;#Wanderlust,148,68,43,Tokyo Japan,Positive,0.89
11089,2026-03-01 21:36:00,USR_2088,user_191,Large language models are transforming modern data processing workflows rapidly.,#AI;#MachineLearning;#BigData,268,187,30,Boston USA,Positive,0.64
11090,2026-03-01 21:36:45,USR_2089,user_192,Servers are down again during the tournament. Extremely frustrating update!,#Gaming;#ServerDown;#Esports,574,90,18,Austin USA,Negative,-0.88
11091,2026-03-01 21:37:30,USR_2090,user_193,Attended the annual cloud computing conference. So many great insights on distributed systems.,#CloudComputing;#DevOps;#TechConference,376,87,32,Seattle USA,Positive,0.76
11092,2026-03-01 21:38:15,USR_2091,user_194,Flight got canceled last minute without any reasonable explanation. Very disappointing service.,#AirlineFail;#TravelProblems,236,154,31,Atlanta USA,Negative,-0.86
11093,2026-03-01 21:39:00,USR_2092,user_195,Started reading a new science fiction novel. The plot is turning out to be super captivating.,#Books;#SciFi;#ReadingList,233,103,24,London UK,Positive,0.72
11094,2026-03-01 21:39:45,USR_2093,user_196,Electric vehicles are becoming more affordable and accessible every year.,#EV;#Automotive;#CleanEnergy,470,151,58,Berlin Germany,Positive,0.72
11095,2026-03-01 21:40:30,USR_2094,user_197,Heavy rain and flooding reported across the southern district. Stay safe everyone!,#WeatherAlert;#SafetyFirst,615,132,29,Mumbai India,Negative,-0.42
11096,2026-03-01 21:41:15,USR_2095,user_198,Upgraded to the new smartphone today! The camera speed and display are absolutely incredible.,#Tech;#NewPhone;#TechTrends,389,139,38,San Francisco USA,Positive,0.85
11097,2026-03-01 21:42:00,USR_2096,user_199,Public transit delayed for the third time this week. Terrible service during peak hours!,#TransitFail;#CityLife,188,165,58,London UK,Negative,-0.66
11098,2026-03-01 21:42:45,USR_2097,user_200,Switching to solar energy for our home. The installation was smooth and efficient.,#GoGreen;#SolarEnergy;#Sustainability,564,91,39,Sydney Australia,Positive,0.79
11099,2026-03-01 21:43:30,USR_2098,user_201,"Tried the new vegan cafe downtown. Food was average, but the iced coffee was good.",#Foodie;#Vegan;#CafeVibes,212,155,51,Toronto Canada,Neutral,0.12
11100,2026-03-01 21:44:15,USR_2099,user_202,Market volatility is extremely high today. Make sure to manage your risks carefully.,#Crypto;#Finance;#Trading,636,136,61,New York USA,Neutral,-0.06
11101,2026-03-01 21:45:00,USR_2100,user_203,Morning 10k run completed! Feeling energized and ready to tackle the week ahead.,#Fitness;#RunnersHigh;#Health,433,179,58,Chicago USA,Positive,0.87
11102,2026-03-01 21:45:45,USR_2101,user_204,The movie trailer released today looks completely underwhelming. Expectations ruined.,#MovieNews;#CinemaFail,589,166,58,Los Angeles USA,Negative,-0.64
11103,2026-03-01 21:46:30,USR_2102,user_205,Landing in Tokyo! Super excited to explore the vibrant street food and culture.,#Travel;#Japan;#Wanderlust,170,96,27,Tokyo Japan,Positive,0.99
11104,2026-03-01 21:47:15,USR_2103,user_206,Large language models are transforming modern data processing workflows rapidly.,#AI;#MachineLearning;#BigData,508,175,58,Boston USA,Positive,0.72
11105,2026-03-01 21:48:00,USR_2104,user_207,Servers are down again during the tournament. Extremely frustrating update!,#Gaming;#ServerDown;#Esports,569,46,54,Austin USA,Negative,-0.76
11106,2026-03-01 21:48:45,USR_2105,user_208,Attended the annual cloud computing conference. So many great insights on distributed systems.,#CloudComputing;#DevOps;#TechConference,549,66,46,Seattle USA,Positive,0.9
11107,2026-03-01 21:49:30,USR_2106,user_209,Flight got canceled last minute without any reasonable explanation. Very disappointing service.,#AirlineFail;#TravelProblems,458,115,18,Atlanta USA,Negative,-0.93
11108,2026-03-01 21:50:15,USR_2107,user_210,Started reading a new science fiction novel. The plot is turning out to be super captivating.,#Books;#SciFi;#ReadingList,530,138,30,London UK,Positive,0.83
11109,2026-03-01 21:51:00,USR_2108,user_211,Electric vehicles are becoming more affordable and accessible every year.,#EV;#Automotive;#CleanEnergy,360,116,32,Berlin Germany,Positive,0.66
11110,2026-03-01 21:51:45,USR_2109,user_212,Heavy rain and flooding reported across the southern district. Stay safe everyone!,#WeatherAlert;#SafetyFirst,513,152,48,Mumbai India,Negative,-0.39
11111,2026-03-01 21:52:30,USR_2110,user_213,Upgraded to the new smartphone today! The camera speed and display are absolutely incredible.,#Tech;#NewPhone;#TechTrends,324,161,19,San Francisco USA,Positive,0.82
11112,2026-03-01 21:53:15,USR_2111,user_214,Public transit delayed for the third time this week. Terrible service during peak hours!,#TransitFail;#CityLife,341,189,32,London UK,Negative,-0.74
11113,2026-03-01 21:54:00,USR_2112,user_215,Switching to solar energy for our home. The installation was smooth and efficient.,#GoGreen;#SolarEnergy;#Sustainability,192,123,12,Sydney Australia,Positive,0.71
11114,2026-03-01 21:54:45,USR_2113,user_216,"Tried the new vegan cafe downtown. Food was average, but the iced coffee was good.",#Foodie;#Vegan;#CafeVibes,242,116,46,Toronto Canada,Neutral,0.2
11115,2026-03-01 21:55:30,USR_2114,user_217,Market volatility is extremely high today. Make sure to manage your risks carefully.,#Crypto;#Finance;#Trading,327,55,31,New York USA,Neutral,-0.01
11116,2026-03-01 21:56:15,USR_2115,user_218,Morning 10k run completed! Feeling energized and ready to tackle the week ahead.,#Fitness;#RunnersHigh;#Health,579,134,32,Chicago USA,Positive,0.85
11117,2026-03-01 21:57:00,USR_2116,user_219,The movie trailer released today looks completely underwhelming. Expectations ruined.,#MovieNews;#CinemaFail,559,154,35,Los Angeles USA,Negative,-0.62
11118,2026-03-01 21:57:45,USR_2117,user_220,Landing in Tokyo! Super excited to explore the vibrant street food and culture.,#Travel;#Japan;#Wanderlust,374,106,57,Tokyo Japan,Positive,0.96
11119,2026-03-01 21:58:30,USR_2118,user_221,Large language models are transforming modern data processing workflows rapidly.,#AI;#MachineLearning;#BigData,442,171,38,Boston USA,Positive,0.73
11120,2026-03-01 21:59:15,USR_2119,user_222,Servers are down again during the tournament. Extremely frustrating update!,#Gaming;#ServerDown;#Esports,250,143,62,Austin USA,Negative,-0.82
11121,2026-03-01 22:00:00,USR_2120,user_223,Attended the annual cloud computing conference. So many great insights on distributed systems.,#CloudComputing;#DevOps;#TechConference,298,133,39,Seattle USA,Positive,0.85
11122,2026-03-01 22:00:45,USR_2121,user_224,Flight got canceled last minute without any reasonable explanation. Very disappointing service.,#AirlineFail;#TravelProblems,564,63,18,Atlanta USA,Negative,-0.84
11123,2026-03-01 22:01:30,USR_2122,user_225,Started reading a new science fiction novel. The plot is turning out to be super captivating.,#Books;#SciFi;#ReadingList,184,117,28,London UK,Positive,0.73
11124,2026-03-01 22:02:15,USR_2123,user_226,Electric vehicles are becoming more affordable and accessible every year.,#EV;#Automotive;#CleanEnergy,160,49,43,Berlin Germany,Positive,0.78
11125,2026-03-01 22:03:00,USR_2124,user_227,Heavy rain and flooding reported across the southern district. Stay safe everyone!,#WeatherAlert;#SafetyFirst,455,97,55,Mumbai India,Negative,-0.38
11126,2026-03-01 22:03:45,USR_2125,user_228,Upgraded to the new smartphone today! The camera speed and display are absolutely incredible.,#Tech;#NewPhone;#TechTrends,361,95,44,San Francisco USA,Positive,0.77
11127,2026-03-01 22:04:30,USR_2126,user_229,Public transit delayed for the third time this week. Terrible service during peak hours!,#TransitFail;#CityLife,261,127,53,London UK,Negative,-0.8
11128,2026-03-01 22:05:15,USR_2127,user_230,Switching to solar energy for our home. The installation was smooth and efficient.,#GoGreen;#SolarEnergy;#Sustainability,497,195,49,Sydney Australia,Positive,0.82
11129,2026-03-01 22:06:00,USR_2128,user_231,"Tried the new vegan cafe downtown. Food was average, but the iced coffee was good.",#Foodie;#Vegan;#CafeVibes,300,106,61,Toronto Canada,Neutral,0.13
11130,2026-03-01 22:06:45,USR_2129,user_232,Market volatility is extremely high today. Make sure to manage your risks carefully.,#Crypto;#Finance;#Trading,332,94,50,New York USA,Neutral,-0.11
11131,2026-03-01 22:07:30,USR_2130,user_233,Morning 10k run completed! Feeling energized and ready to tackle the week ahead.,#Fitness;#RunnersHigh;#Health,401,121,11,Chicago USA,Positive,0.94
11132,2026-03-01 22:08:15,USR_2131,user_234,The movie trailer released today looks completely underwhelming. Expectations ruined.,#MovieNews;#CinemaFail,309,193,63,Los Angeles USA,Negative,-0.64
11133,2026-03-01 22:09:00,USR_2132,user_235,Landing in Tokyo! Super excited to explore the vibrant street food and culture.,#Travel;#Japan;#Wanderlust,185,114,59,Tokyo Japan,Positive,0.96
11134,2026-03-01 22:09:45,USR_2133,user_236,Large language models are transforming modern data processing workflows rapidly.,#AI;#MachineLearning;#BigData,465,160,17,Boston USA,Positive,0.75
11135,2026-03-01 22:10:30,USR_2134,user_237,Servers are down again during the tournament. Extremely frustrating update!,#Gaming;#ServerDown;#Esports,513,100,27,Austin USA,Negative,-0.87
11136,2026-03-01 22:11:15,USR_2135,user_238,Attended the annual cloud computing conference. So many great insights on distributed systems.,#CloudComputing;#DevOps;#TechConference,180,47,58,Seattle USA,Positive,0.86
11137,2026-03-01 22:12:00,USR_2136,user_239,Flight got canceled last minute without any reasonable explanation. Very disappointing service.,#AirlineFail;#TravelProblems,239,84,33,Atlanta USA,Negative,-0.86
11138,2026-03-01 22:12:45,USR_2137,user_240,Started reading a new science fiction novel. The plot is turning out to be super captivating.,#Books;#SciFi;#ReadingList,419,159,70,London UK,Positive,0.76
11139,2026-03-01 22:13:30,USR_2138,user_241,Electric vehicles are becoming more affordable and accessible every year.,#EV;#Automotive;#CleanEnergy,264,165,53,Berlin Germany,Positive,0.62
11140,2026-03-01 22:14:15,USR_2139,user_242,Heavy rain and flooding reported across the southern district. Stay safe everyone!,#WeatherAlert;#SafetyFirst,575,48,31,Mumbai India,Negative,-0.47
11141,2026-03-01 22:15:00,USR_2140,user_243,Upgraded to the new smartphone today! The camera speed and display are absolutely incredible.,#Tech;#NewPhone;#TechTrends,202,192,14,San Francisco USA,Positive,0.92
11142,2026-03-01 22:15:45,USR_2141,user_244,Public transit delayed for the third time this week. Terrible service during peak hours!,#TransitFail;#CityLife,478,186,54,London UK,Negative,-0.78
11143,2026-03-01 22:16:30,USR_2142,user_245,Switching to solar energy for our home. The installation was smooth and efficient.,#GoGreen;#SolarEnergy;#Sustainability,180,137,19,Sydney Australia,Positive,0.8
11144,2026-03-01 22:17:15,USR_2143,user_246,"Tried the new vegan cafe downtown. Food was average, but the iced coffee was good.",#Foodie;#Vegan;#CafeVibes,448,115,39,Toronto Canada,Neutral,0.15
11145,2026-03-01 22:18:00,USR_2144,user_247,Market volatility is extremely high today. Make sure to manage your risks carefully.,#Crypto;#Finance;#Trading,600,121,57,New York USA,Neutral,-0.07
11146,2026-03-01 22:18:45,USR_2145,user_248,Morning 10k run completed! Feeling energized and ready to tackle the week ahead.,#Fitness;#RunnersHigh;#Health,490,81,22,Chicago USA,Positive,0.84
11147,2026-03-01 22:19:30,USR_2146,user_249,The movie trailer released today looks completely underwhelming. Expectations ruined.,#MovieNews;#CinemaFail,603,58,31,Los Angeles USA,Negative,-0.59
11148,2026-03-01 22:20:15,USR_2147,user_250,Landing in Tokyo! Super excited to explore the vibrant street food and culture.,#Travel;#Japan;#Wanderlust,350,126,17,Tokyo Japan,Positive,1.0
11149,2026-03-01 22:21:00,USR_2148,user_251,Large language models are transforming modern data processing workflows rapidly.,#AI;#MachineLearning;#BigData,402,129,32,Boston USA,Positive,0.61
11150,2026-03-01 22:21:45,USR_2149,user_252,Servers are down again during the tournament. Extremely frustrating update!,#Gaming;#ServerDown;#Esports,563,87,29,Austin USA,Negative,-0.81
11151,2026-03-01 22:22:30,USR_2150,user_253,Attended the annual cloud computing conference. So many great insights on distributed systems.,#CloudComputing;#DevOps;#TechConference,595,113,13,Seattle USA,Positive,0.87
11152,2026-03-01 22:23:15,USR_2151,user_254,Flight got canceled last minute without any reasonable explanation. Very disappointing service.,#AirlineFail;#TravelProblems,263,74,51,Atlanta USA,Negative,-0.93
11153,2026-03-01 22:24:00,USR_2152,user_255,Started reading a new science fiction novel. The plot is turning out to be super captivating.,#Books;#SciFi;#ReadingList,248,187,32,London UK,Positive,0.74
11154,2026-03-01 22:24:45,USR_2153,user_256,Electric vehicles are becoming more affordable and accessible every year.,#EV;#Automotive;#CleanEnergy,431,168,26,Berlin Germany,Positive,0.68
11155,2026-03-01 22:25:30,USR_2154,user_257,Heavy rain and flooding reported across the southern district. Stay safe everyone!,#WeatherAlert;#SafetyFirst,254,138,14,Mumbai India,Negative,-0.33
11156,2026-03-01 22:26:15,USR_2155,user_258,Upgraded to the new smartphone today! The camera speed and display are absolutely incredible.,#Tech;#NewPhone;#TechTrends,449,110,16,San Francisco USA,Positive,0.77
11157,2026-03-01 22:27:00,USR_2156,user_259,Public transit delayed for the third time this week. Terrible service during peak hours!,#TransitFail;#CityLife,397,94,59,London UK,Negative,-0.73
11158,2026-03-01 22:27:45,USR_2157,user_260,Switching to solar energy for our home. The installation was smooth and efficient.,#GoGreen;#SolarEnergy;#Sustainability,400,65,50,Sydney Australia,Positive,0.73
11159,2026-03-01 22:28:30,USR_2158,user_261,"Tried the new vegan cafe downtown. Food was average, but the iced coffee was good.",#Foodie;#Vegan;#CafeVibes,443,134,20,Toronto Canada,Neutral,0.1
11160,2026-03-01 22:29:15,USR_2159,user_262,Market volatility is extremely high today. Make sure to manage your risks carefully.,#Crypto;#Finance;#Trading,457,100,25,New York USA,Neutral,-0.08
11161,2026-03-01 22:30:00,USR_2160,user_263,Morning 10k run completed! Feeling energized and ready to tackle the week ahead.,#Fitness;#RunnersHigh;#Health,149,99,34,Chicago USA,Positive,0.9
11162,2026-03-01 22:30:45,USR_2161,user_264,The movie trailer released today looks completely underwhelming. Expectations ruined.,#MovieNews;#CinemaFail,361,103,28,Los Angeles USA,Negative,-0.7
11163,2026-03-01 22:31:30,USR_2162,user_265,Landing in Tokyo! Super excited to explore the vibrant street food and culture.,#Travel;#Japan;#Wanderlust,296,148,28,Tokyo Japan,Positive,0.96
11164,2026-03-01 22:32:15,USR_2163,user_266,Large language models are transforming modern data processing workflows rapidly.,#AI;#MachineLearning;#BigData,515,73,51,Boston USA,Positive,0.67
11165,2026-03-01 22:33:00,USR_2164,user_267,Servers are down again during the tournament. Extremely frustrating update!,#Gaming;#ServerDown;#Esports,239,108,11,Austin USA,Negative,-0.85
11166,2026-03-01 22:33:45,USR_2165,user_268,Attended the annual cloud computing conference. So many great insights on distributed systems.,#CloudComputing;#DevOps;#TechConference,332,131,40,Seattle USA,Positive,0.79
11167,2026-03-01 22:34:30,USR_2166,user_269,Flight got canceled last minute without any reasonable explanation. Very disappointing service.,#AirlineFail;#TravelProblems,361,147,19,Atlanta USA,Negative,-0.9
11168,2026-03-01 22:35:15,USR_2167,user_270,Started reading a new science fiction novel. The plot is turning out to be super captivating.,#Books;#SciFi;#ReadingList,524,113,27,London UK,Positive,0.8
11169,2026-03-01 22:36:00,USR_2168,user_271,Electric vehicles are becoming more affordable and accessible every year.,#EV;#Automotive;#CleanEnergy,467,95,47,Berlin Germany,Positive,0.68
11170,2026-03-01 22:36:45,USR_2169,user_272,Heavy rain and flooding reported across the southern district. Stay safe everyone!,#WeatherAlert;#SafetyFirst,507,58,21,Mumbai India,Negative,-0.45
11171,2026-03-01 22:37:30,USR_2170,user_273,Upgraded to the new smartphone today! The camera speed and display are absolutely incredible.,#Tech;#NewPhone;#TechTrends,482,85,52,San Francisco USA,Positive,0.87
11172,2026-03-01 22:38:15,USR_2171,user_274,Public transit delayed for the third time this week. Terrible service during peak hours!,#TransitFail;#CityLife,370,159,45,London UK,Negative,-0.66
11173,2026-03-01 22:39:00,USR_2172,user_275,Switching to solar energy for our home. The installation was smooth and efficient.,#GoGreen;#SolarEnergy;#Sustainability,304,82,46,Sydney Australia,Positive,0.82
11174,2026-03-01 22:39:45,USR_2173,user_276,"Tried the new vegan cafe downtown. Food was average, but the iced coffee was good.",#Foodie;#Vegan;#CafeVibes,221,85,40,Toronto Canada,Neutral,0.16
11175,2026-03-01 22:40:30,USR_2174,user_277,Market volatility is extremely high today. Make sure to manage your risks carefully.,#Crypto;#Finance;#Trading,316,155,18,New York USA,Neutral,0.02
11176,2026-03-01 22:41:15,USR_2175,user_278,Morning 10k run completed! Feeling energized and ready to tackle the week ahead.,#Fitness;#RunnersHigh;#Health,359,173,53,Chicago USA,Positive,0.97
11177,2026-03-01 22:42:00,USR_2176,user_279,The movie trailer released today looks completely underwhelming. Expectations ruined.,#MovieNews;#CinemaFail,429,135,45,Los Angeles USA,Negative,-0.63
11178,2026-03-01 22:42:45,USR_2177,user_280,Landing in Tokyo! Super excited to explore the vibrant street food and culture.,#Travel;#Japan;#Wanderlust,346,173,47,Tokyo Japan,Positive,0.96
11179,2026-03-01 22:43:30,USR_2178,user_281,Large language models are transforming modern data processing workflows rapidly.,#AI;#MachineLearning;#BigData,175,158,57,Boston USA,Positive,0.7
11180,2026-03-01 22:44:15,USR_2179,user_282,Servers are down again during the tournament. Extremely frustrating update!,#Gaming;#ServerDown;#Esports,166,100,22,Austin USA,Negative,-0.8
11181,2026-03-01 22:45:00,USR_2180,user_283,Attended the annual cloud computing conference. So many great insights on distributed systems.,#CloudComputing;#DevOps;#TechConference,392,151,27,Seattle USA,Positive,0.81
11182,2026-03-01 22:45:45,USR_2181,user_284,Flight got canceled last minute without any reasonable explanation. Very disappointing service.,#AirlineFail;#TravelProblems,657,81,17,Atlanta USA,Negative,-0.88
11183,2026-03-01 22:46:30,USR_2182,user_285,Started reading a new science fiction novel. The plot is turning out to be super captivating.,#Books;#SciFi;#ReadingList,390,125,47,London UK,Positive,0.82
11184,2026-03-01 22:47:15,USR_2183,user_286,Electric vehicles are becoming more affordable and accessible every year.,#EV;#Automotive;#CleanEnergy,431,97,46,Berlin Germany,Positive,0.71
11185,2026-03-01 22:48:00,USR_2184,user_287,Heavy rain and flooding reported across the southern district. Stay safe everyone!,#WeatherAlert;#SafetyFirst,413,155,50,Mumbai India,Negative,-0.42
11186,2026-03-01 22:48:45,USR_2185,user_288,Upgraded to the new smartphone today! The camera speed and display are absolutely incredible.,#Tech;#NewPhone;#TechTrends,194,31,23,San Francisco USA,Positive,0.83
11187,2026-03-01 22:49:30,USR_2186,user_289,Public transit delayed for the third time this week. Terrible service during peak hours!,#TransitFail;#CityLife,559,144,69,London UK,Negative,-0.7
11188,2026-03-01 22:50:15,USR_2187,user_290,Switching to solar energy for our home. The installation was smooth and efficient.,#GoGreen;#SolarEnergy;#Sustainability,318,106,35,Sydney Australia,Positive,0.86
11189,2026-03-01 22:51:00,USR_2188,user_291,"Tried the new vegan cafe downtown. Food was average, but the iced coffee was good.",#Foodie;#Vegan;#CafeVibes,260,55,54,Toronto Canada,Neutral,0.09
11190,2026-03-01 22:51:45,USR_2189,user_292,Market volatility is extremely high today. Make sure to manage your risks carefully.,#Crypto;#Finance;#Trading,170,118,25,New York USA,Neutral,-0.03
11191,2026-03-01 22:52:30,USR_2190,user_293,Morning 10k run completed! Feeling energized and ready to tackle the week ahead.,#Fitness;#RunnersHigh;#Health,625,70,27,Chicago USA,Positive,0.96
11192,2026-03-01 22:53:15,USR_2191,user_294,The movie trailer released today looks completely underwhelming. Expectations ruined.,#MovieNews;#CinemaFail,401,46,60,Los Angeles USA,Negative,-0.7
11193,2026-03-01 22:54:00,USR_2192,user_295,Landing in Tokyo! Super excited to explore the vibrant street food and culture.,#Travel;#Japan;#Wanderlust,176,179,51,Tokyo Japan,Positive,0.94
11194,2026-03-01 22:54:45,USR_2193,user_296,Large language models are transforming modern data processing workflows rapidly.,#AI;#MachineLearning;#BigData,414,131,36,Boston USA,Positive,0.64
11195,2026-03-01 22:55:30,USR_2194,user_297,Servers are down again during the tournament. Extremely frustrating update!,#Gaming;#ServerDown;#Esports,549,81,47,Austin USA,Negative,-0.8
11196,2026-03-01 22:56:15,USR_2195,user_298,Attended the annual cloud computing conference. So many great insights on distributed systems.,#CloudComputing;#DevOps;#TechConference,597,68,61,Seattle USA,Positive,0.78
11197,2026-03-01 22:57:00,USR_2196,user_299,Flight got canceled last minute without any reasonable explanation. Very disappointing service.,#AirlineFail;#TravelProblems,539,50,54,Atlanta USA,Negative,-0.94
11198,2026-03-01 22:57:45,USR_2197,user_300,Started reading a new science fiction novel. The plot is turning out to be super captivating.,#Books;#SciFi;#ReadingList,305,49,11,London UK,Positive,0.75
11199,2026-03-01 22:58:30,USR_2198,user_301,Electric vehicles are becoming more affordable and accessible every year.,#EV;#Automotive;#CleanEnergy,604,142,11,Berlin Germany,Positive,0.63
11200,2026-03-01 22:59:15,USR_2199,user_302,Heavy rain and flooding reported across the southern district. Stay safe everyone!,#WeatherAlert;#SafetyFirst,202,135,33,Mumbai India,Negative,-0.47
11201,2026-03-01 23:00:00,USR_2200,user_303,Upgraded to the new smartphone today! The camera speed and display are absolutely incredible.,#Tech;#NewPhone;#TechTrends,160,61,24,San Francisco USA,Positive,0.88
11202,2026-03-01 23:00:45,USR_2201,user_304,Public transit delayed for the third time this week. Terrible service during peak hours!,#TransitFail;#CityLife,203,130,32,London UK,Negative,-0.79
11203,2026-03-01 23:01:30,USR_2202,user_305,Switching to solar energy for our home. The installation was smooth and efficient.,#GoGreen;#SolarEnergy;#Sustainability,618,62,54,Sydney Australia,Positive,0.85
11204,2026-03-01 23:02:15,USR_2203,user_306,"Tried the new vegan cafe downtown. Food was average, but the iced coffee was good.",#Foodie;#Vegan;#CafeVibes,470,60,52,Toronto Canada,Neutral,0.07
11205,2026-03-01 23:03:00,USR_2204,user_307,Market volatility is extremely high today. Make sure to manage your risks carefully.,#Crypto;#Finance;#Trading,195,68,61,New York USA,Neutral,0.01
11206,2026-03-01 23:03:45,USR_2205,user_308,Morning 10k run completed! Feeling energized and ready to tackle the week ahead.,#Fitness;#RunnersHigh;#Health,400,50,38,Chicago USA,Positive,0.92
11207,2026-03-01 23:04:30,USR_2206,user_309,The movie trailer released today looks completely underwhelming. Expectations ruined.,#MovieNews;#CinemaFail,413,63,34,Los Angeles USA,Negative,-0.67
11208,2026-03-01 23:05:15,USR_2207,user_310,Landing in Tokyo! Super excited to explore the vibrant street food and culture.,#Travel;#Japan;#Wanderlust,357,99,50,Tokyo Japan,Positive,0.91
11209,2026-03-01 23:06:00,USR_2208,user_311,Large language models are transforming modern data processing workflows rapidly.,#AI;#MachineLearning;#BigData,494,40,49,Boston USA,Positive,0.66
11210,2026-03-01 23:06:45,USR_2209,user_312,Servers are down again during the tournament. Extremely frustrating update!,#Gaming;#ServerDown;#Esports,218,189,25,Austin USA,Negative,-0.77
11211,2026-03-01 23:07:30,USR_2210,user_313,Attended the annual cloud computing conference. So many great insights on distributed systems.,#CloudComputing;#DevOps;#TechConference,502,118,52,Seattle USA,Positive,0.81
11212,2026-03-01 23:08:15,USR_2211,user_314,Flight got canceled last minute without any reasonable explanation. Very disappointing service.,#AirlineFail;#TravelProblems,542,140,65,Atlanta USA,Negative,-0.83
11213,2026-03-01 23:09:00,USR_2212,user_315,Started reading a new science fiction novel. The plot is turning out to be super captivating.,#Books;#SciFi;#ReadingList,286,45,43,London UK,Positive,0.75
11214,2026-03-01 23:09:45,USR_2213,user_316,Electric vehicles are becoming more affordable and accessible every year.,#EV;#Automotive;#CleanEnergy,545,32,36,Berlin Germany,Positive,0.67
11215,2026-03-01 23:10:30,USR_2214,user_317,Heavy rain and flooding reported across the southern district. Stay safe everyone!,#WeatherAlert;#SafetyFirst,423,76,43,Mumbai India,Negative,-0.47
11216,2026-03-01 23:11:15,USR_2215,user_318,Upgraded to the new smartphone today! The camera speed and display are absolutely incredible.,#Tech;#NewPhone;#TechTrends,613,136,41,San Francisco USA,Positive,0.83
11217,2026-03-01 23:12:00,USR_2216,user_319,Public transit delayed for the third time this week. Terrible service during peak hours!,#TransitFail;#CityLife,628,76,57,London UK,Negative,-0.69
11218,2026-03-01 23:12:45,USR_2217,user_320,Switching to solar energy for our home. The installation was smooth and efficient.,#GoGreen;#SolarEnergy;#Sustainability,438,82,56,Sydney Australia,Positive,0.83
11219,2026-03-01 23:13:30,USR_2218,user_321,"Tried the new vegan cafe downtown. Food was average, but the iced coffee was good.",#Foodie;#Vegan;#CafeVibes,351,126,25,Toronto Canada,Neutral,0.11
11220,2026-03-01 23:14:15,USR_2219,user_322,Market volatility is extremely high today. Make sure to manage your risks carefully.,#Crypto;#Finance;#Trading,605,91,35,New York USA,Neutral,-0.13
11221,2026-03-01 23:15:00,USR_2220,user_323,Morning 10k run completed! Feeling energized and ready to tackle the week ahead.,#Fitness;#RunnersHigh;#Health,242,60,60,Chicago USA,Positive,1.0
11222,2026-03-01 23:15:45,USR_2221,user_324,The movie trailer released today looks completely underwhelming. Expectations ruined.,#MovieNews;#CinemaFail,613,145,59,Los Angeles USA,Negative,-0.6
11223,2026-03-01 23:16:30,USR_2222,user_325,Landing in Tokyo! Super excited to explore the vibrant street food and culture.,#Travel;#Japan;#Wanderlust,334,154,36,Tokyo Japan,Positive,0.89
11224,2026-03-01 23:17:15,USR_2223,user_326,Large language models are transforming modern data processing workflows rapidly.,#AI;#MachineLearning;#BigData,215,186,37,Boston USA,Positive,0.62
11225,2026-03-01 23:18:00,USR_2224,user_327,Servers are down again during the tournament. Extremely frustrating update!,#Gaming;#ServerDown;#Esports,330,77,39,Austin USA,Negative,-0.87
11226,2026-03-01 23:18:45,USR_2225,user_328,Attended the annual cloud computing conference. So many great insights on distributed systems.,#CloudComputing;#DevOps;#TechConference,554,154,36,Seattle USA,Positive,0.84
11227,2026-03-01 23:19:30,USR_2226,user_329,Flight got canceled last minute without any reasonable explanation. Very disappointing service.,#AirlineFail;#TravelProblems,177,178,51,Atlanta USA,Negative,-0.93
11228,2026-03-01 23:20:15,USR_2227,user_330,Started reading a new science fiction novel. The plot is turning out to be super captivating.,#Books;#SciFi;#ReadingList,249,168,27,London UK,Positive,0.81
11229,2026-03-01 23:21:00,USR_2228,user_331,Electric vehicles are becoming more affordable and accessible every year.,#EV;#Automotive;#CleanEnergy,484,73,42,Berlin Germany,Positive,0.76
11230,2026-03-01 23:21:45,USR_2229,user_332,Heavy rain and flooding reported across the southern district. Stay safe everyone!,#WeatherAlert;#SafetyFirst,543,127,56,Mumbai India,Negative,-0.37
11231,2026-03-01 23:22:30,USR_2230,user_333,Upgraded to the new smartphone today! The camera speed and display are absolutely incredible.,#Tech;#NewPhone;#TechTrends,427,39,30,San Francisco USA,Positive,0.85
11232,2026-03-01 23:23:15,USR_2231,user_334,Public transit delayed for the third time this week. Terrible service during peak hours!,#TransitFail;#CityLife,260,169,29,London UK,Negative,-0.73
11233,2026-03-01 23:24:00,USR_2232,user_335,Switching to solar energy for our home. The installation was smooth and efficient.,#GoGreen;#SolarEnergy;#Sustainability,300,189,65,Sydney Australia,Positive,0.74
11234,2026-03-01 23:24:45,USR_2233,user_336,"Tried the new vegan cafe downtown. Food was average, but the iced coffee was good.",#Foodie;#Vegan;#CafeVibes,416,58,46,Toronto Canada,Neutral,0.08
11235,2026-03-01 23:25:30,USR_2234,user_337,Market volatility is extremely high today. Make sure to manage your risks carefully.,#Crypto;#Finance;#Trading,345,146,36,New York USA,Neutral,0.02
11236,2026-03-01 23:26:15,USR_2235,user_338,Morning 10k run completed! Feeling energized and ready to tackle the week ahead.,#Fitness;#RunnersHigh;#Health,445,113,15,Chicago USA,Positive,0.95
11237,2026-03-01 23:27:00,USR_2236,user_339,The movie trailer released today looks completely underwhelming. Expectations ruined.,#MovieNews;#CinemaFail,169,158,45,Los Angeles USA,Negative,-0.66
11238,2026-03-01 23:27:45,USR_2237,user_340,Landing in Tokyo! Super excited to explore the vibrant street food and culture.,#Travel;#Japan;#Wanderlust,285,175,54,Tokyo Japan,Positive,0.99
11239,2026-03-01 23:28:30,USR_2238,user_341,Large language models are transforming modern data processing workflows rapidly.,#AI;#MachineLearning;#BigData,464,46,45,Boston USA,Positive,0.71
11240,2026-03-01 23:29:15,USR_2239,user_342,Servers are down again during the tournament. Extremely frustrating update!,#Gaming;#ServerDown;#Esports,609,91,38,Austin USA,Negative,-0.89
11241,2026-03-01 23:30:00,USR_2240,user_343,Attended the annual cloud computing conference. So many great insights on distributed systems.,#CloudComputing;#DevOps;#TechConference,430,122,39,Seattle USA,Positive,0.79
11242,2026-03-01 23:30:45,USR_2241,user_344,Flight got canceled last minute without any reasonable explanation. Very disappointing service.,#AirlineFail;#TravelProblems,295,79,59,Atlanta USA,Negative,-0.8
11243,2026-03-01 23:31:30,USR_2242,user_345,Started reading a new science fiction novel. The plot is turning out to be super captivating.,#Books;#SciFi;#ReadingList,401,41,38,London UK,Positive,0.76
11244,2026-03-01 23:32:15,USR_2243,user_346,Electric vehicles are becoming more affordable and accessible every year.,#EV;#Automotive;#CleanEnergy,356,105,35,Berlin Germany,Positive,0.71
11245,2026-03-01 23:33:00,USR_2244,user_347,Heavy rain and flooding reported across the southern district. Stay safe everyone!,#WeatherAlert;#SafetyFirst,383,172,22,Mumbai India,Negative,-0.47
11246,2026-03-01 23:33:45,USR_2245,user_348,Upgraded to the new smartphone today! The camera speed and display are absolutely incredible.,#Tech;#NewPhone;#TechTrends,557,108,43,San Francisco USA,Positive,0.81
11247,2026-03-01 23:34:30,USR_2246,user_349,Public transit delayed for the third time this week. Terrible service during peak hours!,#TransitFail;#CityLife,623,108,34,London UK,Negative,-0.64
11248,2026-03-01 23:35:15,USR_2247,user_350,Switching to solar energy for our home. The installation was smooth and efficient.,#GoGreen;#SolarEnergy;#Sustainability,334,105,60,Sydney Australia,Positive,0.78
11249,2026-03-01 23:36:00,USR_2248,user_351,"Tried the new vegan cafe downtown. Food was average, but the iced coffee was good.",#Foodie;#Vegan;#CafeVibes,335,68,15,Toronto Canada,Neutral,0.15
11250,2026-03-01 23:36:45,USR_2249,user_352,Market volatility is extremely high today. Make sure to manage your risks carefully.,#Crypto;#Finance;#Trading,173,165,40,New York USA,Neutral,-0.03
11251,2026-03-01 23:37:30,USR_2250,user_353,Morning 10k run completed! Feeling energized and ready to tackle the week ahead.,#Fitness;#RunnersHigh;#Health,606,138,27,Chicago USA,Positive,0.99
11252,2026-03-01 23:38:15,USR_2251,user_354,The movie trailer released today looks completely underwhelming. Expectations ruined.,#MovieNews;#CinemaFail,335,141,41,Los Angeles USA,Negative,-0.6
11253,2026-03-01 23:39:00,USR_2252,user_355,Landing in Tokyo! Super excited to explore the vibrant street food and culture.,#Travel;#Japan;#Wanderlust,622,118,26,Tokyo Japan,Positive,0.89
11254,2026-03-01 23:39:45,USR_2253,user_356,Large language models are transforming modern data processing workflows rapidly.,#AI;#MachineLearning;#BigData,480,147,22,Boston USA,Positive,0.67
11255,2026-03-01 23:40:30,USR_2254,user_357,Servers are down again during the tournament. Extremely frustrating update!,#Gaming;#ServerDown;#Esports,516,121,16,Austin USA,Negative,-0.77
11256,2026-03-01 23:41:15,USR_2255,user_358,Attended the annual cloud computing conference. So many great insights on distributed systems.,#CloudComputing;#DevOps;#TechConference,422,188,47,Seattle USA,Positive,0.75
11257,2026-03-01 23:42:00,USR_2256,user_359,Flight got canceled last minute without any reasonable explanation. Very disappointing service.,#AirlineFail;#TravelProblems,516,116,36,Atlanta USA,Negative,-0.92
11258,2026-03-01 23:42:45,USR_2257,user_360,Started reading a new science fiction novel. The plot is turning out to be super captivating.,#Books;#SciFi;#ReadingList,634,109,37,London UK,Positive,0.83
11259,2026-03-01 23:43:30,USR_2258,user_361,Electric vehicles are becoming more affordable and accessible every year.,#EV;#Automotive;#CleanEnergy,431,74,49,Berlin Germany,Positive,0.72
11260,2026-03-01 23:44:15,USR_2259,user_362,Heavy rain and flooding reported across the southern district. Stay safe everyone!,#WeatherAlert;#SafetyFirst,556,62,20,Mumbai India,Negative,-0.47
11261,2026-03-01 23:45:00,USR_2260,user_363,Upgraded to the new smartphone today! The camera speed and display are absolutely incredible.,#Tech;#NewPhone;#TechTrends,468,55,63,San Francisco USA,Positive,0.88
11262,2026-03-01 23:45:45,USR_2261,user_364,Public transit delayed for the third time this week. Terrible service during peak hours!,#TransitFail;#CityLife,559,59,31,London UK,Negative,-0.79
11263,2026-03-01 23:46:30,USR_2262,user_365,Switching to solar energy for our home. The installation was smooth and efficient.,#GoGreen;#SolarEnergy;#Sustainability,665,111,35,Sydney Australia,Positive,0.75
11264,2026-03-01 23:47:15,USR_2263,user_366,"Tried the new vegan cafe downtown. Food was average, but the iced coffee was good.",#Foodie;#Vegan;#CafeVibes,342,132,62,Toronto Canada,Neutral,0.07
11265,2026-03-01 23:48:00,USR_2264,user_367,Market volatility is extremely high today. Make sure to manage your risks carefully.,#Crypto;#Finance;#Trading,560,146,56,New York USA,Neutral,-0.01
11266,2026-03-01 23:48:45,USR_2265,user_368,Morning 10k run completed! Feeling energized and ready to tackle the week ahead.,#Fitness;#RunnersHigh;#Health,185,127,14,Chicago USA,Positive,0.96
11267,2026-03-01 23:49:30,USR_2266,user_369,The movie trailer released today looks completely underwhelming. Expectations ruined.,#MovieNews;#CinemaFail,297,98,58,Los Angeles USA,Negative,-0.69
11268,2026-03-01 23:50:15,USR_2267,user_370,Landing in Tokyo! Super excited to explore the vibrant street food and culture.,#Travel;#Japan;#Wanderlust,551,67,28,Tokyo Japan,Positive,0.92
11269,2026-03-01 23:51:00,USR_2268,user_371,Large language models are transforming modern data processing workflows rapidly.,#AI;#MachineLearning;#BigData,622,72,54,Boston USA,Positive,0.75
11270,2026-03-01 23:51:45,USR_2269,user_372,Servers are down again during the tournament. Extremely frustrating update!,#Gaming;#ServerDown;#Esports,191,64,20,Austin USA,Negative,-0.87
11271,2026-03-01 23:52:30,USR_2270,user_373,Attended the annual cloud computing conference. So many great insights on distributed systems.,#CloudComputing;#DevOps;#TechConference,343,96,32,Seattle USA,Positive,0.78
11272,2026-03-01 23:53:15,USR_2271,user_374,Flight got canceled last minute without any reasonable explanation. Very disappointing service.,#AirlineFail;#TravelProblems,376,68,66,Atlanta USA,Negative,-0.89
11273,2026-03-01 23:54:00,USR_2272,user_375,Started reading a new science fiction novel. The plot is turning out to be super captivating.,#Books;#SciFi;#ReadingList,454,62,11,London UK,Positive,0.68
11274,2026-03-01 23:54:45,USR_2273,user_376,Electric vehicles are becoming more affordable and accessible every year.,#EV;#Automotive;#CleanEnergy,266,185,26,Berlin Germany,Positive,0.64
11275,2026-03-01 23:55:30,USR_2274,user_377,Heavy rain and flooding reported across the southern district. Stay safe everyone!,#WeatherAlert;#SafetyFirst,609,133,49,Mumbai India,Negative,-0.45
11276,2026-03-01 23:56:15,USR_2275,user_378,Upgraded to the new smartphone today! The camera speed and display are absolutely incredible.,#Tech;#NewPhone;#TechTrends,630,159,23,San Francisco USA,Positive,0.79
11277,2026-03-01 23:57:00,USR_2276,user_379,Public transit delayed for the third time this week. Terrible service during peak hours!,#TransitFail;#CityLife,135,51,13,London UK,Negative,-0.66
11278,2026-03-01 23:57:45,USR_2277,user_380,Switching to solar energy for our home. The installation was smooth and efficient.,#GoGreen;#SolarEnergy;#Sustainability,262,151,65,Sydney Australia,Positive,0.82
11279,2026-03-01 23:58:30,USR_2278,user_381,"Tried the new vegan cafe downtown. Food was average, but the iced coffee was good.",#Foodie;#Vegan;#CafeVibes,286,118,44,Toronto Canada,Neutral,0.22
11280,2026-03-01 23:59:15,USR_2279,user_382,Market volatility is extremely high today. Make sure to manage your risks carefully.,#Crypto;#Finance;#Trading,457,173,54,New York USA,Neutral,-0.12
11281,2026-03-02 00:00:00,USR_2280,user_383,Morning 10k run completed! Feeling energized and ready to tackle the week ahead.,#Fitness;#RunnersHigh;#Health,301,116,29,Chicago USA,Positive,0.85
11282,2026-03-02 00:00:45,USR_2281,user_384,The movie trailer released today looks completely underwhelming. Expectations ruined.,#MovieNews;#CinemaFail,432,177,51,Los Angeles USA,Negative,-0.61
11283,2026-03-02 00:01:30,USR_2282,user_385,Landing in Tokyo! Super excited to explore the vibrant street food and culture.,#Travel;#Japan;#Wanderlust,414,179,13,Tokyo Japan,Positive,0.94
11284,2026-03-02 00:02:15,USR_2283,user_386,Large language models are transforming modern data processing workflows rapidly.,#AI;#MachineLearning;#BigData,353,135,53,Boston USA,Positive,0.73
11285,2026-03-02 00:03:00,USR_2284,user_387,Servers are down again during the tournament. Extremely frustrating update!,#Gaming;#ServerDown;#Esports,661,69,24,Austin USA,Negative,-0.81
11286,2026-03-02 00:03:45,USR_2285,user_388,Attended the annual cloud computing conference. So many great insights on distributed systems.,#CloudComputing;#DevOps;#TechConference,284,45,58,Seattle USA,Positive,0.85
11287,2026-03-02 00:04:30,USR_2286,user_389,Flight got canceled last minute without any reasonable explanation. Very disappointing service.,#AirlineFail;#TravelProblems,344,110,56,Atlanta USA,Negative,-0.95
11288,2026-03-02 00:05:15,USR_2287,user_390,Started reading a new science fiction novel. The plot is turning out to be super captivating.,#Books;#SciFi;#ReadingList,337,123,27,London UK,Positive,0.77
11289,2026-03-02 00:06:00,USR_2288,user_391,Electric vehicles are becoming more affordable and accessible every year.,#EV;#Automotive;#CleanEnergy,561,52,17,Berlin Germany,Positive,0.72
11290,2026-03-02 00:06:45,USR_2289,user_392,Heavy rain and flooding reported across the southern district. Stay safe everyone!,#WeatherAlert;#SafetyFirst,545,111,29,Mumbai India,Negative,-0.44
11291,2026-03-02 00:07:30,USR_2290,user_393,Upgraded to the new smartphone today! The camera speed and display are absolutely incredible.,#Tech;#NewPhone;#TechTrends,322,69,32,San Francisco USA,Positive,0.93
11292,2026-03-02 00:08:15,USR_2291,user_394,Public transit delayed for the third time this week. Terrible service during peak hours!,#TransitFail;#CityLife,309,142,23,London UK,Negative,-0.69
11293,2026-03-02 00:09:00,USR_2292,user_395,Switching to solar energy for our home. The installation was smooth and efficient.,#GoGreen;#SolarEnergy;#Sustainability,295,63,35,Sydney Australia,Positive,0.82
11294,2026-03-02 00:09:45,USR_2293,user_396,"Tried the new vegan cafe downtown. Food was average, but the iced coffee was good.",#Foodie;#Vegan;#CafeVibes,394,54,17,Toronto Canada,Neutral,0.15
11295,2026-03-02 00:10:30,USR_2294,user_397,Market volatility is extremely high today. Make sure to manage your risks carefully.,#Crypto;#Finance;#Trading,492,74,44,New York USA,Neutral,-0.03
11296,2026-03-02 00:11:15,USR_2295,user_398,Morning 10k run completed! Feeling energized and ready to tackle the week ahead.,#Fitness;#RunnersHigh;#Health,584,66,47,Chicago USA,Positive,0.88
11297,2026-03-02 00:12:00,USR_2296,user_399,The movie trailer released today looks completely underwhelming. Expectations ruined.,#MovieNews;#CinemaFail,543,152,53,Los Angeles USA,Negative,-0.6
11298,2026-03-02 00:12:45,USR_2297,user_400,Landing in Tokyo! Super excited to explore the vibrant street food and culture.,#Travel;#Japan;#Wanderlust,383,134,32,Tokyo Japan,Positive,0.96
11299,2026-03-02 00:13:30,USR_2298,user_401,Large language models are transforming modern data processing workflows rapidly.,#AI;#MachineLearning;#BigData,623,167,55,Boston USA,Positive,0.76
11300,2026-03-02 00:14:15,USR_2299,user_402,Servers are down again during the tournament. Extremely frustrating update!,#Gaming;#ServerDown;#Esports,186,162,27,Austin USA,Negative,-0.82
11301,2026-03-02 00:15:00,USR_2300,user_403,Attended the annual cloud computing conference. So many great insights on distributed systems.,#CloudComputing;#DevOps;#TechConference,346,117,44,Seattle USA,Positive,0.79
11302,2026-03-02 00:15:45,USR_2301,user_404,Flight got canceled last minute without any reasonable explanation. Very disappointing service.,#AirlineFail;#TravelProblems,184,44,44,Atlanta USA,Negative,-0.92
11303,2026-03-02 00:16:30,USR_2302,user_405,Started reading a new science fiction novel. The plot is turning out to be super captivating.,#Books;#SciFi;#ReadingList,241,100,24,London UK,Positive,0.8
11304,2026-03-02 00:17:15,USR_2303,user_406,Electric vehicles are becoming more affordable and accessible every year.,#EV;#Automotive;#CleanEnergy,578,105,53,Berlin Germany,Positive,0.72
11305,2026-03-02 00:18:00,USR_2304,user_407,Heavy rain and flooding reported across the southern district. Stay safe everyone!,#WeatherAlert;#SafetyFirst,230,68,47,Mumbai India,Negative,-0.41
11306,2026-03-02 00:18:45,USR_2305,user_408,Upgraded to the new smartphone today! The camera speed and display are absolutely incredible.,#Tech;#NewPhone;#TechTrends,624,148,49,San Francisco USA,Positive,0.85
11307,2026-03-02 00:19:30,USR_2306,user_409,Public transit delayed for the third time this week. Terrible service during peak hours!,#TransitFail;#CityLife,390,159,20,London UK,Negative,-0.66
11308,2026-03-02 00:20:15,USR_2307,user_410,Switching to solar energy for our home. The installation was smooth and efficient.,#GoGreen;#SolarEnergy;#Sustainability,576,136,48,Sydney Australia,Positive,0.73
11309,2026-03-02 00:21:00,USR_2308,user_411,"Tried the new vegan cafe downtown. Food was average, but the iced coffee was good.",#Foodie;#Vegan;#CafeVibes,522,65,72,Toronto Canada,Neutral,0.16
11310,2026-03-02 00:21:45,USR_2309,user_412,Market volatility is extremely high today. Make sure to manage your risks carefully.,#Crypto;#Finance;#Trading,318,166,50,New York USA,Neutral,-0.07
11311,2026-03-02 00:22:30,USR_2310,user_413,Morning 10k run completed! Feeling energized and ready to tackle the week ahead.,#Fitness;#RunnersHigh;#Health,590,69,17,Chicago USA,Positive,0.96
11312,2026-03-02 00:23:15,USR_2311,user_414,The movie trailer released today looks completely underwhelming. Expectations ruined.,#MovieNews;#CinemaFail,403,50,32,Los Angeles USA,Negative,-0.69
11313,2026-03-02 00:24:00,USR_2312,user_415,Landing in Tokyo! Super excited to explore the vibrant street food and culture.,#Travel;#Japan;#Wanderlust,180,90,18,Tokyo Japan,Positive,0.99
11314,2026-03-02 00:24:45,USR_2313,user_416,Large language models are transforming modern data processing workflows rapidly.,#AI;#MachineLearning;#BigData,405,196,46,Boston USA,Positive,0.73
11315,2026-03-02 00:25:30,USR_2314,user_417,Servers are down again during the tournament. Extremely frustrating update!,#Gaming;#ServerDown;#Esports,519,150,26,Austin USA,Negative,-0.81
11316,2026-03-02 00:26:15,USR_2315,user_418,Attended the annual cloud computing conference. So many great insights on distributed systems.,#CloudComputing;#DevOps;#TechConference,619,73,58,Seattle USA,Positive,0.85
11317,2026-03-02 00:27:00,USR_2316,user_419,Flight got canceled last minute without any reasonable explanation. Very disappointing service.,#AirlineFail;#TravelProblems,580,73,66,Atlanta USA,Negative,-0.96
11318,2026-03-02 00:27:45,USR_2317,user_420,Started reading a new science fiction novel. The plot is turning out to be super captivating.,#Books;#SciFi;#ReadingList,171,152,30,London UK,Positive,0.7
11319,2026-03-02 00:28:30,USR_2318,user_421,Electric vehicles are becoming more affordable and accessible every year.,#EV;#Automotive;#CleanEnergy,519,189,50,Berlin Germany,Positive,0.7
11320,2026-03-02 00:29:15,USR_2319,user_422,Heavy rain and flooding reported across the southern district. Stay safe everyone!,#WeatherAlert;#SafetyFirst,452,74,34,Mumbai India,Negative,-0.37
11321,2026-03-02 00:30:00,USR_2320,user_423,Upgraded to the new smartphone today! The camera speed and display are absolutely incredible.,#Tech;#NewPhone;#TechTrends,310,181,45,San Francisco USA,Positive,0.89
11322,2026-03-02 00:30:45,USR_2321,user_424,Public transit delayed for the third time this week. Terrible service during peak hours!,#TransitFail;#CityLife,175,124,67,London UK,Negative,-0.67
11323,2026-03-02 00:31:30,USR_2322,user_425,Switching to solar energy for our home. The installation was smooth and efficient.,#GoGreen;#SolarEnergy;#Sustainability,541,100,27,Sydney Australia,Positive,0.78
11324,2026-03-02 00:32:15,USR_2323,user_426,"Tried the new vegan cafe downtown. Food was average, but the iced coffee was good.",#Foodie;#Vegan;#CafeVibes,406,71,24,Toronto Canada,Neutral,0.09
11325,2026-03-02 00:33:00,USR_2324,user_427,Market volatility is extremely high today. Make sure to manage your risks carefully.,#Crypto;#Finance;#Trading,160,61,51,New York USA,Neutral,-0.11
11326,2026-03-02 00:33:45,USR_2325,user_428,Morning 10k run completed! Feeling energized and ready to tackle the week ahead.,#Fitness;#RunnersHigh;#Health,296,147,24,Chicago USA,Positive,0.91
11327,2026-03-02 00:34:30,USR_2326,user_429,The movie trailer released today looks completely underwhelming. Expectations ruined.,#MovieNews;#CinemaFail,584,177,63,Los Angeles USA,Negative,-0.71
11328,2026-03-02 00:35:15,USR_2327,user_430,Landing in Tokyo! Super excited to explore the vibrant street food and culture.,#Travel;#Japan;#Wanderlust,405,50,45,Tokyo Japan,Positive,1.0
11329,2026-03-02 00:36:00,USR_2328,user_431,Large language models are transforming modern data processing workflows rapidly.,#AI;#MachineLearning;#BigData,345,136,31,Boston USA,Positive,0.64
11330,2026-03-02 00:36:45,USR_2329,user_432,Servers are down again during the tournament. Extremely frustrating update!,#Gaming;#ServerDown;#Esports,447,151,58,Austin USA,Negative,-0.77
11331,2026-03-02 00:37:30,USR_2330,user_433,Attended the annual cloud computing conference. So many great insights on distributed systems.,#CloudComputing;#DevOps;#TechConference,587,105,30,Seattle USA,Positive,0.77
11332,2026-03-02 00:38:15,USR_2331,user_434,Flight got canceled last minute without any reasonable explanation. Very disappointing service.,#AirlineFail;#TravelProblems,338,103,46,Atlanta USA,Negative,-0.93
11333,2026-03-02 00:39:00,USR_2332,user_435,Started reading a new science fiction novel. The plot is turning out to be super captivating.,#Books;#SciFi;#ReadingList,491,179,48,London UK,Positive,0.68
11334,2026-03-02 00:39:45,USR_2333,user_436,Electric vehicles are becoming more affordable and accessible every year.,#EV;#Automotive;#CleanEnergy,602,84,38,Berlin Germany,Positive,0.7
11335,2026-03-02 00:40:30,USR_2334,user_437,Heavy rain and flooding reported across the southern district. Stay safe everyone!,#WeatherAlert;#SafetyFirst,316,177,14,Mumbai India,Negative,-0.43
11336,2026-03-02 00:41:15,USR_2335,user_438,Upgraded to the new smartphone today! The camera speed and display are absolutely incredible.,#Tech;#NewPhone;#TechTrends,603,64,69,San Francisco USA,Positive,0.9
11337,2026-03-02 00:42:00,USR_2336,user_439,Public transit delayed for the third time this week. Terrible service during peak hours!,#TransitFail;#CityLife,563,149,53,London UK,Negative,-0.76
11338,2026-03-02 00:42:45,USR_2337,user_440,Switching to solar energy for our home. The installation was smooth and efficient.,#GoGreen;#SolarEnergy;#Sustainability,370,50,28,Sydney Australia,Positive,0.71
11339,2026-03-02 00:43:30,USR_2338,user_441,"Tried the new vegan cafe downtown. Food was average, but the iced coffee was good.",#Foodie;#Vegan;#CafeVibes,253,68,57,Toronto Canada,Neutral,0.16
11340,2026-03-02 00:44:15,USR_2339,user_442,Market volatility is extremely high today. Make sure to manage your risks carefully.,#Crypto;#Finance;#Trading,383,158,43,New York USA,Neutral,-0.02
11341,2026-03-02 00:45:00,USR_2340,user_443,Morning 10k run completed! Feeling energized and ready to tackle the week ahead.,#Fitness;#RunnersHigh;#Health,164,123,24,Chicago USA,Positive,0.96
11342,2026-03-02 00:45:45,USR_2341,user_444,The movie trailer released today looks completely underwhelming. Expectations ruined.,#MovieNews;#CinemaFail,432,162,29,Los Angeles USA,Negative,-0.69
11343,2026-03-02 00:46:30,USR_2342,user_445,Landing in Tokyo! Super excited to explore the vibrant street food and culture.,#Travel;#Japan;#Wanderlust,312,63,62,Tokyo Japan,Positive,0.99
11344,2026-03-02 00:47:15,USR_2343,user_446,Large language models are transforming modern data processing workflows rapidly.,#AI;#MachineLearning;#BigData,324,129,34,Boston USA,Positive,0.66
11345,2026-03-02 00:48:00,USR_2344,user_447,Servers are down again during the tournament. Extremely frustrating update!,#Gaming;#ServerDown;#Esports,628,84,44,Austin USA,Negative,-0.85
11346,2026-03-02 00:48:45,USR_2345,user_448,Attended the annual cloud computing conference. So many great insights on distributed systems.,#CloudComputing;#DevOps;#TechConference,253,187,54,Seattle USA,Positive,0.89
11347,2026-03-02 00:49:30,USR_2346,user_449,Flight got canceled last minute without any reasonable explanation. Very disappointing service.,#AirlineFail;#TravelProblems,239,157,24,Atlanta USA,Negative,-0.87
11348,2026-03-02 00:50:15,USR_2347,user_450,Started reading a new science fiction novel. The plot is turning out to be super captivating.,#Books;#SciFi;#ReadingList,254,61,63,London UK,Positive,0.74
11349,2026-03-02 00:51:00,USR_2348,user_451,Electric vehicles are becoming more affordable and accessible every year.,#EV;#Automotive;#CleanEnergy,647,77,57,Berlin Germany,Positive,0.74
11350,2026-03-02 00:51:45,USR_2349,user_452,Heavy rain and flooding reported across the southern district. Stay safe everyone!,#WeatherAlert;#SafetyFirst,344,59,37,Mumbai India,Negative,-0.4
11351,2026-03-02 00:52:30,USR_2350,user_453,Upgraded to the new smartphone today! The camera speed and display are absolutely incredible.,#Tech;#NewPhone;#TechTrends,619,172,51,San Francisco USA,Positive,0.84
11352,2026-03-02 00:53:15,USR_2351,user_454,Public transit delayed for the third time this week. Terrible service during peak hours!,#TransitFail;#CityLife,258,84,26,London UK,Negative,-0.7
11353,2026-03-02 00:54:00,USR_2352,user_455,Switching to solar energy for our home. The installation was smooth and efficient.,#GoGreen;#SolarEnergy;#Sustainability,383,105,61,Sydney Australia,Positive,0.76
11354,2026-03-02 00:54:45,USR_2353,user_456,"Tried the new vegan cafe downtown. Food was average, but the iced coffee was good.",#Foodie;#Vegan;#CafeVibes,446,163,18,Toronto Canada,Neutral,0.07
11355,2026-03-02 00:55:30,USR_2354,user_457,Market volatility is extremely high today. Make sure to manage your risks carefully.,#Crypto;#Finance;#Trading,610,161,21,New York USA,Neutral,-0.1
11356,2026-03-02 00:56:15,USR_2355,user_458,Morning 10k run completed! Feeling energized and ready to tackle the week ahead.,#Fitness;#RunnersHigh;#Health,387,44,36,Chicago USA,Positive,0.88
11357,2026-03-02 00:57:00,USR_2356,user_459,The movie trailer released today looks completely underwhelming. Expectations ruined.,#MovieNews;#CinemaFail,242,148,25,Los Angeles USA,Negative,-0.66
11358,2026-03-02 00:57:45,USR_2357,user_460,Landing in Tokyo! Super excited to explore the vibrant street food and culture.,#Travel;#Japan;#Wanderlust,528,107,59,Tokyo Japan,Positive,0.93
11359,2026-03-02 00:58:30,USR_2358,user_461,Large language models are transforming modern data processing workflows rapidly.,#AI;#MachineLearning;#BigData,492,93,59,Boston USA,Positive,0.65
11360,2026-03-02 00:59:15,USR_2359,user_462,Servers are down again during the tournament. Extremely frustrating update!,#Gaming;#ServerDown;#Esports,527,73,21,Austin USA,Negative,-0.86
11361,2026-03-02 01:00:00,USR_2360,user_463,Attended the annual cloud computing conference. So many great insights on distributed systems.,#CloudComputing;#DevOps;#TechConference,201,64,51,Seattle USA,Positive,0.76
11362,2026-03-02 01:00:45,USR_2361,user_464,Flight got canceled last minute without any reasonable explanation. Very disappointing service.,#AirlineFail;#TravelProblems,493,79,60,Atlanta USA,Negative,-0.96
11363,2026-03-02 01:01:30,USR_2362,user_465,Started reading a new science fiction novel. The plot is turning out to be super captivating.,#Books;#SciFi;#ReadingList,642,84,45,London UK,Positive,0.83
11364,2026-03-02 01:02:15,USR_2363,user_466,Electric vehicles are becoming more affordable and accessible every year.,#EV;#Automotive;#CleanEnergy,157,120,62,Berlin Germany,Positive,0.73
11365,2026-03-02 01:03:00,USR_2364,user_467,Heavy rain and flooding reported across the southern district. Stay safe everyone!,#WeatherAlert;#SafetyFirst,244,125,31,Mumbai India,Negative,-0.41
11366,2026-03-02 01:03:45,USR_2365,user_468,Upgraded to the new smartphone today! The camera speed and display are absolutely incredible.,#Tech;#NewPhone;#TechTrends,595,159,43,San Francisco USA,Positive,0.88
11367,2026-03-02 01:04:30,USR_2366,user_469,Public transit delayed for the third time this week. Terrible service during peak hours!,#TransitFail;#CityLife,494,47,19,London UK,Negative,-0.67
11368,2026-03-02 01:05:15,USR_2367,user_470,Switching to solar energy for our home. The installation was smooth and efficient.,#GoGreen;#SolarEnergy;#Sustainability,404,86,66,Sydney Australia,Positive,0.74
11369,2026-03-02 01:06:00,USR_2368,user_471,"Tried the new vegan cafe downtown. Food was average, but the iced coffee was good.",#Foodie;#Vegan;#CafeVibes,248,194,50,Toronto Canada,Neutral,0.17
11370,2026-03-02 01:06:45,USR_2369,user_472,Market volatility is extremely high today. Make sure to manage your risks carefully.,#Crypto;#Finance;#Trading,627,94,53,New York USA,Neutral,-0.04
11371,2026-03-02 01:07:30,USR_2370,user_473,Morning 10k run completed! Feeling energized and ready to tackle the week ahead.,#Fitness;#RunnersHigh;#Health,395,60,50,Chicago USA,Positive,0.99
11372,2026-03-02 01:08:15,USR_2371,user_474,The movie trailer released today looks completely underwhelming. Expectations ruined.,#MovieNews;#CinemaFail,487,191,33,Los Angeles USA,Negative,-0.69
11373,2026-03-02 01:09:00,USR_2372,user_475,Landing in Tokyo! Super excited to explore the vibrant street food and culture.,#Travel;#Japan;#Wanderlust,654,173,25,Tokyo Japan,Positive,0.91
11374,2026-03-02 01:09:45,USR_2373,user_476,Large language models are transforming modern data processing workflows rapidly.,#AI;#MachineLearning;#BigData,547,73,38,Boston USA,Positive,0.66
11375,2026-03-02 01:10:30,USR_2374,user_477,Servers are down again during the tournament. Extremely frustrating update!,#Gaming;#ServerDown;#Esports,505,188,23,Austin USA,Negative,-0.78
11376,2026-03-02 01:11:15,USR_2375,user_478,Attended the annual cloud computing conference. So many great insights on distributed systems.,#CloudComputing;#DevOps;#TechConference,261,41,58,Seattle USA,Positive,0.83
11377,2026-03-02 01:12:00,USR_2376,user_479,Flight got canceled last minute without any reasonable explanation. Very disappointing service.,#AirlineFail;#TravelProblems,451,75,14,Atlanta USA,Negative,-0.95
11378,2026-03-02 01:12:45,USR_2377,user_480,Started reading a new science fiction novel. The plot is turning out to be super captivating.,#Books;#SciFi;#ReadingList,473,129,29,London UK,Positive,0.79
11379,2026-03-02 01:13:30,USR_2378,user_481,Electric vehicles are becoming more affordable and accessible every year.,#EV;#Automotive;#CleanEnergy,468,112,36,Berlin Germany,Positive,0.74
11380,2026-03-02 01:14:15,USR_2379,user_482,Heavy rain and flooding reported across the southern district. Stay safe everyone!,#WeatherAlert;#SafetyFirst,219,137,19,Mumbai India,Negative,-0.46
11381,2026-03-02 01:15:00,USR_2380,user_483,Upgraded to the new smartphone today! The camera speed and display are absolutely incredible.,#Tech;#NewPhone;#TechTrends,184,51,54,San Francisco USA,Positive,0.79
11382,2026-03-02 01:15:45,USR_2381,user_484,Public transit delayed for the third time this week. Terrible service during peak hours!,#TransitFail;#CityLife,228,147,39,London UK,Negative,-0.71
11383,2026-03-02 01:16:30,USR_2382,user_485,Switching to solar energy for our home. The installation was smooth and efficient.,#GoGreen;#SolarEnergy;#Sustainability,222,148,42,Sydney Australia,Positive,0.82
11384,2026-03-02 01:17:15,USR_2383,user_486,"Tried the new vegan cafe downtown. Food was average, but the iced coffee was good.",#Foodie;#Vegan;#CafeVibes,573,53,65,Toronto Canada,Neutral,0.23
11385,2026-03-02 01:18:00,USR_2384,user_487,Market volatility is extremely high today. Make sure to manage your risks carefully.,#Crypto;#Finance;#Trading,447,144,60,New York USA,Neutral,-0.04
11386,2026-03-02 01:18:45,USR_2385,user_488,Morning 10k run completed! Feeling energized and ready to tackle the week ahead.,#Fitness;#RunnersHigh;#Health,594,167,23,Chicago USA,Positive,0.99
11387,2026-03-02 01:19:30,USR_2386,user_489,The movie trailer released today looks completely underwhelming. Expectations ruined.,#MovieNews;#CinemaFail,345,168,56,Los Angeles USA,Negative,-0.57
11388,2026-03-02 01:20:15,USR_2387,user_490,Landing in Tokyo! Super excited to explore the vibrant street food and culture.,#Travel;#Japan;#Wanderlust,246,63,35,Tokyo Japan,Positive,0.91
11389,2026-03-02 01:21:00,USR_2388,user_491,Large language models are transforming modern data processing workflows rapidly.,#AI;#MachineLearning;#BigData,622,59,55,Boston USA,Positive,0.74
11390,2026-03-02 01:21:45,USR_2389,user_492,Servers are down again during the tournament. Extremely frustrating update!,#Gaming;#ServerDown;#Esports,202,146,43,Austin USA,Negative,-0.78
11391,2026-03-02 01:22:30,USR_2390,user_493,Attended the annual cloud computing conference. So many great insights on distributed systems.,#CloudComputing;#DevOps;#TechConference,437,182,51,Seattle USA,Positive,0.84
11392,2026-03-02 01:23:15,USR_2391,user_494,Flight got canceled last minute without any reasonable explanation. Very disappointing service.,#AirlineFail;#TravelProblems,407,56,39,Atlanta USA,Negative,-0.84
11393,2026-03-02 01:24:00,USR_2392,user_495,Started reading a new science fiction novel. The plot is turning out to be super captivating.,#Books;#SciFi;#ReadingList,246,130,10,London UK,Positive,0.7
11394,2026-03-02 01:24:45,USR_2393,user_496,Electric vehicles are becoming more affordable and accessible every year.,#EV;#Automotive;#CleanEnergy,574,53,44,Berlin Germany,Positive,0.78
11395,2026-03-02 01:25:30,USR_2394,user_497,Heavy rain and flooding reported across the southern district. Stay safe everyone!,#WeatherAlert;#SafetyFirst,557,44,33,Mumbai India,Negative,-0.46
11396,2026-03-02 01:26:15,USR_2395,user_498,Upgraded to the new smartphone today! The camera speed and display are absolutely incredible.,#Tech;#NewPhone;#TechTrends,438,57,56,San Francisco USA,Positive,0.92
11397,2026-03-02 01:27:00,USR_2396,user_499,Public transit delayed for the third time this week. Terrible service during peak hours!,#TransitFail;#CityLife,222,75,51,London UK,Negative,-0.72
11398,2026-03-02 01:27:45,USR_2397,user_500,Switching to solar energy for our home. The installation was smooth and efficient.,#GoGreen;#SolarEnergy;#Sustainability,421,110,21,Sydney Australia,Positive,0.84
11399,2026-03-02 01:28:30,USR_2398,user_501,"Tried the new vegan cafe downtown. Food was average, but the iced coffee was good.",#Foodie;#Vegan;#CafeVibes,179,32,61,Toronto Canada,Neutral,0.08
11400,2026-03-02 01:29:15,USR_2399,user_502,Market volatility is extremely high today. Make sure to manage your risks carefully.,#Crypto;#Finance;#Trading,424,68,47,New York USA,Neutral,-0.12
11401,2026-03-02 01:30:00,USR_2400,user_503,Morning 10k run completed! Feeling energized and ready to tackle the week ahead.,#Fitness;#RunnersHigh;#Health,603,75,20,Chicago USA,Positive,0.87
11402,2026-03-02 01:30:45,USR_2401,user_504,The movie trailer released today looks completely underwhelming. Expectations ruined.,#MovieNews;#CinemaFail,599,130,44,Los Angeles USA,Negative,-0.67
11403,2026-03-02 01:31:30,USR_2402,user_505,Landing in Tokyo! Super excited to explore the vibrant street food and culture.,#Travel;#Japan;#Wanderlust,262,84,56,Tokyo Japan,Positive,0.99
11404,2026-03-02 01:32:15,USR_2403,user_506,Large language models are transforming modern data processing workflows rapidly.,#AI;#MachineLearning;#BigData,176,125,42,Boston USA,Positive,0.63
11405,2026-03-02 01:33:00,USR_2404,user_507,Servers are down again during the tournament. Extremely frustrating update!,#Gaming;#ServerDown;#Esports,269,86,55,Austin USA,Negative,-0.77
11406,2026-03-02 01:33:45,USR_2405,user_508,Attended the annual cloud computing conference. So many great insights on distributed systems.,#CloudComputing;#DevOps;#TechConference,488,104,63,Seattle USA,Positive,0.86
11407,2026-03-02 01:34:30,USR_2406,user_509,Flight got canceled last minute without any reasonable explanation. Very disappointing service.,#AirlineFail;#TravelProblems,262,129,34,Atlanta USA,Negative,-0.96
11408,2026-03-02 01:35:15,USR_2407,user_510,Started reading a new science fiction novel. The plot is turning out to be super captivating.,#Books;#SciFi;#ReadingList,375,182,29,London UK,Positive,0.68
11409,2026-03-02 01:36:00,USR_2408,user_511,Electric vehicles are becoming more affordable and accessible every year.,#EV;#Automotive;#CleanEnergy,518,47,54,Berlin Germany,Positive,0.75
11410,2026-03-02 01:36:45,USR_2409,user_512,Heavy rain and flooding reported across the southern district. Stay safe everyone!,#WeatherAlert;#SafetyFirst,345,113,64,Mumbai India,Negative,-0.43
11411,2026-03-02 01:37:30,USR_2410,user_513,Upgraded to the new smartphone today! The camera speed and display are absolutely incredible.,#Tech;#NewPhone;#TechTrends,204,124,37,San Francisco USA,Positive,0.83
11412,2026-03-02 01:38:15,USR_2411,user_514,Public transit delayed for the third time this week. Terrible service during peak hours!,#TransitFail;#CityLife,366,98,60,London UK,Negative,-0.67
11413,2026-03-02 01:39:00,USR_2412,user_515,Switching to solar energy for our home. The installation was smooth and efficient.,#GoGreen;#SolarEnergy;#Sustainability,582,134,56,Sydney Australia,Positive,0.77
11414,2026-03-02 01:39:45,USR_2413,user_516,"Tried the new vegan cafe downtown. Food was average, but the iced coffee was good.",#Foodie;#Vegan;#CafeVibes,191,130,20,Toronto Canada,Neutral,0.09
11415,2026-03-02 01:40:30,USR_2414,user_517,Market volatility is extremely high today. Make sure to manage your risks carefully.,#Crypto;#Finance;#Trading,648,126,68,New York USA,Neutral,0.03
11416,2026-03-02 01:41:15,USR_2415,user_518,Morning 10k run completed! Feeling energized and ready to tackle the week ahead.,#Fitness;#RunnersHigh;#Health,425,149,39,Chicago USA,Positive,0.91
11417,2026-03-02 01:42:00,USR_2416,user_519,The movie trailer released today looks completely underwhelming. Expectations ruined.,#MovieNews;#CinemaFail,295,29,26,Los Angeles USA,Negative,-0.58
11418,2026-03-02 01:42:45,USR_2417,user_520,Landing in Tokyo! Super excited to explore the vibrant street food and culture.,#Travel;#Japan;#Wanderlust,400,109,53,Tokyo Japan,Positive,0.97
11419,2026-03-02 01:43:30,USR_2418,user_521,Large language models are transforming modern data processing workflows rapidly.,#AI;#MachineLearning;#BigData,360,47,30,Boston USA,Positive,0.76
11420,2026-03-02 01:44:15,USR_2419,user_522,Servers are down again during the tournament. Extremely frustrating update!,#Gaming;#ServerDown;#Esports,256,167,39,Austin USA,Negative,-0.85
11421,2026-03-02 01:45:00,USR_2420,user_523,Attended the annual cloud computing conference. So many great insights on distributed systems.,#CloudComputing;#DevOps;#TechConference,307,96,29,Seattle USA,Positive,0.82
11422,2026-03-02 01:45:45,USR_2421,user_524,Flight got canceled last minute without any reasonable explanation. Very disappointing service.,#AirlineFail;#TravelProblems,601,148,14,Atlanta USA,Negative,-0.93
11423,2026-03-02 01:46:30,USR_2422,user_525,Started reading a new science fiction novel. The plot is turning out to be super captivating.,#Books;#SciFi;#ReadingList,594,158,54,London UK,Positive,0.75
11424,2026-03-02 01:47:15,USR_2423,user_526,Electric vehicles are becoming more affordable and accessible every year.,#EV;#Automotive;#CleanEnergy,427,154,60,Berlin Germany,Positive,0.7
11425,2026-03-02 01:48:00,USR_2424,user_527,Heavy rain and flooding reported across the southern district. Stay safe everyone!,#WeatherAlert;#SafetyFirst,492,155,22,Mumbai India,Negative,-0.46
11426,2026-03-02 01:48:45,USR_2425,user_528,Upgraded to the new smartphone today! The camera speed and display are absolutely incredible.,#Tech;#NewPhone;#TechTrends,631,134,24,San Francisco USA,Positive,0.82
11427,2026-03-02 01:49:30,USR_2426,user_529,Public transit delayed for the third time this week. Terrible service during peak hours!,#TransitFail;#CityLife,163,120,47,London UK,Negative,-0.72
11428,2026-03-02 01:50:15,USR_2427,user_530,Switching to solar energy for our home. The installation was smooth and efficient.,#GoGreen;#SolarEnergy;#Sustainability,558,123,28,Sydney Australia,Positive,0.83
11429,2026-03-02 01:51:00,USR_2428,user_531,"Tried the new vegan cafe downtown. Food was average, but the iced coffee was good.",#Foodie;#Vegan;#CafeVibes,512,145,41,Toronto Canada,Neutral,0.16
11430,2026-03-02 01:51:45,USR_2429,user_532,Market volatility is extremely high today. Make sure to manage your risks carefully.,#Crypto;#Finance;#Trading,423,116,36,New York USA,Neutral,-0.05
11431,2026-03-02 01:52:30,USR_2430,user_533,Morning 10k run completed! Feeling energized and ready to tackle the week ahead.,#Fitness;#RunnersHigh;#Health,584,140,46,Chicago USA,Positive,0.98
11432,2026-03-02 01:53:15,USR_2431,user_534,The movie trailer released today looks completely underwhelming. Expectations ruined.,#MovieNews;#CinemaFail,450,54,50,Los Angeles USA,Negative,-0.63
11433,2026-03-02 01:54:00,USR_2432,user_535,Landing in Tokyo! Super excited to explore the vibrant street food and culture.,#Travel;#Japan;#Wanderlust,337,97,55,Tokyo Japan,Positive,1.0
11434,2026-03-02 01:54:45,USR_2433,user_536,Large language models are transforming modern data processing workflows rapidly.,#AI;#MachineLearning;#BigData,333,157,33,Boston USA,Positive,0.63
11435,2026-03-02 01:55:30,USR_2434,user_537,Servers are down again during the tournament. Extremely frustrating update!,#Gaming;#ServerDown;#Esports,403,123,38,Austin USA,Negative,-0.84
11436,2026-03-02 01:56:15,USR_2435,user_538,Attended the annual cloud computing conference. So many great insights on distributed systems.,#CloudComputing;#DevOps;#TechConference,344,48,60,Seattle USA,Positive,0.83
11437,2026-03-02 01:57:00,USR_2436,user_539,Flight got canceled last minute without any reasonable explanation. Very disappointing service.,#AirlineFail;#TravelProblems,227,85,64,Atlanta USA,Negative,-0.82
11438,2026-03-02 01:57:45,USR_2437,user_540,Started reading a new science fiction novel. The plot is turning out to be super captivating.,#Books;#SciFi;#ReadingList,587,143,41,London UK,Positive,0.67
11439,2026-03-02 01:58:30,USR_2438,user_541,Electric vehicles are becoming more affordable and accessible every year.,#EV;#Automotive;#CleanEnergy,439,134,41,Berlin Germany,Positive,0.71
11440,2026-03-02 01:59:15,USR_2439,user_542,Heavy rain and flooding reported across the southern district. Stay safe everyone!,#WeatherAlert;#SafetyFirst,521,83,43,Mumbai India,Negative,-0.46
11441,2026-03-02 02:00:00,USR_2440,user_543,Upgraded to the new smartphone today! The camera speed and display are absolutely incredible.,#Tech;#NewPhone;#TechTrends,181,156,52,San Francisco USA,Positive,0.83
11442,2026-03-02 02:00:45,USR_2441,user_544,Public transit delayed for the third time this week. Terrible service during peak hours!,#TransitFail;#CityLife,335,75,62,London UK,Negative,-0.71
11443,2026-03-02 02:01:30,USR_2442,user_545,Switching to solar energy for our home. The installation was smooth and efficient.,#GoGreen;#SolarEnergy;#Sustainability,654,110,35,Sydney Australia,Positive,0.73
11444,2026-03-02 02:02:15,USR_2443,user_546,"Tried the new vegan cafe downtown. Food was average, but the iced coffee was good.",#Foodie;#Vegan;#CafeVibes,638,43,32,Toronto Canada,Neutral,0.12
11445,2026-03-02 02:03:00,USR_2444,user_547,Market volatility is extremely high today. Make sure to manage your risks carefully.,#Crypto;#Finance;#Trading,412,49,41,New York USA,Neutral,-0.12
11446,2026-03-02 02:03:45,USR_2445,user_548,Morning 10k run completed! Feeling energized and ready to tackle the week ahead.,#Fitness;#RunnersHigh;#Health,494,125,34,Chicago USA,Positive,0.91
11447,2026-03-02 02:04:30,USR_2446,user_549,The movie trailer released today looks completely underwhelming. Expectations ruined.,#MovieNews;#CinemaFail,373,192,27,Los Angeles USA,Negative,-0.58
11448,2026-03-02 02:05:15,USR_2447,user_550,Landing in Tokyo! Super excited to explore the vibrant street food and culture.,#Travel;#Japan;#Wanderlust,321,94,50,Tokyo Japan,Positive,0.87
11449,2026-03-02 02:06:00,USR_2448,user_551,Large language models are transforming modern data processing workflows rapidly.,#AI;#MachineLearning;#BigData,313,68,28,Boston USA,Positive,0.68
11450,2026-03-02 02:06:45,USR_2449,user_552,Servers are down again during the tournament. Extremely frustrating update!,#Gaming;#ServerDown;#Esports,380,170,62,Austin USA,Negative,-0.78
11451,2026-03-02 02:07:30,USR_2450,user_553,Attended the annual cloud computing conference. So many great insights on distributed systems.,#CloudComputing;#DevOps;#TechConference,540,52,43,Seattle USA,Positive,0.77
11452,2026-03-02 02:08:15,USR_2451,user_554,Flight got canceled last minute without any reasonable explanation. Very disappointing service.,#AirlineFail;#TravelProblems,318,44,58,Atlanta USA,Negative,-0.85
11453,2026-03-02 02:09:00,USR_2452,user_555,Started reading a new science fiction novel. The plot is turning out to be super captivating.,#Books;#SciFi;#ReadingList,308,103,37,London UK,Positive,0.74
11454,2026-03-02 02:09:45,USR_2453,user_556,Electric vehicles are becoming more affordable and accessible every year.,#EV;#Automotive;#CleanEnergy,541,107,21,Berlin Germany,Positive,0.66
11455,2026-03-02 02:10:30,USR_2454,user_557,Heavy rain and flooding reported across the southern district. Stay safe everyone!,#WeatherAlert;#SafetyFirst,555,43,58,Mumbai India,Negative,-0.36
11456,2026-03-02 02:11:15,USR_2455,user_558,Upgraded to the new smartphone today! The camera speed and display are absolutely incredible.,#Tech;#NewPhone;#TechTrends,262,178,17,San Francisco USA,Positive,0.82
11457,2026-03-02 02:12:00,USR_2456,user_559,Public transit delayed for the third time this week. Terrible service during peak hours!,#TransitFail;#CityLife,306,45,9,London UK,Negative,-0.73
11458,2026-03-02 02:12:45,USR_2457,user_560,Switching to solar energy for our home. The installation was smooth and efficient.,#GoGreen;#SolarEnergy;#Sustainability,518,41,19,Sydney Australia,Positive,0.73
11459,2026-03-02 02:13:30,USR_2458,user_561,"Tried the new vegan cafe downtown. Food was average, but the iced coffee was good.",#Foodie;#Vegan;#CafeVibes,501,187,56,Toronto Canada,Neutral,0.21
11460,2026-03-02 02:14:15,USR_2459,user_562,Market volatility is extremely high today. Make sure to manage your risks carefully.,#Crypto;#Finance;#Trading,474,157,40,New York USA,Neutral,0.02
11461,2026-03-02 02:15:00,USR_2460,user_563,Morning 10k run completed! Feeling energized and ready to tackle the week ahead.,#Fitness;#RunnersHigh;#Health,540,55,30,Chicago USA,Positive,0.96
11462,2026-03-02 02:15:45,USR_2461,user_564,The movie trailer released today looks completely underwhelming. Expectations ruined.,#MovieNews;#CinemaFail,351,184,16,Los Angeles USA,Negative,-0.62
11463,2026-03-02 02:16:30,USR_2462,user_565,Landing in Tokyo! Super excited to explore the vibrant street food and culture.,#Travel;#Japan;#Wanderlust,188,51,39,Tokyo Japan,Positive,1.0
11464,2026-03-02 02:17:15,USR_2463,user_566,Large language models are transforming modern data processing workflows rapidly.,#AI;#MachineLearning;#BigData,507,155,32,Boston USA,Positive,0.69
11465,2026-03-02 02:18:00,USR_2464,user_567,Servers are down again during the tournament. Extremely frustrating update!,#Gaming;#ServerDown;#Esports,323,152,13,Austin USA,Negative,-0.89
11466,2026-03-02 02:18:45,USR_2465,user_568,Attended the annual cloud computing conference. So many great insights on distributed systems.,#CloudComputing;#DevOps;#TechConference,276,165,24,Seattle USA,Positive,0.78
11467,2026-03-02 02:19:30,USR_2466,user_569,Flight got canceled last minute without any reasonable explanation. Very disappointing service.,#AirlineFail;#TravelProblems,609,66,48,Atlanta USA,Negative,-0.86
11468,2026-03-02 02:20:15,USR_2467,user_570,Started reading a new science fiction novel. The plot is turning out to be super captivating.,#Books;#SciFi;#ReadingList,409,55,58,London UK,Positive,0.68
11469,2026-03-02 02:21:00,USR_2468,user_571,Electric vehicles are becoming more affordable and accessible every year.,#EV;#Automotive;#CleanEnergy,308,58,58,Berlin Germany,Positive,0.62
11470,2026-03-02 02:21:45,USR_2469,user_572,Heavy rain and flooding reported across the southern district. Stay safe everyone!,#WeatherAlert;#SafetyFirst,561,120,38,Mumbai India,Negative,-0.46
11471,2026-03-02 02:22:30,USR_2470,user_573,Upgraded to the new smartphone today! The camera speed and display are absolutely incredible.,#Tech;#NewPhone;#TechTrends,515,133,50,San Francisco USA,Positive,0.84
11472,2026-03-02 02:23:15,USR_2471,user_574,Public transit delayed for the third time this week. Terrible service during peak hours!,#TransitFail;#CityLife,204,139,73,London UK,Negative,-0.78
11473,2026-03-02 02:24:00,USR_2472,user_575,Switching to solar energy for our home. The installation was smooth and efficient.,#GoGreen;#SolarEnergy;#Sustainability,347,65,30,Sydney Australia,Positive,0.78
11474,2026-03-02 02:24:45,USR_2473,user_576,"Tried the new vegan cafe downtown. Food was average, but the iced coffee was good.",#Foodie;#Vegan;#CafeVibes,329,171,36,Toronto Canada,Neutral,0.1
11475,2026-03-02 02:25:30,USR_2474,user_577,Market volatility is extremely high today. Make sure to manage your risks carefully.,#Crypto;#Finance;#Trading,586,154,49,New York USA,Neutral,-0.11
11476,2026-03-02 02:26:15,USR_2475,user_578,Morning 10k run completed! Feeling energized and ready to tackle the week ahead.,#Fitness;#RunnersHigh;#Health,213,120,52,Chicago USA,Positive,0.98
11477,2026-03-02 02:27:00,USR_2476,user_579,The movie trailer released today looks completely underwhelming. Expectations ruined.,#MovieNews;#CinemaFail,507,58,34,Los Angeles USA,Negative,-0.63
11478,2026-03-02 02:27:45,USR_2477,user_580,Landing in Tokyo! Super excited to explore the vibrant street food and culture.,#Travel;#Japan;#Wanderlust,289,68,30,Tokyo Japan,Positive,1.0
11479,2026-03-02 02:28:30,USR_2478,user_581,Large language models are transforming modern data processing workflows rapidly.,#AI;#MachineLearning;#BigData,343,54,45,Boston USA,Positive,0.74
11480,2026-03-02 02:29:15,USR_2479,user_582,Servers are down again during the tournament. Extremely frustrating update!,#Gaming;#ServerDown;#Esports,497,181,25,Austin USA,Negative,-0.85
11481,2026-03-02 02:30:00,USR_2480,user_583,Attended the annual cloud computing conference. So many great insights on distributed systems.,#CloudComputing;#DevOps;#TechConference,463,176,30,Seattle USA,Positive,0.85
11482,2026-03-02 02:30:45,USR_2481,user_584,Flight got canceled last minute without any reasonable explanation. Very disappointing service.,#AirlineFail;#TravelProblems,555,62,67,Atlanta USA,Negative,-0.85
11483,2026-03-02 02:31:30,USR_2482,user_585,Started reading a new science fiction novel. The plot is turning out to be super captivating.,#Books;#SciFi;#ReadingList,623,127,59,London UK,Positive,0.77
11484,2026-03-02 02:32:15,USR_2483,user_586,Electric vehicles are becoming more affordable and accessible every year.,#EV;#Automotive;#CleanEnergy,344,173,48,Berlin Germany,Positive,0.69
11485,2026-03-02 02:33:00,USR_2484,user_587,Heavy rain and flooding reported across the southern district. Stay safe everyone!,#WeatherAlert;#SafetyFirst,489,110,64,Mumbai India,Negative,-0.46
11486,2026-03-02 02:33:45,USR_2485,user_588,Upgraded to the new smartphone today! The camera speed and display are absolutely incredible.,#Tech;#NewPhone;#TechTrends,496,173,22,San Francisco USA,Positive,0.89
11487,2026-03-02 02:34:30,USR_2486,user_589,Public transit delayed for the third time this week. Terrible service during peak hours!,#TransitFail;#CityLife,555,59,36,London UK,Negative,-0.66
11488,2026-03-02 02:35:15,USR_2487,user_590,Switching to solar energy for our home. The installation was smooth and efficient.,#GoGreen;#SolarEnergy;#Sustainability,552,141,52,Sydney Australia,Positive,0.84
11489,2026-03-02 02:36:00,USR_2488,user_591,"Tried the new vegan cafe downtown. Food was average, but the iced coffee was good.",#Foodie;#Vegan;#CafeVibes,585,74,29,Toronto Canada,Neutral,0.1
11490,2026-03-02 02:36:45,USR_2489,user_592,Market volatility is extremely high today. Make sure to manage your risks carefully.,#Crypto;#Finance;#Trading,331,73,21,New York USA,Neutral,-0.02
11491,2026-03-02 02:37:30,USR_2490,user_593,Morning 10k run completed! Feeling energized and ready to tackle the week ahead.,#Fitness;#RunnersHigh;#Health,430,88,47,Chicago USA,Positive,0.92
11492,2026-03-02 02:38:15,USR_2491,user_594,The movie trailer released today looks completely underwhelming. Expectations ruined.,#MovieNews;#CinemaFail,292,180,26,Los Angeles USA,Negative,-0.63
11493,2026-03-02 02:39:00,USR_2492,user_595,Landing in Tokyo! Super excited to explore the vibrant street food and culture.,#Travel;#Japan;#Wanderlust,354,56,28,Tokyo Japan,Positive,0.94
11494,2026-03-02 02:39:45,USR_2493,user_596,Large language models are transforming modern data processing workflows rapidly.,#AI;#MachineLearning;#BigData,568,115,29,Boston USA,Positive,0.66
11495,2026-03-02 02:40:30,USR_2494,user_597,Servers are down again during the tournament. Extremely frustrating update!,#Gaming;#ServerDown;#Esports,259,137,27,Austin USA,Negative,-0.83
11496,2026-03-02 02:41:15,USR_2495,user_598,Attended the annual cloud computing conference. So many great insights on distributed systems.,#CloudComputing;#DevOps;#TechConference,307,145,49,Seattle USA,Positive,0.75
11497,2026-03-02 02:42:00,USR_2496,user_599,Flight got canceled last minute without any reasonable explanation. Very disappointing service.,#AirlineFail;#TravelProblems,354,171,50,Atlanta USA,Negative,-0.85
11498,2026-03-02 02:42:45,USR_2497,user_101,Started reading a new science fiction novel. The plot is turning out to be super captivating.,#Books;#SciFi;#ReadingList,460,161,32,London UK,Positive,0.72
11499,2026-03-02 02:43:30,USR_2498,user_102,Electric vehicles are becoming more affordable and accessible every year.,#EV;#Automotive;#CleanEnergy,614,39,58,Berlin Germany,Positive,0.76
11500,2026-03-02 02:44:15,USR_2499,user_103,Heavy rain and flooding reported across the southern district. Stay safe everyone!,#WeatherAlert;#SafetyFirst,436,141,39,Mumbai India,Negative,-0.47
11501,2026-03-02 02:45:00,USR_2500,user_104,Upgraded to the new smartphone today! The camera speed and display are absolutely incredible.,#Tech;#NewPhone;#TechTrends,198,111,43,San Francisco USA,Positive,0.82
11502,2026-03-02 02:45:45,USR_2501,user_105,Public transit delayed for the third time this week. Terrible service during peak hours!,#TransitFail;#CityLife,167,74,29,London UK,Negative,-0.68
11503,2026-03-02 02:46:30,USR_2502,user_106,Switching to solar energy for our home. The installation was smooth and efficient.,#GoGreen;#SolarEnergy;#Sustainability,517,82,54,Sydney Australia,Positive,0.8
11504,2026-03-02 02:47:15,USR_2503,user_107,"Tried the new vegan cafe downtown. Food was average, but the iced coffee was good.",#Foodie;#Vegan;#CafeVibes,512,84,51,Toronto Canada,Neutral,0.2
11505,2026-03-02 02:48:00,USR_2504,user_108,Market volatility is extremely high today. Make sure to manage your risks carefully.,#Crypto;#Finance;#Trading,414,99,66,New York USA,Neutral,-0.03
11506,2026-03-02 02:48:45,USR_2505,user_109,Morning 10k run completed! Feeling energized and ready to tackle the week ahead.,#Fitness;#RunnersHigh;#Health,488,163,31,Chicago USA,Positive,1.0
11507,2026-03-02 02:49:30,USR_2506,user_110,The movie trailer released today looks completely underwhelming. Expectations ruined.,#MovieNews;#CinemaFail,264,172,43,Los Angeles USA,Negative,-0.59
11508,2026-03-02 02:50:15,USR_2507,user_111,Landing in Tokyo! Super excited to explore the vibrant street food and culture.,#Travel;#Japan;#Wanderlust,195,133,47,Tokyo Japan,Positive,1.0
11509,2026-03-02 02:51:00,USR_2508,user_112,Large language models are transforming modern data processing workflows rapidly.,#AI;#MachineLearning;#BigData,392,78,24,Boston USA,Positive,0.72
11510,2026-03-02 02:51:45,USR_2509,user_113,Servers are down again during the tournament. Extremely frustrating update!,#Gaming;#ServerDown;#Esports,342,146,23,Austin USA,Negative,-0.84
11511,2026-03-02 02:52:30,USR_2510,user_114,Attended the annual cloud computing conference. So many great insights on distributed systems.,#CloudComputing;#DevOps;#TechConference,469,56,29,Seattle USA,Positive,0.8
11512,2026-03-02 02:53:15,USR_2511,user_115,Flight got canceled last minute without any reasonable explanation. Very disappointing service.,#AirlineFail;#TravelProblems,397,117,59,Atlanta USA,Negative,-0.87
11513,2026-03-02 02:54:00,USR_2512,user_116,Started reading a new science fiction novel. The plot is turning out to be super captivating.,#Books;#SciFi;#ReadingList,484,37,62,London UK,Positive,0.79
11514,2026-03-02 02:54:45,USR_2513,user_117,Electric vehicles are becoming more affordable and accessible every year.,#EV;#Automotive;#CleanEnergy,528,106,52,Berlin Germany,Positive,0.7
11515,2026-03-02 02:55:30,USR_2514,user_118,Heavy rain and flooding reported across the southern district. Stay safe everyone!,#WeatherAlert;#SafetyFirst,411,53,35,Mumbai India,Negative,-0.35
11516,2026-03-02 02:56:15,USR_2515,user_119,Upgraded to the new smartphone today! The camera speed and display are absolutely incredible.,#Tech;#NewPhone;#TechTrends,374,114,42,San Francisco USA,Positive,0.88
11517,2026-03-02 02:57:00,USR_2516,user_120,Public transit delayed for the third time this week. Terrible service during peak hours!,#TransitFail;#CityLife,400,152,39,London UK,Negative,-0.76
11518,2026-03-02 02:57:45,USR_2517,user_121,Switching to solar energy for our home. The installation was smooth and efficient.,#GoGreen;#SolarEnergy;#Sustainability,603,41,26,Sydney Australia,Positive,0.86
11519,2026-03-02 02:58:30,USR_2518,user_122,"Tried the new vegan cafe downtown. Food was average, but the iced coffee was good.",#Foodie;#Vegan;#CafeVibes,631,97,40,Toronto Canada,Neutral,0.2
11520,2026-03-02 02:59:15,USR_2519,user_123,Market volatility is extremely high today. Make sure to manage your risks carefully.,#Crypto;#Finance;#Trading,544,156,29,New York USA,Neutral,-0.12
11521,2026-03-02 03:00:00,USR_2520,user_124,Morning 10k run completed! Feeling energized and ready to tackle the week ahead.,#Fitness;#RunnersHigh;#Health,299,158,53,Chicago USA,Positive,0.86
11522,2026-03-02 03:00:45,USR_2521,user_125,The movie trailer released today looks completely underwhelming. Expectations ruined.,#MovieNews;#CinemaFail,179,113,17,Los Angeles USA,Negative,-0.68
11523,2026-03-02 03:01:30,USR_2522,user_126,Landing in Tokyo! Super excited to explore the vibrant street food and culture.,#Travel;#Japan;#Wanderlust,402,131,44,Tokyo Japan,Positive,1.0
11524,2026-03-02 03:02:15,USR_2523,user_127,Large language models are transforming modern data processing workflows rapidly.,#AI;#MachineLearning;#BigData,530,125,54,Boston USA,Positive,0.61
11525,2026-03-02 03:03:00,USR_2524,user_128,Servers are down again during the tournament. Extremely frustrating update!,#Gaming;#ServerDown;#Esports,584,91,58,Austin USA,Negative,-0.89
11526,2026-03-02 03:03:45,USR_2525,user_129,Attended the annual cloud computing conference. So many great insights on distributed systems.,#CloudComputing;#DevOps;#TechConference,492,77,34,Seattle USA,Positive,0.79
11527,2026-03-02 03:04:30,USR_2526,user_130,Flight got canceled last minute without any reasonable explanation. Very disappointing service.,#AirlineFail;#TravelProblems,193,117,27,Atlanta USA,Negative,-0.8
11528,2026-03-02 03:05:15,USR_2527,user_131,Started reading a new science fiction novel. The plot is turning out to be super captivating.,#Books;#SciFi;#ReadingList,367,90,50,London UK,Positive,0.76
11529,2026-03-02 03:06:00,USR_2528,user_132,Electric vehicles are becoming more affordable and accessible every year.,#EV;#Automotive;#CleanEnergy,602,66,72,Berlin Germany,Positive,0.68
11530,2026-03-02 03:06:45,USR_2529,user_133,Heavy rain and flooding reported across the southern district. Stay safe everyone!,#WeatherAlert;#SafetyFirst,245,125,45,Mumbai India,Negative,-0.37
11531,2026-03-02 03:07:30,USR_2530,user_134,Upgraded to the new smartphone today! The camera speed and display are absolutely incredible.,#Tech;#NewPhone;#TechTrends,499,153,24,San Francisco USA,Positive,0.84
11532,2026-03-02 03:08:15,USR_2531,user_135,Public transit delayed for the third time this week. Terrible service during peak hours!,#TransitFail;#CityLife,586,59,22,London UK,Negative,-0.74
11533,2026-03-02 03:09:00,USR_2532,user_136,Switching to solar energy for our home. The installation was smooth and efficient.,#GoGreen;#SolarEnergy;#Sustainability,423,68,16,Sydney Australia,Positive,0.71
11534,2026-03-02 03:09:45,USR_2533,user_137,"Tried the new vegan cafe downtown. Food was average, but the iced coffee was good.",#Foodie;#Vegan;#CafeVibes,258,72,65,Toronto Canada,Neutral,0.14
11535,2026-03-02 03:10:30,USR_2534,user_138,Market volatility is extremely high today. Make sure to manage your risks carefully.,#Crypto;#Finance;#Trading,601,52,42,New York USA,Neutral,0.0
11536,2026-03-02 03:11:15,USR_2535,user_139,Morning 10k run completed! Feeling energized and ready to tackle the week ahead.,#Fitness;#RunnersHigh;#Health,618,172,35,Chicago USA,Positive,0.88
11537,2026-03-02 03:12:00,USR_2536,user_140,The movie trailer released today looks completely underwhelming. Expectations ruined.,#MovieNews;#CinemaFail,476,57,42,Los Angeles USA,Negative,-0.69
11538,2026-03-02 03:12:45,USR_2537,user_141,Landing in Tokyo! Super excited to explore the vibrant street food and culture.,#Travel;#Japan;#Wanderlust,422,66,36,Tokyo Japan,Positive,0.95
11539,2026-03-02 03:13:30,USR_2538,user_142,Large language models are transforming modern data processing workflows rapidly.,#AI;#MachineLearning;#BigData,562,127,58,Boston USA,Positive,0.75
11540,2026-03-02 03:14:15,USR_2539,user_143,Servers are down again during the tournament. Extremely frustrating update!,#Gaming;#ServerDown;#Esports,436,53,56,Austin USA,Negative,-0.8
11541,2026-03-02 03:15:00,USR_2540,user_144,Attended the annual cloud computing conference. So many great insights on distributed systems.,#CloudComputing;#DevOps;#TechConference,396,159,51,Seattle USA,Positive,0.78
11542,2026-03-02 03:15:45,USR_2541,user_145,Flight got canceled last minute without any reasonable explanation. Very disappointing service.,#AirlineFail;#TravelProblems,254,137,60,Atlanta USA,Negative,-0.86
11543,2026-03-02 03:16:30,USR_2542,user_146,Started reading a new science fiction novel. The plot is turning out to be super captivating.,#Books;#SciFi;#ReadingList,401,143,36,London UK,Positive,0.72
11544,2026-03-02 03:17:15,USR_2543,user_147,Electric vehicles are becoming more affordable and accessible every year.,#EV;#Automotive;#CleanEnergy,509,86,66,Berlin Germany,Positive,0.63
11545,2026-03-02 03:18:00,USR_2544,user_148,Heavy rain and flooding reported across the southern district. Stay safe everyone!,#WeatherAlert;#SafetyFirst,272,169,65,Mumbai India,Negative,-0.46
11546,2026-03-02 03:18:45,USR_2545,user_149,Upgraded to the new smartphone today! The camera speed and display are absolutely incredible.,#Tech;#NewPhone;#TechTrends,377,168,66,San Francisco USA,Positive,0.77
11547,2026-03-02 03:19:30,USR_2546,user_150,Public transit delayed for the third time this week. Terrible service during peak hours!,#TransitFail;#CityLife,213,72,23,London UK,Negative,-0.73
11548,2026-03-02 03:20:15,USR_2547,user_151,Switching to solar energy for our home. The installation was smooth and efficient.,#GoGreen;#SolarEnergy;#Sustainability,373,143,21,Sydney Australia,Positive,0.78
11549,2026-03-02 03:21:00,USR_2548,user_152,"Tried the new vegan cafe downtown. Food was average, but the iced coffee was good.",#Foodie;#Vegan;#CafeVibes,273,102,60,Toronto Canada,Neutral,0.09
11550,2026-03-02 03:21:45,USR_2549,user_153,Market volatility is extremely high today. Make sure to manage your risks carefully.,#Crypto;#Finance;#Trading,469,117,23,New York USA,Neutral,0.03
11551,2026-03-02 03:22:30,USR_2550,user_154,Morning 10k run completed! Feeling energized and ready to tackle the week ahead.,#Fitness;#RunnersHigh;#Health,391,145,24,Chicago USA,Positive,0.94
11552,2026-03-02 03:23:15,USR_2551,user_155,The movie trailer released today looks completely underwhelming. Expectations ruined.,#MovieNews;#CinemaFail,169,47,20,Los Angeles USA,Negative,-0.62
11553,2026-03-02 03:24:00,USR_2552,user_156,Landing in Tokyo! Super excited to explore the vibrant street food and culture.,#Travel;#Japan;#Wanderlust,537,100,43,Tokyo Japan,Positive,0.98
11554,2026-03-02 03:24:45,USR_2553,user_157,Large language models are transforming modern data processing workflows rapidly.,#AI;#MachineLearning;#BigData,635,78,20,Boston USA,Positive,0.61
11555,2026-03-02 03:25:30,USR_2554,user_158,Servers are down again during the tournament. Extremely frustrating update!,#Gaming;#ServerDown;#Esports,487,133,54,Austin USA,Negative,-0.73
11556,2026-03-02 03:26:15,USR_2555,user_159,Attended the annual cloud computing conference. So many great insights on distributed systems.,#CloudComputing;#DevOps;#TechConference,297,184,41,Seattle USA,Positive,0.84
11557,2026-03-02 03:27:00,USR_2556,user_160,Flight got canceled last minute without any reasonable explanation. Very disappointing service.,#AirlineFail;#TravelProblems,487,131,33,Atlanta USA,Negative,-0.92
11558,2026-03-02 03:27:45,USR_2557,user_161,Started reading a new science fiction novel. The plot is turning out to be super captivating.,#Books;#SciFi;#ReadingList,617,60,48,London UK,Positive,0.81
11559,2026-03-02 03:28:30,USR_2558,user_162,Electric vehicles are becoming more affordable and accessible every year.,#EV;#Automotive;#CleanEnergy,589,119,32,Berlin Germany,Positive,0.69
11560,2026-03-02 03:29:15,USR_2559,user_163,Heavy rain and flooding reported across the southern district. Stay safe everyone!,#WeatherAlert;#SafetyFirst,370,153,21,Mumbai India,Negative,-0.39
11561,2026-03-02 03:30:00,USR_2560,user_164,Upgraded to the new smartphone today! The camera speed and display are absolutely incredible.,#Tech;#NewPhone;#TechTrends,295,89,14,San Francisco USA,Positive,0.92
11562,2026-03-02 03:30:45,USR_2561,user_165,Public transit delayed for the third time this week. Terrible service during peak hours!,#TransitFail;#CityLife,588,160,24,London UK,Negative,-0.73
11563,2026-03-02 03:31:30,USR_2562,user_166,Switching to solar energy for our home. The installation was smooth and efficient.,#GoGreen;#SolarEnergy;#Sustainability,634,49,14,Sydney Australia,Positive,0.82
11564,2026-03-02 03:32:15,USR_2563,user_167,"Tried the new vegan cafe downtown. Food was average, but the iced coffee was good.",#Foodie;#Vegan;#CafeVibes,268,121,60,Toronto Canada,Neutral,0.16
11565,2026-03-02 03:33:00,USR_2564,user_168,Market volatility is extremely high today. Make sure to manage your risks carefully.,#Crypto;#Finance;#Trading,614,87,37,New York USA,Neutral,-0.03
11566,2026-03-02 03:33:45,USR_2565,user_169,Morning 10k run completed! Feeling energized and ready to tackle the week ahead.,#Fitness;#RunnersHigh;#Health,375,139,48,Chicago USA,Positive,0.86
11567,2026-03-02 03:34:30,USR_2566,user_170,The movie trailer released today looks completely underwhelming. Expectations ruined.,#MovieNews;#CinemaFail,425,144,26,Los Angeles USA,Negative,-0.69
11568,2026-03-02 03:35:15,USR_2567,user_171,Landing in Tokyo! Super excited to explore the vibrant street food and culture.,#Travel;#Japan;#Wanderlust,603,54,32,Tokyo Japan,Positive,0.9
11569,2026-03-02 03:36:00,USR_2568,user_172,Large language models are transforming modern data processing workflows rapidly.,#AI;#MachineLearning;#BigData,321,178,56,Boston USA,Positive,0.7
11570,2026-03-02 03:36:45,USR_2569,user_173,Servers are down again during the tournament. Extremely frustrating update!,#Gaming;#ServerDown;#Esports,419,82,57,Austin USA,Negative,-0.77
11571,2026-03-02 03:37:30,USR_2570,user_174,Attended the annual cloud computing conference. So many great insights on distributed systems.,#CloudComputing;#DevOps;#TechConference,445,155,52,Seattle USA,Positive,0.75
11572,2026-03-02 03:38:15,USR_2571,user_175,Flight got canceled last minute without any reasonable explanation. Very disappointing service.,#AirlineFail;#TravelProblems,520,70,42,Atlanta USA,Negative,-0.9
11573,2026-03-02 03:39:00,USR_2572,user_176,Started reading a new science fiction novel. The plot is turning out to be super captivating.,#Books;#SciFi;#ReadingList,362,97,28,London UK,Positive,0.82
11574,2026-03-02 03:39:45,USR_2573,user_177,Electric vehicles are becoming more affordable and accessible every year.,#EV;#Automotive;#CleanEnergy,518,162,25,Berlin Germany,Positive,0.65
11575,2026-03-02 03:40:30,USR_2574,user_178,Heavy rain and flooding reported across the southern district. Stay safe everyone!,#WeatherAlert;#SafetyFirst,633,70,45,Mumbai India,Negative,-0.44
11576,2026-03-02 03:41:15,USR_2575,user_179,Upgraded to the new smartphone today! The camera speed and display are absolutely incredible.,#Tech;#NewPhone;#TechTrends,229,41,31,San Francisco USA,Positive,0.78
11577,2026-03-02 03:42:00,USR_2576,user_180,Public transit delayed for the third time this week. Terrible service during peak hours!,#TransitFail;#CityLife,265,55,43,London UK,Negative,-0.74
11578,2026-03-02 03:42:45,USR_2577,user_181,Switching to solar energy for our home. The installation was smooth and efficient.,#GoGreen;#SolarEnergy;#Sustainability,429,153,46,Sydney Australia,Positive,0.8
11579,2026-03-02 03:43:30,USR_2578,user_182,"Tried the new vegan cafe downtown. Food was average, but the iced coffee was good.",#Foodie;#Vegan;#CafeVibes,552,179,15,Toronto Canada,Neutral,0.08
11580,2026-03-02 03:44:15,USR_2579,user_183,Market volatility is extremely high today. Make sure to manage your risks carefully.,#Crypto;#Finance;#Trading,336,133,27,New York USA,Neutral,-0.03
11581,2026-03-02 03:45:00,USR_2580,user_184,Morning 10k run completed! Feeling energized and ready to tackle the week ahead.,#Fitness;#RunnersHigh;#Health,528,70,39,Chicago USA,Positive,0.97
11582,2026-03-02 03:45:45,USR_2581,user_185,The movie trailer released today looks completely underwhelming. Expectations ruined.,#MovieNews;#CinemaFail,356,95,29,Los Angeles USA,Negative,-0.65
11583,2026-03-02 03:46:30,USR_2582,user_186,Landing in Tokyo! Super excited to explore the vibrant street food and culture.,#Travel;#Japan;#Wanderlust,603,45,42,Tokyo Japan,Positive,0.93
11584,2026-03-02 03:47:15,USR_2583,user_187,Large language models are transforming modern data processing workflows rapidly.,#AI;#MachineLearning;#BigData,410,55,15,Boston USA,Positive,0.66
11585,2026-03-02 03:48:00,USR_2584,user_188,Servers are down again during the tournament. Extremely frustrating update!,#Gaming;#ServerDown;#Esports,326,116,20,Austin USA,Negative,-0.82
11586,2026-03-02 03:48:45,USR_2585,user_189,Attended the annual cloud computing conference. So many great insights on distributed systems.,#CloudComputing;#DevOps;#TechConference,347,137,38,Seattle USA,Positive,0.89
11587,2026-03-02 03:49:30,USR_2586,user_190,Flight got canceled last minute without any reasonable explanation. Very disappointing service.,#AirlineFail;#TravelProblems,181,116,40,Atlanta USA,Negative,-0.9
11588,2026-03-02 03:50:15,USR_2587,user_191,Started reading a new science fiction novel. The plot is turning out to be super captivating.,#Books;#SciFi;#ReadingList,390,146,39,London UK,Positive,0.78
11589,2026-03-02 03:51:00,USR_2588,user_192,Electric vehicles are becoming more affordable and accessible every year.,#EV;#Automotive;#CleanEnergy,403,150,40,Berlin Germany,Positive,0.68
11590,2026-03-02 03:51:45,USR_2589,user_193,Heavy rain and flooding reported across the southern district. Stay safe everyone!,#WeatherAlert;#SafetyFirst,612,175,44,Mumbai India,Negative,-0.47
11591,2026-03-02 03:52:30,USR_2590,user_194,Upgraded to the new smartphone today! The camera speed and display are absolutely incredible.,#Tech;#NewPhone;#TechTrends,224,77,40,San Francisco USA,Positive,0.84
11592,2026-03-02 03:53:15,USR_2591,user_195,Public transit delayed for the third time this week. Terrible service during peak hours!,#TransitFail;#CityLife,212,113,54,London UK,Negative,-0.77
11593,2026-03-02 03:54:00,USR_2592,user_196,Switching to solar energy for our home. The installation was smooth and efficient.,#GoGreen;#SolarEnergy;#Sustainability,559,167,54,Sydney Australia,Positive,0.74
11594,2026-03-02 03:54:45,USR_2593,user_197,"Tried the new vegan cafe downtown. Food was average, but the iced coffee was good.",#Foodie;#Vegan;#CafeVibes,344,101,23,Toronto Canada,Neutral,0.23
11595,2026-03-02 03:55:30,USR_2594,user_198,Market volatility is extremely high today. Make sure to manage your risks carefully.,#Crypto;#Finance;#Trading,158,45,24,New York USA,Neutral,0.03
11596,2026-03-02 03:56:15,USR_2595,user_199,Morning 10k run completed! Feeling energized and ready to tackle the week ahead.,#Fitness;#RunnersHigh;#Health,521,175,45,Chicago USA,Positive,0.87
11597,2026-03-02 03:57:00,USR_2596,user_200,The movie trailer released today looks completely underwhelming. Expectations ruined.,#MovieNews;#CinemaFail,644,122,35,Los Angeles USA,Negative,-0.59
11598,2026-03-02 03:57:45,USR_2597,user_201,Landing in Tokyo! Super excited to explore the vibrant street food and culture.,#Travel;#Japan;#Wanderlust,521,147,71,Tokyo Japan,Positive,0.88
11599,2026-03-02 03:58:30,USR_2598,user_202,Large language models are transforming modern data processing workflows rapidly.,#AI;#MachineLearning;#BigData,239,171,15,Boston USA,Positive,0.7
11600,2026-03-02 03:59:15,USR_2599,user_203,Servers are down again during the tournament. Extremely frustrating update!,#Gaming;#ServerDown;#Esports,431,117,35,Austin USA,Negative,-0.88
11601,2026-03-02 04:00:00,USR_2600,user_204,Attended the annual cloud computing conference. So many great insights on distributed systems.,#CloudComputing;#DevOps;#TechConference,241,138,30,Seattle USA,Positive,0.86
11602,2026-03-02 04:00:45,USR_2601,user_205,Flight got canceled last minute without any reasonable explanation. Very disappointing service.,#AirlineFail;#TravelProblems,589,58,27,Atlanta USA,Negative,-0.9
11603,2026-03-02 04:01:30,USR_2602,user_206,Started reading a new science fiction novel. The plot is turning out to be super captivating.,#Books;#SciFi;#ReadingList,398,153,59,London UK,Positive,0.7
11604,2026-03-02 04:02:15,USR_2603,user_207,Electric vehicles are becoming more affordable and accessible every year.,#EV;#Automotive;#CleanEnergy,385,98,26,Berlin Germany,Positive,0.78
11605,2026-03-02 04:03:00,USR_2604,user_208,Heavy rain and flooding reported across the southern district. Stay safe everyone!,#WeatherAlert;#SafetyFirst,187,53,60,Mumbai India,Negative,-0.47
11606,2026-03-02 04:03:45,USR_2605,user_209,Upgraded to the new smartphone today! The camera speed and display are absolutely incredible.,#Tech;#NewPhone;#TechTrends,655,119,29,San Francisco USA,Positive,0.9
11607,2026-03-02 04:04:30,USR_2606,user_210,Public transit delayed for the third time this week. Terrible service during peak hours!,#TransitFail;#CityLife,388,60,31,London UK,Negative,-0.7
11608,2026-03-02 04:05:15,USR_2607,user_211,Switching to solar energy for our home. The installation was smooth and efficient.,#GoGreen;#SolarEnergy;#Sustainability,376,97,29,Sydney Australia,Positive,0.78
11609,2026-03-02 04:06:00,USR_2608,user_212,"Tried the new vegan cafe downtown. Food was average, but the iced coffee was good.",#Foodie;#Vegan;#CafeVibes,322,88,30,Toronto Canada,Neutral,0.11
11610,2026-03-02 04:06:45,USR_2609,user_213,Market volatility is extremely high today. Make sure to manage your risks carefully.,#Crypto;#Finance;#Trading,371,91,17,New York USA,Neutral,-0.05
11611,2026-03-02 04:07:30,USR_2610,user_214,Morning 10k run completed! Feeling energized and ready to tackle the week ahead.,#Fitness;#RunnersHigh;#Health,192,147,48,Chicago USA,Positive,0.91
11612,2026-03-02 04:08:15,USR_2611,user_215,The movie trailer released today looks completely underwhelming. Expectations ruined.,#MovieNews;#CinemaFail,634,156,19,Los Angeles USA,Negative,-0.62
11613,2026-03-02 04:09:00,USR_2612,user_216,Landing in Tokyo! Super excited to explore the vibrant street food and culture.,#Travel;#Japan;#Wanderlust,173,111,58,Tokyo Japan,Positive,0.88
11614,2026-03-02 04:09:45,USR_2613,user_217,Large language models are transforming modern data processing workflows rapidly.,#AI;#MachineLearning;#BigData,467,125,44,Boston USA,Positive,0.76
11615,2026-03-02 04:10:30,USR_2614,user_218,Servers are down again during the tournament. Extremely frustrating update!,#Gaming;#ServerDown;#Esports,593,173,53,Austin USA,Negative,-0.87
11616,2026-03-02 04:11:15,USR_2615,user_219,Attended the annual cloud computing conference. So many great insights on distributed systems.,#CloudComputing;#DevOps;#TechConference,462,68,66,Seattle USA,Positive,0.83
11617,2026-03-02 04:12:00,USR_2616,user_220,Flight got canceled last minute without any reasonable explanation. Very disappointing service.,#AirlineFail;#TravelProblems,636,170,15,Atlanta USA,Negative,-0.91
11618,2026-03-02 04:12:45,USR_2617,user_221,Started reading a new science fiction novel. The plot is turning out to be super captivating.,#Books;#SciFi;#ReadingList,468,172,53,London UK,Positive,0.75
11619,2026-03-02 04:13:30,USR_2618,user_222,Electric vehicles are becoming more affordable and accessible every year.,#EV;#Automotive;#CleanEnergy,362,168,41,Berlin Germany,Positive,0.64
11620,2026-03-02 04:14:15,USR_2619,user_223,Heavy rain and flooding reported across the southern district. Stay safe everyone!,#WeatherAlert;#SafetyFirst,448,79,27,Mumbai India,Negative,-0.43
11621,2026-03-02 04:15:00,USR_2620,user_224,Upgraded to the new smartphone today! The camera speed and display are absolutely incredible.,#Tech;#NewPhone;#TechTrends,452,190,48,San Francisco USA,Positive,0.86
11622,2026-03-02 04:15:45,USR_2621,user_225,Public transit delayed for the third time this week. Terrible service during peak hours!,#TransitFail;#CityLife,472,151,31,London UK,Negative,-0.73
11623,2026-03-02 04:16:30,USR_2622,user_226,Switching to solar energy for our home. The installation was smooth and efficient.,#GoGreen;#SolarEnergy;#Sustainability,283,194,38,Sydney Australia,Positive,0.84
11624,2026-03-02 04:17:15,USR_2623,user_227,"Tried the new vegan cafe downtown. Food was average, but the iced coffee was good.",#Foodie;#Vegan;#CafeVibes,642,111,20,Toronto Canada,Neutral,0.18
11625,2026-03-02 04:18:00,USR_2624,user_228,Market volatility is extremely high today. Make sure to manage your risks carefully.,#Crypto;#Finance;#Trading,505,169,61,New York USA,Neutral,-0.07
11626,2026-03-02 04:18:45,USR_2625,user_229,Morning 10k run completed! Feeling energized and ready to tackle the week ahead.,#Fitness;#RunnersHigh;#Health,614,59,27,Chicago USA,Positive,0.91
11627,2026-03-02 04:19:30,USR_2626,user_230,The movie trailer released today looks completely underwhelming. Expectations ruined.,#MovieNews;#CinemaFail,280,86,52,Los Angeles USA,Negative,-0.65
11628,2026-03-02 04:20:15,USR_2627,user_231,Landing in Tokyo! Super excited to explore the vibrant street food and culture.,#Travel;#Japan;#Wanderlust,243,183,23,Tokyo Japan,Positive,1.0
11629,2026-03-02 04:21:00,USR_2628,user_232,Large language models are transforming modern data processing workflows rapidly.,#AI;#MachineLearning;#BigData,228,113,58,Boston USA,Positive,0.72
11630,2026-03-02 04:21:45,USR_2629,user_233,Servers are down again during the tournament. Extremely frustrating update!,#Gaming;#ServerDown;#Esports,576,145,28,Austin USA,Negative,-0.82
11631,2026-03-02 04:22:30,USR_2630,user_234,Attended the annual cloud computing conference. So many great insights on distributed systems.,#CloudComputing;#DevOps;#TechConference,210,102,30,Seattle USA,Positive,0.77
11632,2026-03-02 04:23:15,USR_2631,user_235,Flight got canceled last minute without any reasonable explanation. Very disappointing service.,#AirlineFail;#TravelProblems,240,192,35,Atlanta USA,Negative,-0.89
11633,2026-03-02 04:24:00,USR_2632,user_236,Started reading a new science fiction novel. The plot is turning out to be super captivating.,#Books;#SciFi;#ReadingList,538,158,31,London UK,Positive,0.72
11634,2026-03-02 04:24:45,USR_2633,user_237,Electric vehicles are becoming more affordable and accessible every year.,#EV;#Automotive;#CleanEnergy,202,61,63,Berlin Germany,Positive,0.65
11635,2026-03-02 04:25:30,USR_2634,user_238,Heavy rain and flooding reported across the southern district. Stay safe everyone!,#WeatherAlert;#SafetyFirst,445,46,21,Mumbai India,Negative,-0.41
11636,2026-03-02 04:26:15,USR_2635,user_239,Upgraded to the new smartphone today! The camera speed and display are absolutely incredible.,#Tech;#NewPhone;#TechTrends,541,66,28,San Francisco USA,Positive,0.78
11637,2026-03-02 04:27:00,USR_2636,user_240,Public transit delayed for the third time this week. Terrible service during peak hours!,#TransitFail;#CityLife,618,99,37,London UK,Negative,-0.71
11638,2026-03-02 04:27:45,USR_2637,user_241,Switching to solar energy for our home. The installation was smooth and efficient.,#GoGreen;#SolarEnergy;#Sustainability,337,132,54,Sydney Australia,Positive,0.7
11639,2026-03-02 04:28:30,USR_2638,user_242,"Tried the new vegan cafe downtown. Food was average, but the iced coffee was good.",#Foodie;#Vegan;#CafeVibes,421,124,60,Toronto Canada,Neutral,0.08
11640,2026-03-02 04:29:15,USR_2639,user_243,Market volatility is extremely high today. Make sure to manage your risks carefully.,#Crypto;#Finance;#Trading,371,174,42,New York USA,Neutral,0.02
11641,2026-03-02 04:30:00,USR_2640,user_244,Morning 10k run completed! Feeling energized and ready to tackle the week ahead.,#Fitness;#RunnersHigh;#Health,396,166,45,Chicago USA,Positive,0.93
11642,2026-03-02 04:30:45,USR_2641,user_245,The movie trailer released today looks completely underwhelming. Expectations ruined.,#MovieNews;#CinemaFail,390,105,64,Los Angeles USA,Negative,-0.63
11643,2026-03-02 04:31:30,USR_2642,user_246,Landing in Tokyo! Super excited to explore the vibrant street food and culture.,#Travel;#Japan;#Wanderlust,208,191,30,Tokyo Japan,Positive,1.0
11644,2026-03-02 04:32:15,USR_2643,user_247,Large language models are transforming modern data processing workflows rapidly.,#AI;#MachineLearning;#BigData,631,157,44,Boston USA,Positive,0.7
11645,2026-03-02 04:33:00,USR_2644,user_248,Servers are down again during the tournament. Extremely frustrating update!,#Gaming;#ServerDown;#Esports,458,185,57,Austin USA,Negative,-0.81
11646,2026-03-02 04:33:45,USR_2645,user_249,Attended the annual cloud computing conference. So many great insights on distributed systems.,#CloudComputing;#DevOps;#TechConference,270,115,26,Seattle USA,Positive,0.85
11647,2026-03-02 04:34:30,USR_2646,user_250,Flight got canceled last minute without any reasonable explanation. Very disappointing service.,#AirlineFail;#TravelProblems,198,63,40,Atlanta USA,Negative,-0.85
11648,2026-03-02 04:35:15,USR_2647,user_251,Started reading a new science fiction novel. The plot is turning out to be super captivating.,#Books;#SciFi;#ReadingList,280,175,46,London UK,Positive,0.75
11649,2026-03-02 04:36:00,USR_2648,user_252,Electric vehicles are becoming more affordable and accessible every year.,#EV;#Automotive;#CleanEnergy,200,164,45,Berlin Germany,Positive,0.7
11650,2026-03-02 04:36:45,USR_2649,user_253,Heavy rain and flooding reported across the southern district. Stay safe everyone!,#WeatherAlert;#SafetyFirst,221,71,18,Mumbai India,Negative,-0.37
11651,2026-03-02 04:37:30,USR_2650,user_254,Upgraded to the new smartphone today! The camera speed and display are absolutely incredible.,#Tech;#NewPhone;#TechTrends,366,106,50,San Francisco USA,Positive,0.89
11652,2026-03-02 04:38:15,USR_2651,user_255,Public transit delayed for the third time this week. Terrible service during peak hours!,#TransitFail;#CityLife,348,157,50,London UK,Negative,-0.72
11653,2026-03-02 04:39:00,USR_2652,user_256,Switching to solar energy for our home. The installation was smooth and efficient.,#GoGreen;#SolarEnergy;#Sustainability,276,72,53,Sydney Australia,Positive,0.78
11654,2026-03-02 04:39:45,USR_2653,user_257,"Tried the new vegan cafe downtown. Food was average, but the iced coffee was good.",#Foodie;#Vegan;#CafeVibes,536,144,19,Toronto Canada,Neutral,0.17
11655,2026-03-02 04:40:30,USR_2654,user_258,Market volatility is extremely high today. Make sure to manage your risks carefully.,#Crypto;#Finance;#Trading,234,60,25,New York USA,Neutral,-0.08
11656,2026-03-02 04:41:15,USR_2655,user_259,Morning 10k run completed! Feeling energized and ready to tackle the week ahead.,#Fitness;#RunnersHigh;#Health,236,37,14,Chicago USA,Positive,0.99
11657,2026-03-02 04:42:00,USR_2656,user_260,The movie trailer released today looks completely underwhelming. Expectations ruined.,#MovieNews;#CinemaFail,308,142,52,Los Angeles USA,Negative,-0.67
11658,2026-03-02 04:42:45,USR_2657,user_261,Landing in Tokyo! Super excited to explore the vibrant street food and culture.,#Travel;#Japan;#Wanderlust,426,138,48,Tokyo Japan,Positive,0.91
11659,2026-03-02 04:43:30,USR_2658,user_262,Large language models are transforming modern data processing workflows rapidly.,#AI;#MachineLearning;#BigData,188,51,15,Boston USA,Positive,0.67
11660,2026-03-02 04:44:15,USR_2659,user_263,Servers are down again during the tournament. Extremely frustrating update!,#Gaming;#ServerDown;#Esports,495,53,52,Austin USA,Negative,-0.89
11661,2026-03-02 04:45:00,USR_2660,user_264,Attended the annual cloud computing conference. So many great insights on distributed systems.,#CloudComputing;#DevOps;#TechConference,395,174,40,Seattle USA,Positive,0.87
11662,2026-03-02 04:45:45,USR_2661,user_265,Flight got canceled last minute without any reasonable explanation. Very disappointing service.,#AirlineFail;#TravelProblems,526,184,69,Atlanta USA,Negative,-0.94
11663,2026-03-02 04:46:30,USR_2662,user_266,Started reading a new science fiction novel. The plot is turning out to be super captivating.,#Books;#SciFi;#ReadingList,520,85,63,London UK,Positive,0.73
11664,2026-03-02 04:47:15,USR_2663,user_267,Electric vehicles are becoming more affordable and accessible every year.,#EV;#Automotive;#CleanEnergy,610,54,60,Berlin Germany,Positive,0.64
11665,2026-03-02 04:48:00,USR_2664,user_268,Heavy rain and flooding reported across the southern district. Stay safe everyone!,#WeatherAlert;#SafetyFirst,647,161,60,Mumbai India,Negative,-0.4
11666,2026-03-02 04:48:45,USR_2665,user_269,Upgraded to the new smartphone today! The camera speed and display are absolutely incredible.,#Tech;#NewPhone;#TechTrends,609,46,42,San Francisco USA,Positive,0.85
11667,2026-03-02 04:49:30,USR_2666,user_270,Public transit delayed for the third time this week. Terrible service during peak hours!,#TransitFail;#CityLife,174,133,24,London UK,Negative,-0.7
11668,2026-03-02 04:50:15,USR_2667,user_271,Switching to solar energy for our home. The installation was smooth and efficient.,#GoGreen;#SolarEnergy;#Sustainability,180,184,49,Sydney Australia,Positive,0.77
11669,2026-03-02 04:51:00,USR_2668,user_272,"Tried the new vegan cafe downtown. Food was average, but the iced coffee was good.",#Foodie;#Vegan;#CafeVibes,342,133,59,Toronto Canada,Neutral,0.14
11670,2026-03-02 04:51:45,USR_2669,user_273,Market volatility is extremely high today. Make sure to manage your risks carefully.,#Crypto;#Finance;#Trading,262,70,53,New York USA,Neutral,-0.03
11671,2026-03-02 04:52:30,USR_2670,user_274,Morning 10k run completed! Feeling energized and ready to tackle the week ahead.,#Fitness;#RunnersHigh;#Health,422,72,42,Chicago USA,Positive,0.94
11672,2026-03-02 04:53:15,USR_2671,user_275,The movie trailer released today looks completely underwhelming. Expectations ruined.,#MovieNews;#CinemaFail,476,136,42,Los Angeles USA,Negative,-0.7
11673,2026-03-02 04:54:00,USR_2672,user_276,Landing in Tokyo! Super excited to explore the vibrant street food and culture.,#Travel;#Japan;#Wanderlust,194,187,33,Tokyo Japan,Positive,0.98
11674,2026-03-02 04:54:45,USR_2673,user_277,Large language models are transforming modern data processing workflows rapidly.,#AI;#MachineLearning;#BigData,503,175,56,Boston USA,Positive,0.71
11675,2026-03-02 04:55:30,USR_2674,user_278,Servers are down again during the tournament. Extremely frustrating update!,#Gaming;#ServerDown;#Esports,168,163,46,Austin USA,Negative,-0.86
11676,2026-03-02 04:56:15,USR_2675,user_279,Attended the annual cloud computing conference. So many great insights on distributed systems.,#CloudComputing;#DevOps;#TechConference,375,189,17,Seattle USA,Positive,0.88
11677,2026-03-02 04:57:00,USR_2676,user_280,Flight got canceled last minute without any reasonable explanation. Very disappointing service.,#AirlineFail;#TravelProblems,420,130,55,Atlanta USA,Negative,-0.92
11678,2026-03-02 04:57:45,USR_2677,user_281,Started reading a new science fiction novel. The plot is turning out to be super captivating.,#Books;#SciFi;#ReadingList,328,63,34,London UK,Positive,0.77
11679,2026-03-02 04:58:30,USR_2678,user_282,Electric vehicles are becoming more affordable and accessible every year.,#EV;#Automotive;#CleanEnergy,492,73,48,Berlin Germany,Positive,0.68
11680,2026-03-02 04:59:15,USR_2679,user_283,Heavy rain and flooding reported across the southern district. Stay safe everyone!,#WeatherAlert;#SafetyFirst,659,37,61,Mumbai India,Negative,-0.39
11681,2026-03-02 05:00:00,USR_2680,user_284,Upgraded to the new smartphone today! The camera speed and display are absolutely incredible.,#Tech;#NewPhone;#TechTrends,326,86,25,San Francisco USA,Positive,0.9
11682,2026-03-02 05:00:45,USR_2681,user_285,Public transit delayed for the third time this week. Terrible service during peak hours!,#TransitFail;#CityLife,628,100,36,London UK,Negative,-0.69
11683,2026-03-02 05:01:30,USR_2682,user_286,Switching to solar energy for our home. The installation was smooth and efficient.,#GoGreen;#SolarEnergy;#Sustainability,362,156,12,Sydney Australia,Positive,0.7
11684,2026-03-02 05:02:15,USR_2683,user_287,"Tried the new vegan cafe downtown. Food was average, but the iced coffee was good.",#Foodie;#Vegan;#CafeVibes,554,104,22,Toronto Canada,Neutral,0.11
11685,2026-03-02 05:03:00,USR_2684,user_288,Market volatility is extremely high today. Make sure to manage your risks carefully.,#Crypto;#Finance;#Trading,412,66,58,New York USA,Neutral,-0.04
11686,2026-03-02 05:03:45,USR_2685,user_289,Morning 10k run completed! Feeling energized and ready to tackle the week ahead.,#Fitness;#RunnersHigh;#Health,294,70,25,Chicago USA,Positive,0.97
11687,2026-03-02 05:04:30,USR_2686,user_290,The movie trailer released today looks completely underwhelming. Expectations ruined.,#MovieNews;#CinemaFail,587,156,36,Los Angeles USA,Negative,-0.67
11688,2026-03-02 05:05:15,USR_2687,user_291,Landing in Tokyo! Super excited to explore the vibrant street food and culture.,#Travel;#Japan;#Wanderlust,451,61,62,Tokyo Japan,Positive,0.94
11689,2026-03-02 05:06:00,USR_2688,user_292,Large language models are transforming modern data processing workflows rapidly.,#AI;#MachineLearning;#BigData,405,192,63,Boston USA,Positive,0.75
11690,2026-03-02 05:06:45,USR_2689,user_293,Servers are down again during the tournament. Extremely frustrating update!,#Gaming;#ServerDown;#Esports,549,140,13,Austin USA,Negative,-0.84
11691,2026-03-02 05:07:30,USR_2690,user_294,Attended the annual cloud computing conference. So many great insights on distributed systems.,#CloudComputing;#DevOps;#TechConference,415,78,55,Seattle USA,Positive,0.82
11692,2026-03-02 05:08:15,USR_2691,user_295,Flight got canceled last minute without any reasonable explanation. Very disappointing service.,#AirlineFail;#TravelProblems,279,71,69,Atlanta USA,Negative,-0.8
11693,2026-03-02 05:09:00,USR_2692,user_296,Started reading a new science fiction novel. The plot is turning out to be super captivating.,#Books;#SciFi;#ReadingList,527,179,45,London UK,Positive,0.76
11694,2026-03-02 05:09:45,USR_2693,user_297,Electric vehicles are becoming more affordable and accessible every year.,#EV;#Automotive;#CleanEnergy,587,47,24,Berlin Germany,Positive,0.74
11695,2026-03-02 05:10:30,USR_2694,user_298,Heavy rain and flooding reported across the southern district. Stay safe everyone!,#WeatherAlert;#SafetyFirst,306,66,26,Mumbai India,Negative,-0.41
11696,2026-03-02 05:11:15,USR_2695,user_299,Upgraded to the new smartphone today! The camera speed and display are absolutely incredible.,#Tech;#NewPhone;#TechTrends,578,127,30,San Francisco USA,Positive,0.91
11697,2026-03-02 05:12:00,USR_2696,user_300,Public transit delayed for the third time this week. Terrible service during peak hours!,#TransitFail;#CityLife,233,139,65,London UK,Negative,-0.79
11698,2026-03-02 05:12:45,USR_2697,user_301,Switching to solar energy for our home. The installation was smooth and efficient.,#GoGreen;#SolarEnergy;#Sustainability,538,57,16,Sydney Australia,Positive,0.73
11699,2026-03-02 05:13:30,USR_2698,user_302,"Tried the new vegan cafe downtown. Food was average, but the iced coffee was good.",#Foodie;#Vegan;#CafeVibes,479,140,14,Toronto Canada,Neutral,0.14
11700,2026-03-02 05:14:15,USR_2699,user_303,Market volatility is extremely high today. Make sure to manage your risks carefully.,#Crypto;#Finance;#Trading,406,176,60,New York USA,Neutral,0.02
11701,2026-03-02 05:15:00,USR_2700,user_304,Morning 10k run completed! Feeling energized and ready to tackle the week ahead.,#Fitness;#RunnersHigh;#Health,647,152,56,Chicago USA,Positive,0.95
11702,2026-03-02 05:15:45,USR_2701,user_305,The movie trailer released today looks completely underwhelming. Expectations ruined.,#MovieNews;#CinemaFail,288,110,42,Los Angeles USA,Negative,-0.61
11703,2026-03-02 05:16:30,USR_2702,user_306,Landing in Tokyo! Super excited to explore the vibrant street food and culture.,#Travel;#Japan;#Wanderlust,633,139,49,Tokyo Japan,Positive,1.0
11704,2026-03-02 05:17:15,USR_2703,user_307,Large language models are transforming modern data processing workflows rapidly.,#AI;#MachineLearning;#BigData,528,166,34,Boston USA,Positive,0.76
11705,2026-03-02 05:18:00,USR_2704,user_308,Servers are down again during the tournament. Extremely frustrating update!,#Gaming;#ServerDown;#Esports,497,158,22,Austin USA,Negative,-0.86
11706,2026-03-02 05:18:45,USR_2705,user_309,Attended the annual cloud computing conference. So many great insights on distributed systems.,#CloudComputing;#DevOps;#TechConference,231,165,50,Seattle USA,Positive,0.88
11707,2026-03-02 05:19:30,USR_2706,user_310,Flight got canceled last minute without any reasonable explanation. Very disappointing service.,#AirlineFail;#TravelProblems,521,122,21,Atlanta USA,Negative,-0.91
11708,2026-03-02 05:20:15,USR_2707,user_311,Started reading a new science fiction novel. The plot is turning out to be super captivating.,#Books;#SciFi;#ReadingList,438,122,61,London UK,Positive,0.82
11709,2026-03-02 05:21:00,USR_2708,user_312,Electric vehicles are becoming more affordable and accessible every year.,#EV;#Automotive;#CleanEnergy,539,41,28,Berlin Germany,Positive,0.78
11710,2026-03-02 05:21:45,USR_2709,user_313,Heavy rain and flooding reported across the southern district. Stay safe everyone!,#WeatherAlert;#SafetyFirst,582,145,19,Mumbai India,Negative,-0.35
11711,2026-03-02 05:22:30,USR_2710,user_314,Upgraded to the new smartphone today! The camera speed and display are absolutely incredible.,#Tech;#NewPhone;#TechTrends,619,84,67,San Francisco USA,Positive,0.78
11712,2026-03-02 05:23:15,USR_2711,user_315,Public transit delayed for the third time this week. Terrible service during peak hours!,#TransitFail;#CityLife,353,192,37,London UK,Negative,-0.71
11713,2026-03-02 05:24:00,USR_2712,user_316,Switching to solar energy for our home. The installation was smooth and efficient.,#GoGreen;#SolarEnergy;#Sustainability,269,143,38,Sydney Australia,Positive,0.84
11714,2026-03-02 05:24:45,USR_2713,user_317,"Tried the new vegan cafe downtown. Food was average, but the iced coffee was good.",#Foodie;#Vegan;#CafeVibes,621,70,45,Toronto Canada,Neutral,0.13
11715,2026-03-02 05:25:30,USR_2714,user_318,Market volatility is extremely high today. Make sure to manage your risks carefully.,#Crypto;#Finance;#Trading,496,105,30,New York USA,Neutral,0.02
11716,2026-03-02 05:26:15,USR_2715,user_319,Morning 10k run completed! Feeling energized and ready to tackle the week ahead.,#Fitness;#RunnersHigh;#Health,583,68,22,Chicago USA,Positive,0.98
11717,2026-03-02 05:27:00,USR_2716,user_320,The movie trailer released today looks completely underwhelming. Expectations ruined.,#MovieNews;#CinemaFail,498,182,55,Los Angeles USA,Negative,-0.67
11718,2026-03-02 05:27:45,USR_2717,user_321,Landing in Tokyo! Super excited to explore the vibrant street food and culture.,#Travel;#Japan;#Wanderlust,392,190,43,Tokyo Japan,Positive,0.92
11719,2026-03-02 05:28:30,USR_2718,user_322,Large language models are transforming modern data processing workflows rapidly.,#AI;#MachineLearning;#BigData,608,90,33,Boston USA,Positive,0.75
11720,2026-03-02 05:29:15,USR_2719,user_323,Servers are down again during the tournament. Extremely frustrating update!,#Gaming;#ServerDown;#Esports,225,166,47,Austin USA,Negative,-0.77
11721,2026-03-02 05:30:00,USR_2720,user_324,Attended the annual cloud computing conference. So many great insights on distributed systems.,#CloudComputing;#DevOps;#TechConference,403,180,34,Seattle USA,Positive,0.86
11722,2026-03-02 05:30:45,USR_2721,user_325,Flight got canceled last minute without any reasonable explanation. Very disappointing service.,#AirlineFail;#TravelProblems,355,52,22,Atlanta USA,Negative,-0.92
11723,2026-03-02 05:31:30,USR_2722,user_326,Started reading a new science fiction novel. The plot is turning out to be super captivating.,#Books;#SciFi;#ReadingList,616,151,50,London UK,Positive,0.77
11724,2026-03-02 05:32:15,USR_2723,user_327,Electric vehicles are becoming more affordable and accessible every year.,#EV;#Automotive;#CleanEnergy,201,139,42,Berlin Germany,Positive,0.74
11725,2026-03-02 05:33:00,USR_2724,user_328,Heavy rain and flooding reported across the southern district. Stay safe everyone!,#WeatherAlert;#SafetyFirst,407,111,46,Mumbai India,Negative,-0.4
11726,2026-03-02 05:33:45,USR_2725,user_329,Upgraded to the new smartphone today! The camera speed and display are absolutely incredible.,#Tech;#NewPhone;#TechTrends,603,147,52,San Francisco USA,Positive,0.88
11727,2026-03-02 05:34:30,USR_2726,user_330,Public transit delayed for the third time this week. Terrible service during peak hours!,#TransitFail;#CityLife,536,76,24,London UK,Negative,-0.8
11728,2026-03-02 05:35:15,USR_2727,user_331,Switching to solar energy for our home. The installation was smooth and efficient.,#GoGreen;#SolarEnergy;#Sustainability,550,45,26,Sydney Australia,Positive,0.84
11729,2026-03-02 05:36:00,USR_2728,user_332,"Tried the new vegan cafe downtown. Food was average, but the iced coffee was good.",#Foodie;#Vegan;#CafeVibes,245,135,60,Toronto Canada,Neutral,0.15
11730,2026-03-02 05:36:45,USR_2729,user_333,Market volatility is extremely high today. Make sure to manage your risks carefully.,#Crypto;#Finance;#Trading,424,122,41,New York USA,Neutral,-0.11
11731,2026-03-02 05:37:30,USR_2730,user_334,Morning 10k run completed! Feeling energized and ready to tackle the week ahead.,#Fitness;#RunnersHigh;#Health,508,171,46,Chicago USA,Positive,0.86
11732,2026-03-02 05:38:15,USR_2731,user_335,The movie trailer released today looks completely underwhelming. Expectations ruined.,#MovieNews;#CinemaFail,272,127,53,Los Angeles USA,Negative,-0.69
11733,2026-03-02 05:39:00,USR_2732,user_336,Landing in Tokyo! Super excited to explore the vibrant street food and culture.,#Travel;#Japan;#Wanderlust,586,158,21,Tokyo Japan,Positive,1.0
11734,2026-03-02 05:39:45,USR_2733,user_337,Large language models are transforming modern data processing workflows rapidly.,#AI;#MachineLearning;#BigData,497,138,33,Boston USA,Positive,0.74
11735,2026-03-02 05:40:30,USR_2734,user_338,Servers are down again during the tournament. Extremely frustrating update!,#Gaming;#ServerDown;#Esports,250,69,48,Austin USA,Negative,-0.86
11736,2026-03-02 05:41:15,USR_2735,user_339,Attended the annual cloud computing conference. So many great insights on distributed systems.,#CloudComputing;#DevOps;#TechConference,297,116,31,Seattle USA,Positive,0.9
11737,2026-03-02 05:42:00,USR_2736,user_340,Flight got canceled last minute without any reasonable explanation. Very disappointing service.,#AirlineFail;#TravelProblems,468,154,55,Atlanta USA,Negative,-0.87
11738,2026-03-02 05:42:45,USR_2737,user_341,Started reading a new science fiction novel. The plot is turning out to be super captivating.,#Books;#SciFi;#ReadingList,202,182,54,London UK,Positive,0.71
11739,2026-03-02 05:43:30,USR_2738,user_342,Electric vehicles are becoming more affordable and accessible every year.,#EV;#Automotive;#CleanEnergy,601,50,44,Berlin Germany,Positive,0.77
11740,2026-03-02 05:44:15,USR_2739,user_343,Heavy rain and flooding reported across the southern district. Stay safe everyone!,#WeatherAlert;#SafetyFirst,194,56,15,Mumbai India,Negative,-0.46
11741,2026-03-02 05:45:00,USR_2740,user_344,Upgraded to the new smartphone today! The camera speed and display are absolutely incredible.,#Tech;#NewPhone;#TechTrends,415,93,32,San Francisco USA,Positive,0.85
11742,2026-03-02 05:45:45,USR_2741,user_345,Public transit delayed for the third time this week. Terrible service during peak hours!,#TransitFail;#CityLife,517,89,45,London UK,Negative,-0.78
11743,2026-03-02 05:46:30,USR_2742,user_346,Switching to solar energy for our home. The installation was smooth and efficient.,#GoGreen;#SolarEnergy;#Sustainability,489,187,55,Sydney Australia,Positive,0.72
11744,2026-03-02 05:47:15,USR_2743,user_347,"Tried the new vegan cafe downtown. Food was average, but the iced coffee was good.",#Foodie;#Vegan;#CafeVibes,179,46,43,Toronto Canada,Neutral,0.16
11745,2026-03-02 05:48:00,USR_2744,user_348,Market volatility is extremely high today. Make sure to manage your risks carefully.,#Crypto;#Finance;#Trading,459,61,39,New York USA,Neutral,-0.11
11746,2026-03-02 05:48:45,USR_2745,user_349,Morning 10k run completed! Feeling energized and ready to tackle the week ahead.,#Fitness;#RunnersHigh;#Health,200,146,16,Chicago USA,Positive,0.99
11747,2026-03-02 05:49:30,USR_2746,user_350,The movie trailer released today looks completely underwhelming. Expectations ruined.,#MovieNews;#CinemaFail,585,48,21,Los Angeles USA,Negative,-0.71
11748,2026-03-02 05:50:15,USR_2747,user_351,Landing in Tokyo! Super excited to explore the vibrant street food and culture.,#Travel;#Japan;#Wanderlust,173,166,49,Tokyo Japan,Positive,0.9
11749,2026-03-02 05:51:00,USR_2748,user_352,Large language models are transforming modern data processing workflows rapidly.,#AI;#MachineLearning;#BigData,494,126,17,Boston USA,Positive,0.69
11750,2026-03-02 05:51:45,USR_2749,user_353,Servers are down again during the tournament. Extremely frustrating update!,#Gaming;#ServerDown;#Esports,551,93,62,Austin USA,Negative,-0.86
11751,2026-03-02 05:52:30,USR_2750,user_354,Attended the annual cloud computing conference. So many great insights on distributed systems.,#CloudComputing;#DevOps;#TechConference,191,74,51,Seattle USA,Positive,0.79
11752,2026-03-02 05:53:15,USR_2751,user_355,Flight got canceled last minute without any reasonable explanation. Very disappointing service.,#AirlineFail;#TravelProblems,404,57,32,Atlanta USA,Negative,-0.83
11753,2026-03-02 05:54:00,USR_2752,user_356,Started reading a new science fiction novel. The plot is turning out to be super captivating.,#Books;#SciFi;#ReadingList,276,70,60,London UK,Positive,0.78
11754,2026-03-02 05:54:45,USR_2753,user_357,Electric vehicles are becoming more affordable and accessible every year.,#EV;#Automotive;#CleanEnergy,432,90,37,Berlin Germany,Positive,0.73
11755,2026-03-02 05:55:30,USR_2754,user_358,Heavy rain and flooding reported across the southern district. Stay safe everyone!,#WeatherAlert;#SafetyFirst,557,190,22,Mumbai India,Negative,-0.33
11756,2026-03-02 05:56:15,USR_2755,user_359,Upgraded to the new smartphone today! The camera speed and display are absolutely incredible.,#Tech;#NewPhone;#TechTrends,635,22,10,San Francisco USA,Positive,0.8
11757,2026-03-02 05:57:00,USR_2756,user_360,Public transit delayed for the third time this week. Terrible service during peak hours!,#TransitFail;#CityLife,375,125,45,London UK,Negative,-0.73
11758,2026-03-02 05:57:45,USR_2757,user_361,Switching to solar energy for our home. The installation was smooth and efficient.,#GoGreen;#SolarEnergy;#Sustainability,375,140,59,Sydney Australia,Positive,0.74
11759,2026-03-02 05:58:30,USR_2758,user_362,"Tried the new vegan cafe downtown. Food was average, but the iced coffee was good.",#Foodie;#Vegan;#CafeVibes,207,109,41,Toronto Canada,Neutral,0.16
11760,2026-03-02 05:59:15,USR_2759,user_363,Market volatility is extremely high today. Make sure to manage your risks carefully.,#Crypto;#Finance;#Trading,622,77,30,New York USA,Neutral,-0.12
11761,2026-03-02 06:00:00,USR_2760,user_364,Morning 10k run completed! Feeling energized and ready to tackle the week ahead.,#Fitness;#RunnersHigh;#Health,436,158,62,Chicago USA,Positive,0.95
11762,2026-03-02 06:00:45,USR_2761,user_365,The movie trailer released today looks completely underwhelming. Expectations ruined.,#MovieNews;#CinemaFail,503,134,54,Los Angeles USA,Negative,-0.65
11763,2026-03-02 06:01:30,USR_2762,user_366,Landing in Tokyo! Super excited to explore the vibrant street food and culture.,#Travel;#Japan;#Wanderlust,330,60,48,Tokyo Japan,Positive,1.0
11764,2026-03-02 06:02:15,USR_2763,user_367,Large language models are transforming modern data processing workflows rapidly.,#AI;#MachineLearning;#BigData,316,165,56,Boston USA,Positive,0.75
11765,2026-03-02 06:03:00,USR_2764,user_368,Servers are down again during the tournament. Extremely frustrating update!,#Gaming;#ServerDown;#Esports,284,98,34,Austin USA,Negative,-0.88
11766,2026-03-02 06:03:45,USR_2765,user_369,Attended the annual cloud computing conference. So many great insights on distributed systems.,#CloudComputing;#DevOps;#TechConference,231,188,36,Seattle USA,Positive,0.81
11767,2026-03-02 06:04:30,USR_2766,user_370,Flight got canceled last minute without any reasonable explanation. Very disappointing service.,#AirlineFail;#TravelProblems,406,119,48,Atlanta USA,Negative,-0.94
11768,2026-03-02 06:05:15,USR_2767,user_371,Started reading a new science fiction novel. The plot is turning out to be super captivating.,#Books;#SciFi;#ReadingList,637,143,39,London UK,Positive,0.68
11769,2026-03-02 06:06:00,USR_2768,user_372,Electric vehicles are becoming more affordable and accessible every year.,#EV;#Automotive;#CleanEnergy,269,180,51,Berlin Germany,Positive,0.64
11770,2026-03-02 06:06:45,USR_2769,user_373,Heavy rain and flooding reported across the southern district. Stay safe everyone!,#WeatherAlert;#SafetyFirst,205,181,16,Mumbai India,Negative,-0.38
11771,2026-03-02 06:07:30,USR_2770,user_374,Upgraded to the new smartphone today! The camera speed and display are absolutely incredible.,#Tech;#NewPhone;#TechTrends,479,160,35,San Francisco USA,Positive,0.85
11772,2026-03-02 06:08:15,USR_2771,user_375,Public transit delayed for the third time this week. Terrible service during peak hours!,#TransitFail;#CityLife,459,92,24,London UK,Negative,-0.67
11773,2026-03-02 06:09:00,USR_2772,user_376,Switching to solar energy for our home. The installation was smooth and efficient.,#GoGreen;#SolarEnergy;#Sustainability,225,58,19,Sydney Australia,Positive,0.74
11774,2026-03-02 06:09:45,USR_2773,user_377,"Tried the new vegan cafe downtown. Food was average, but the iced coffee was good.",#Foodie;#Vegan;#CafeVibes,484,121,17,Toronto Canada,Neutral,0.17
11775,2026-03-02 06:10:30,USR_2774,user_378,Market volatility is extremely high today. Make sure to manage your risks carefully.,#Crypto;#Finance;#Trading,437,136,42,New York USA,Neutral,-0.12
11776,2026-03-02 06:11:15,USR_2775,user_379,Morning 10k run completed! Feeling energized and ready to tackle the week ahead.,#Fitness;#RunnersHigh;#Health,481,163,36,Chicago USA,Positive,0.9
11777,2026-03-02 06:12:00,USR_2776,user_380,The movie trailer released today looks completely underwhelming. Expectations ruined.,#MovieNews;#CinemaFail,606,109,48,Los Angeles USA,Negative,-0.61
11778,2026-03-02 06:12:45,USR_2777,user_381,Landing in Tokyo! Super excited to explore the vibrant street food and culture.,#Travel;#Japan;#Wanderlust,163,111,14,Tokyo Japan,Positive,1.0
11779,2026-03-02 06:13:30,USR_2778,user_382,Large language models are transforming modern data processing workflows rapidly.,#AI;#MachineLearning;#BigData,582,110,30,Boston USA,Positive,0.71
11780,2026-03-02 06:14:15,USR_2779,user_383,Servers are down again during the tournament. Extremely frustrating update!,#Gaming;#ServerDown;#Esports,281,171,45,Austin USA,Negative,-0.82
11781,2026-03-02 06:15:00,USR_2780,user_384,Attended the annual cloud computing conference. So many great insights on distributed systems.,#CloudComputing;#DevOps;#TechConference,595,73,36,Seattle USA,Positive,0.8
11782,2026-03-02 06:15:45,USR_2781,user_385,Flight got canceled last minute without any reasonable explanation. Very disappointing service.,#AirlineFail;#TravelProblems,397,95,44,Atlanta USA,Negative,-0.84
11783,2026-03-02 06:16:30,USR_2782,user_386,Started reading a new science fiction novel. The plot is turning out to be super captivating.,#Books;#SciFi;#ReadingList,606,115,48,London UK,Positive,0.8
11784,2026-03-02 06:17:15,USR_2783,user_387,Electric vehicles are becoming more affordable and accessible every year.,#EV;#Automotive;#CleanEnergy,273,109,63,Berlin Germany,Positive,0.72
11785,2026-03-02 06:18:00,USR_2784,user_388,Heavy rain and flooding reported across the southern district. Stay safe everyone!,#WeatherAlert;#SafetyFirst,434,86,14,Mumbai India,Negative,-0.34
11786,2026-03-02 06:18:45,USR_2785,user_389,Upgraded to the new smartphone today! The camera speed and display are absolutely incredible.,#Tech;#NewPhone;#TechTrends,328,110,46,San Francisco USA,Positive,0.79
11787,2026-03-02 06:19:30,USR_2786,user_390,Public transit delayed for the third time this week. Terrible service during peak hours!,#TransitFail;#CityLife,182,47,50,London UK,Negative,-0.66
11788,2026-03-02 06:20:15,USR_2787,user_391,Switching to solar energy for our home. The installation was smooth and efficient.,#GoGreen;#SolarEnergy;#Sustainability,396,147,58,Sydney Australia,Positive,0.71
11789,2026-03-02 06:21:00,USR_2788,user_392,"Tried the new vegan cafe downtown. Food was average, but the iced coffee was good.",#Foodie;#Vegan;#CafeVibes,284,47,56,Toronto Canada,Neutral,0.15
11790,2026-03-02 06:21:45,USR_2789,user_393,Market volatility is extremely high today. Make sure to manage your risks carefully.,#Crypto;#Finance;#Trading,609,128,59,New York USA,Neutral,-0.09
11791,2026-03-02 06:22:30,USR_2790,user_394,Morning 10k run completed! Feeling energized and ready to tackle the week ahead.,#Fitness;#RunnersHigh;#Health,330,58,24,Chicago USA,Positive,0.86
11792,2026-03-02 06:23:15,USR_2791,user_395,The movie trailer released today looks completely underwhelming. Expectations ruined.,#MovieNews;#CinemaFail,240,169,60,Los Angeles USA,Negative,-0.68
11793,2026-03-02 06:24:00,USR_2792,user_396,Landing in Tokyo! Super excited to explore the vibrant street food and culture.,#Travel;#Japan;#Wanderlust,548,128,17,Tokyo Japan,Positive,1.0
11794,2026-03-02 06:24:45,USR_2793,user_397,Large language models are transforming modern data processing workflows rapidly.,#AI;#MachineLearning;#BigData,605,150,60,Boston USA,Positive,0.63
11795,2026-03-02 06:25:30,USR_2794,user_398,Servers are down again during the tournament. Extremely frustrating update!,#Gaming;#ServerDown;#Esports,306,167,19,Austin USA,Negative,-0.76
11796,2026-03-02 06:26:15,USR_2795,user_399,Attended the annual cloud computing conference. So many great insights on distributed systems.,#CloudComputing;#DevOps;#TechConference,285,163,49,Seattle USA,Positive,0.87
11797,2026-03-02 06:27:00,USR_2796,user_400,Flight got canceled last minute without any reasonable explanation. Very disappointing service.,#AirlineFail;#TravelProblems,244,97,32,Atlanta USA,Negative,-0.92
11798,2026-03-02 06:27:45,USR_2797,user_401,Started reading a new science fiction novel. The plot is turning out to be super captivating.,#Books;#SciFi;#ReadingList,305,73,20,London UK,Positive,0.8
11799,2026-03-02 06:28:30,USR_2798,user_402,Electric vehicles are becoming more affordable and accessible every year.,#EV;#Automotive;#CleanEnergy,329,141,38,Berlin Germany,Positive,0.73
11800,2026-03-02 06:29:15,USR_2799,user_403,Heavy rain and flooding reported across the southern district. Stay safe everyone!,#WeatherAlert;#SafetyFirst,487,176,21,Mumbai India,Negative,-0.39
11801,2026-03-02 06:30:00,USR_2800,user_404,Upgraded to the new smartphone today! The camera speed and display are absolutely incredible.,#Tech;#NewPhone;#TechTrends,587,152,35,San Francisco USA,Positive,0.89
11802,2026-03-02 06:30:45,USR_2801,user_405,Public transit delayed for the third time this week. Terrible service during peak hours!,#TransitFail;#CityLife,309,186,49,London UK,Negative,-0.72
11803,2026-03-02 06:31:30,USR_2802,user_406,Switching to solar energy for our home. The installation was smooth and efficient.,#GoGreen;#SolarEnergy;#Sustainability,310,60,19,Sydney Australia,Positive,0.75
11804,2026-03-02 06:32:15,USR_2803,user_407,"Tried the new vegan cafe downtown. Food was average, but the iced coffee was good.",#Foodie;#Vegan;#CafeVibes,448,132,16,Toronto Canada,Neutral,0.16
11805,2026-03-02 06:33:00,USR_2804,user_408,Market volatility is extremely high today. Make sure to manage your risks carefully.,#Crypto;#Finance;#Trading,581,174,29,New York USA,Neutral,0.01
11806,2026-03-02 06:33:45,USR_2805,user_409,Morning 10k run completed! Feeling energized and ready to tackle the week ahead.,#Fitness;#RunnersHigh;#Health,650,112,43,Chicago USA,Positive,0.98
11807,2026-03-02 06:34:30,USR_2806,user_410,The movie trailer released today looks completely underwhelming. Expectations ruined.,#MovieNews;#CinemaFail,503,151,19,Los Angeles USA,Negative,-0.66
11808,2026-03-02 06:35:15,USR_2807,user_411,Landing in Tokyo! Super excited to explore the vibrant street food and culture.,#Travel;#Japan;#Wanderlust,649,77,36,Tokyo Japan,Positive,0.94
11809,2026-03-02 06:36:00,USR_2808,user_412,Large language models are transforming modern data processing workflows rapidly.,#AI;#MachineLearning;#BigData,442,139,44,Boston USA,Positive,0.6
11810,2026-03-02 06:36:45,USR_2809,user_413,Servers are down again during the tournament. Extremely frustrating update!,#Gaming;#ServerDown;#Esports,586,64,25,Austin USA,Negative,-0.89
11811,2026-03-02 06:37:30,USR_2810,user_414,Attended the annual cloud computing conference. So many great insights on distributed systems.,#CloudComputing;#DevOps;#TechConference,263,99,48,Seattle USA,Positive,0.84
11812,2026-03-02 06:38:15,USR_2811,user_415,Flight got canceled last minute without any reasonable explanation. Very disappointing service.,#AirlineFail;#TravelProblems,467,103,16,Atlanta USA,Negative,-0.83
11813,2026-03-02 06:39:00,USR_2812,user_416,Started reading a new science fiction novel. The plot is turning out to be super captivating.,#Books;#SciFi;#ReadingList,597,146,19,London UK,Positive,0.74
11814,2026-03-02 06:39:45,USR_2813,user_417,Electric vehicles are becoming more affordable and accessible every year.,#EV;#Automotive;#CleanEnergy,610,182,66,Berlin Germany,Positive,0.74
11815,2026-03-02 06:40:30,USR_2814,user_418,Heavy rain and flooding reported across the southern district. Stay safe everyone!,#WeatherAlert;#SafetyFirst,173,149,25,Mumbai India,Negative,-0.34
11816,2026-03-02 06:41:15,USR_2815,user_419,Upgraded to the new smartphone today! The camera speed and display are absolutely incredible.,#Tech;#NewPhone;#TechTrends,222,161,54,San Francisco USA,Positive,0.86
11817,2026-03-02 06:42:00,USR_2816,user_420,Public transit delayed for the third time this week. Terrible service during peak hours!,#TransitFail;#CityLife,417,91,21,London UK,Negative,-0.73
11818,2026-03-02 06:42:45,USR_2817,user_421,Switching to solar energy for our home. The installation was smooth and efficient.,#GoGreen;#SolarEnergy;#Sustainability,557,150,27,Sydney Australia,Positive,0.74
11819,2026-03-02 06:43:30,USR_2818,user_422,"Tried the new vegan cafe downtown. Food was average, but the iced coffee was good.",#Foodie;#Vegan;#CafeVibes,613,62,37,Toronto Canada,Neutral,0.23
11820,2026-03-02 06:44:15,USR_2819,user_423,Market volatility is extremely high today. Make sure to manage your risks carefully.,#Crypto;#Finance;#Trading,514,64,58,New York USA,Neutral,-0.11
11821,2026-03-02 06:45:00,USR_2820,user_424,Morning 10k run completed! Feeling energized and ready to tackle the week ahead.,#Fitness;#RunnersHigh;#Health,316,154,35,Chicago USA,Positive,0.84
11822,2026-03-02 06:45:45,USR_2821,user_425,The movie trailer released today looks completely underwhelming. Expectations ruined.,#MovieNews;#CinemaFail,460,178,36,Los Angeles USA,Negative,-0.6
11823,2026-03-02 06:46:30,USR_2822,user_426,Landing in Tokyo! Super excited to explore the vibrant street food and culture.,#Travel;#Japan;#Wanderlust,500,195,17,Tokyo Japan,Positive,1.0
11824,2026-03-02 06:47:15,USR_2823,user_427,Large language models are transforming modern data processing workflows rapidly.,#AI;#MachineLearning;#BigData,318,91,34,Boston USA,Positive,0.69
11825,2026-03-02 06:48:00,USR_2824,user_428,Servers are down again during the tournament. Extremely frustrating update!,#Gaming;#ServerDown;#Esports,596,187,9,Austin USA,Negative,-0.84
11826,2026-03-02 06:48:45,USR_2825,user_429,Attended the annual cloud computing conference. So many great insights on distributed systems.,#CloudComputing;#DevOps;#TechConference,242,34,8,Seattle USA,Positive,0.86
11827,2026-03-02 06:49:30,USR_2826,user_430,Flight got canceled last minute without any reasonable explanation. Very disappointing service.,#AirlineFail;#TravelProblems,550,166,20,Atlanta USA,Negative,-0.91
11828,2026-03-02 06:50:15,USR_2827,user_431,Started reading a new science fiction novel. The plot is turning out to be super captivating.,#Books;#SciFi;#ReadingList,140,136,16,London UK,Positive,0.71
11829,2026-03-02 06:51:00,USR_2828,user_432,Electric vehicles are becoming more affordable and accessible every year.,#EV;#Automotive;#CleanEnergy,166,177,63,Berlin Germany,Positive,0.69
11830,2026-03-02 06:51:45,USR_2829,user_433,Heavy rain and flooding reported across the southern district. Stay safe everyone!,#WeatherAlert;#SafetyFirst,458,87,39,Mumbai India,Negative,-0.36
11831,2026-03-02 06:52:30,USR_2830,user_434,Upgraded to the new smartphone today! The camera speed and display are absolutely incredible.,#Tech;#NewPhone;#TechTrends,465,76,42,San Francisco USA,Positive,0.9
11832,2026-03-02 06:53:15,USR_2831,user_435,Public transit delayed for the third time this week. Terrible service during peak hours!,#TransitFail;#CityLife,522,92,40,London UK,Negative,-0.68
11833,2026-03-02 06:54:00,USR_2832,user_436,Switching to solar energy for our home. The installation was smooth and efficient.,#GoGreen;#SolarEnergy;#Sustainability,387,73,38,Sydney Australia,Positive,0.84
11834,2026-03-02 06:54:45,USR_2833,user_437,"Tried the new vegan cafe downtown. Food was average, but the iced coffee was good.",#Foodie;#Vegan;#CafeVibes,307,164,22,Toronto Canada,Neutral,0.09
11835,2026-03-02 06:55:30,USR_2834,user_438,Market volatility is extremely high today. Make sure to manage your risks carefully.,#Crypto;#Finance;#Trading,167,136,46,New York USA,Neutral,-0.11
11836,2026-03-02 06:56:15,USR_2835,user_439,Morning 10k run completed! Feeling energized and ready to tackle the week ahead.,#Fitness;#RunnersHigh;#Health,575,175,38,Chicago USA,Positive,0.94
11837,2026-03-02 06:57:00,USR_2836,user_440,The movie trailer released today looks completely underwhelming. Expectations ruined.,#MovieNews;#CinemaFail,145,97,34,Los Angeles USA,Negative,-0.72
11838,2026-03-02 06:57:45,USR_2837,user_441,Landing in Tokyo! Super excited to explore the vibrant street food and culture.,#Travel;#Japan;#Wanderlust,434,83,26,Tokyo Japan,Positive,0.9
11839,2026-03-02 06:58:30,USR_2838,user_442,Large language models are transforming modern data processing workflows rapidly.,#AI;#MachineLearning;#BigData,325,64,28,Boston USA,Positive,0.71
11840,2026-03-02 06:59:15,USR_2839,user_443,Servers are down again during the tournament. Extremely frustrating update!,#Gaming;#ServerDown;#Esports,568,178,13,Austin USA,Negative,-0.74
11841,2026-03-02 07:00:00,USR_2840,user_444,Attended the annual cloud computing conference. So many great insights on distributed systems.,#CloudComputing;#DevOps;#TechConference,611,111,46,Seattle USA,Positive,0.83
11842,2026-03-02 07:00:45,USR_2841,user_445,Flight got canceled last minute without any reasonable explanation. Very disappointing service.,#AirlineFail;#TravelProblems,183,160,32,Atlanta USA,Negative,-0.81
11843,2026-03-02 07:01:30,USR_2842,user_446,Started reading a new science fiction novel. The plot is turning out to be super captivating.,#Books;#SciFi;#ReadingList,383,72,35,London UK,Positive,0.8
11844,2026-03-02 07:02:15,USR_2843,user_447,Electric vehicles are becoming more affordable and accessible every year.,#EV;#Automotive;#CleanEnergy,305,128,22,Berlin Germany,Positive,0.77
11845,2026-03-02 07:03:00,USR_2844,user_448,Heavy rain and flooding reported across the southern district. Stay safe everyone!,#WeatherAlert;#SafetyFirst,551,148,62,Mumbai India,Negative,-0.37
11846,2026-03-02 07:03:45,USR_2845,user_449,Upgraded to the new smartphone today! The camera speed and display are absolutely incredible.,#Tech;#NewPhone;#TechTrends,614,61,30,San Francisco USA,Positive,0.93
11847,2026-03-02 07:04:30,USR_2846,user_450,Public transit delayed for the third time this week. Terrible service during peak hours!,#TransitFail;#CityLife,209,52,59,London UK,Negative,-0.73
11848,2026-03-02 07:05:15,USR_2847,user_451,Switching to solar energy for our home. The installation was smooth and efficient.,#GoGreen;#SolarEnergy;#Sustainability,259,152,55,Sydney Australia,Positive,0.83
11849,2026-03-02 07:06:00,USR_2848,user_452,"Tried the new vegan cafe downtown. Food was average, but the iced coffee was good.",#Foodie;#Vegan;#CafeVibes,304,101,21,Toronto Canada,Neutral,0.13
11850,2026-03-02 07:06:45,USR_2849,user_453,Market volatility is extremely high today. Make sure to manage your risks carefully.,#Crypto;#Finance;#Trading,511,127,43,New York USA,Neutral,0.02
11851,2026-03-02 07:07:30,USR_2850,user_454,Morning 10k run completed! Feeling energized and ready to tackle the week ahead.,#Fitness;#RunnersHigh;#Health,193,74,32,Chicago USA,Positive,0.84
11852,2026-03-02 07:08:15,USR_2851,user_455,The movie trailer released today looks completely underwhelming. Expectations ruined.,#MovieNews;#CinemaFail,329,133,55,Los Angeles USA,Negative,-0.59
11853,2026-03-02 07:09:00,USR_2852,user_456,Landing in Tokyo! Super excited to explore the vibrant street food and culture.,#Travel;#Japan;#Wanderlust,471,183,18,Tokyo Japan,Positive,0.91
11854,2026-03-02 07:09:45,USR_2853,user_457,Large language models are transforming modern data processing workflows rapidly.,#AI;#MachineLearning;#BigData,640,187,27,Boston USA,Positive,0.66
11855,2026-03-02 07:10:30,USR_2854,user_458,Servers are down again during the tournament. Extremely frustrating update!,#Gaming;#ServerDown;#Esports,296,104,39,Austin USA,Negative,-0.82
11856,2026-03-02 07:11:15,USR_2855,user_459,Attended the annual cloud computing conference. So many great insights on distributed systems.,#CloudComputing;#DevOps;#TechConference,297,191,43,Seattle USA,Positive,0.86
11857,2026-03-02 07:12:00,USR_2856,user_460,Flight got canceled last minute without any reasonable explanation. Very disappointing service.,#AirlineFail;#TravelProblems,349,81,30,Atlanta USA,Negative,-0.95
11858,2026-03-02 07:12:45,USR_2857,user_461,Started reading a new science fiction novel. The plot is turning out to be super captivating.,#Books;#SciFi;#ReadingList,308,44,17,London UK,Positive,0.68
11859,2026-03-02 07:13:30,USR_2858,user_462,Electric vehicles are becoming more affordable and accessible every year.,#EV;#Automotive;#CleanEnergy,595,96,21,Berlin Germany,Positive,0.75
11860,2026-03-02 07:14:15,USR_2859,user_463,Heavy rain and flooding reported across the southern district. Stay safe everyone!,#WeatherAlert;#SafetyFirst,378,90,15,Mumbai India,Negative,-0.4
11861,2026-03-02 07:15:00,USR_2860,user_464,Upgraded to the new smartphone today! The camera speed and display are absolutely incredible.,#Tech;#NewPhone;#TechTrends,489,151,50,San Francisco USA,Positive,0.9
11862,2026-03-02 07:15:45,USR_2861,user_465,Public transit delayed for the third time this week. Terrible service during peak hours!,#TransitFail;#CityLife,347,57,67,London UK,Negative,-0.67
11863,2026-03-02 07:16:30,USR_2862,user_466,Switching to solar energy for our home. The installation was smooth and efficient.,#GoGreen;#SolarEnergy;#Sustainability,413,108,62,Sydney Australia,Positive,0.86
11864,2026-03-02 07:17:15,USR_2863,user_467,"Tried the new vegan cafe downtown. Food was average, but the iced coffee was good.",#Foodie;#Vegan;#CafeVibes,603,182,47,Toronto Canada,Neutral,0.23
11865,2026-03-02 07:18:00,USR_2864,user_468,Market volatility is extremely high today. Make sure to manage your risks carefully.,#Crypto;#Finance;#Trading,653,115,56,New York USA,Neutral,-0.07
11866,2026-03-02 07:18:45,USR_2865,user_469,Morning 10k run completed! Feeling energized and ready to tackle the week ahead.,#Fitness;#RunnersHigh;#Health,374,133,49,Chicago USA,Positive,0.99
11867,2026-03-02 07:19:30,USR_2866,user_470,The movie trailer released today looks completely underwhelming. Expectations ruined.,#MovieNews;#CinemaFail,321,97,25,Los Angeles USA,Negative,-0.59
11868,2026-03-02 07:20:15,USR_2867,user_471,Landing in Tokyo! Super excited to explore the vibrant street food and culture.,#Travel;#Japan;#Wanderlust,470,143,19,Tokyo Japan,Positive,0.95
11869,2026-03-02 07:21:00,USR_2868,user_472,Large language models are transforming modern data processing workflows rapidly.,#AI;#MachineLearning;#BigData,517,56,48,Boston USA,Positive,0.63
11870,2026-03-02 07:21:45,USR_2869,user_473,Servers are down again during the tournament. Extremely frustrating update!,#Gaming;#ServerDown;#Esports,454,99,64,Austin USA,Negative,-0.78
11871,2026-03-02 07:22:30,USR_2870,user_474,Attended the annual cloud computing conference. So many great insights on distributed systems.,#CloudComputing;#DevOps;#TechConference,359,153,33,Seattle USA,Positive,0.86
11872,2026-03-02 07:23:15,USR_2871,user_475,Flight got canceled last minute without any reasonable explanation. Very disappointing service.,#AirlineFail;#TravelProblems,349,96,14,Atlanta USA,Negative,-0.88
11873,2026-03-02 07:24:00,USR_2872,user_476,Started reading a new science fiction novel. The plot is turning out to be super captivating.,#Books;#SciFi;#ReadingList,186,102,40,London UK,Positive,0.82
11874,2026-03-02 07:24:45,USR_2873,user_477,Electric vehicles are becoming more affordable and accessible every year.,#EV;#Automotive;#CleanEnergy,352,85,32,Berlin Germany,Positive,0.66
11875,2026-03-02 07:25:30,USR_2874,user_478,Heavy rain and flooding reported across the southern district. Stay safe everyone!,#WeatherAlert;#SafetyFirst,281,164,57,Mumbai India,Negative,-0.35
11876,2026-03-02 07:26:15,USR_2875,user_479,Upgraded to the new smartphone today! The camera speed and display are absolutely incredible.,#Tech;#NewPhone;#TechTrends,250,77,51,San Francisco USA,Positive,0.91
11877,2026-03-02 07:27:00,USR_2876,user_480,Public transit delayed for the third time this week. Terrible service during peak hours!,#TransitFail;#CityLife,463,169,62,London UK,Negative,-0.66
11878,2026-03-02 07:27:45,USR_2877,user_481,Switching to solar energy for our home. The installation was smooth and efficient.,#GoGreen;#SolarEnergy;#Sustainability,330,104,48,Sydney Australia,Positive,0.81
11879,2026-03-02 07:28:30,USR_2878,user_482,"Tried the new vegan cafe downtown. Food was average, but the iced coffee was good.",#Foodie;#Vegan;#CafeVibes,418,100,29,Toronto Canada,Neutral,0.23
11880,2026-03-02 07:29:15,USR_2879,user_483,Market volatility is extremely high today. Make sure to manage your risks carefully.,#Crypto;#Finance;#Trading,168,80,44,New York USA,Neutral,-0.06
11881,2026-03-02 07:30:00,USR_2880,user_484,Morning 10k run completed! Feeling energized and ready to tackle the week ahead.,#Fitness;#RunnersHigh;#Health,325,97,46,Chicago USA,Positive,0.96
11882,2026-03-02 07:30:45,USR_2881,user_485,The movie trailer released today looks completely underwhelming. Expectations ruined.,#MovieNews;#CinemaFail,153,76,38,Los Angeles USA,Negative,-0.59
11883,2026-03-02 07:31:30,USR_2882,user_486,Landing in Tokyo! Super excited to explore the vibrant street food and culture.,#Travel;#Japan;#Wanderlust,438,184,26,Tokyo Japan,Positive,0.91
11884,2026-03-02 07:32:15,USR_2883,user_487,Large language models are transforming modern data processing workflows rapidly.,#AI;#MachineLearning;#BigData,272,71,46,Boston USA,Positive,0.72
11885,2026-03-02 07:33:00,USR_2884,user_488,Servers are down again during the tournament. Extremely frustrating update!,#Gaming;#ServerDown;#Esports,380,130,62,Austin USA,Negative,-0.73
11886,2026-03-02 07:33:45,USR_2885,user_489,Attended the annual cloud computing conference. So many great insights on distributed systems.,#CloudComputing;#DevOps;#TechConference,266,160,51,Seattle USA,Positive,0.81
11887,2026-03-02 07:34:30,USR_2886,user_490,Flight got canceled last minute without any reasonable explanation. Very disappointing service.,#AirlineFail;#TravelProblems,509,117,43,Atlanta USA,Negative,-0.92
11888,2026-03-02 07:35:15,USR_2887,user_491,Started reading a new science fiction novel. The plot is turning out to be super captivating.,#Books;#SciFi;#ReadingList,215,86,54,London UK,Positive,0.68
11889,2026-03-02 07:36:00,USR_2888,user_492,Electric vehicles are becoming more affordable and accessible every year.,#EV;#Automotive;#CleanEnergy,300,183,49,Berlin Germany,Positive,0.74
11890,2026-03-02 07:36:45,USR_2889,user_493,Heavy rain and flooding reported across the southern district. Stay safe everyone!,#WeatherAlert;#SafetyFirst,392,171,20,Mumbai India,Negative,-0.39
11891,2026-03-02 07:37:30,USR_2890,user_494,Upgraded to the new smartphone today! The camera speed and display are absolutely incredible.,#Tech;#NewPhone;#TechTrends,616,57,22,San Francisco USA,Positive,0.81
11892,2026-03-02 07:38:15,USR_2891,user_495,Public transit delayed for the third time this week. Terrible service during peak hours!,#TransitFail;#CityLife,533,69,17,London UK,Negative,-0.66
11893,2026-03-02 07:39:00,USR_2892,user_496,Switching to solar energy for our home. The installation was smooth and efficient.,#GoGreen;#SolarEnergy;#Sustainability,621,106,10,Sydney Australia,Positive,0.79
11894,2026-03-02 07:39:45,USR_2893,user_497,"Tried the new vegan cafe downtown. Food was average, but the iced coffee was good.",#Foodie;#Vegan;#CafeVibes,611,102,48,Toronto Canada,Neutral,0.17
11895,2026-03-02 07:40:30,USR_2894,user_498,Market volatility is extremely high today. Make sure to manage your risks carefully.,#Crypto;#Finance;#Trading,416,62,39,New York USA,Neutral,-0.02
11896,2026-03-02 07:41:15,USR_2895,user_499,Morning 10k run completed! Feeling energized and ready to tackle the week ahead.,#Fitness;#RunnersHigh;#Health,646,159,40,Chicago USA,Positive,0.93
11897,2026-03-02 07:42:00,USR_2896,user_500,The movie trailer released today looks completely underwhelming. Expectations ruined.,#MovieNews;#CinemaFail,396,114,23,Los Angeles USA,Negative,-0.7
11898,2026-03-02 07:42:45,USR_2897,user_501,Landing in Tokyo! Super excited to explore the vibrant street food and culture.,#Travel;#Japan;#Wanderlust,362,166,31,Tokyo Japan,Positive,0.98
11899,2026-03-02 07:43:30,USR_2898,user_502,Large language models are transforming modern data processing workflows rapidly.,#AI;#MachineLearning;#BigData,154,145,55,Boston USA,Positive,0.7
11900,2026-03-02 07:44:15,USR_2899,user_503,Servers are down again during the tournament. Extremely frustrating update!,#Gaming;#ServerDown;#Esports,169,43,33,Austin USA,Negative,-0.75
11901,2026-03-02 07:45:00,USR_2900,user_504,Attended the annual cloud computing conference. So many great insights on distributed systems.,#CloudComputing;#DevOps;#TechConference,387,136,36,Seattle USA,Positive,0.82
11902,2026-03-02 07:45:45,USR_2901,user_505,Flight got canceled last minute without any reasonable explanation. Very disappointing service.,#AirlineFail;#TravelProblems,185,81,45,Atlanta USA,Negative,-0.89
11903,2026-03-02 07:46:30,USR_2902,user_506,Started reading a new science fiction novel. The plot is turning out to be super captivating.,#Books;#SciFi;#ReadingList,197,185,40,London UK,Positive,0.72
11904,2026-03-02 07:47:15,USR_2903,user_507,Electric vehicles are becoming more affordable and accessible every year.,#EV;#Automotive;#CleanEnergy,176,146,40,Berlin Germany,Positive,0.69
11905,2026-03-02 07:48:00,USR_2904,user_508,Heavy rain and flooding reported across the southern district. Stay safe everyone!,#WeatherAlert;#SafetyFirst,622,39,42,Mumbai India,Negative,-0.44
11906,2026-03-02 07:48:45,USR_2905,user_509,Upgraded to the new smartphone today! The camera speed and display are absolutely incredible.,#Tech;#NewPhone;#TechTrends,448,106,42,San Francisco USA,Positive,0.8
11907,2026-03-02 07:49:30,USR_2906,user_510,Public transit delayed for the third time this week. Terrible service during peak hours!,#TransitFail;#CityLife,257,94,58,London UK,Negative,-0.66
11908,2026-03-02 07:50:15,USR_2907,user_511,Switching to solar energy for our home. The installation was smooth and efficient.,#GoGreen;#SolarEnergy;#Sustainability,363,49,37,Sydney Australia,Positive,0.72
11909,2026-03-02 07:51:00,USR_2908,user_512,"Tried the new vegan cafe downtown. Food was average, but the iced coffee was good.",#Foodie;#Vegan;#CafeVibes,278,136,22,Toronto Canada,Neutral,0.22
11910,2026-03-02 07:51:45,USR_2909,user_513,Market volatility is extremely high today. Make sure to manage your risks carefully.,#Crypto;#Finance;#Trading,570,161,36,New York USA,Neutral,-0.02
11911,2026-03-02 07:52:30,USR_2910,user_514,Morning 10k run completed! Feeling energized and ready to tackle the week ahead.,#Fitness;#RunnersHigh;#Health,193,83,14,Chicago USA,Positive,0.93
11912,2026-03-02 07:53:15,USR_2911,user_515,The movie trailer released today looks completely underwhelming. Expectations ruined.,#MovieNews;#CinemaFail,248,171,36,Los Angeles USA,Negative,-0.71
11913,2026-03-02 07:54:00,USR_2912,user_516,Landing in Tokyo! Super excited to explore the vibrant street food and culture.,#Travel;#Japan;#Wanderlust,253,109,54,Tokyo Japan,Positive,0.9
11914,2026-03-02 07:54:45,USR_2913,user_517,Large language models are transforming modern data processing workflows rapidly.,#AI;#MachineLearning;#BigData,211,167,42,Boston USA,Positive,0.62
11915,2026-03-02 07:55:30,USR_2914,user_518,Servers are down again during the tournament. Extremely frustrating update!,#Gaming;#ServerDown;#Esports,323,195,14,Austin USA,Negative,-0.77
11916,2026-03-02 07:56:15,USR_2915,user_519,Attended the annual cloud computing conference. So many great insights on distributed systems.,#CloudComputing;#DevOps;#TechConference,616,55,23,Seattle USA,Positive,0.88
11917,2026-03-02 07:57:00,USR_2916,user_520,Flight got canceled last minute without any reasonable explanation. Very disappointing service.,#AirlineFail;#TravelProblems,302,153,31,Atlanta USA,Negative,-0.84
11918,2026-03-02 07:57:45,USR_2917,user_521,Started reading a new science fiction novel. The plot is turning out to be super captivating.,#Books;#SciFi;#ReadingList,190,51,51,London UK,Positive,0.77
11919,2026-03-02 07:58:30,USR_2918,user_522,Electric vehicles are becoming more affordable and accessible every year.,#EV;#Automotive;#CleanEnergy,167,191,65,Berlin Germany,Positive,0.69
11920,2026-03-02 07:59:15,USR_2919,user_523,Heavy rain and flooding reported across the southern district. Stay safe everyone!,#WeatherAlert;#SafetyFirst,361,107,46,Mumbai India,Negative,-0.34
11921,2026-03-02 08:00:00,USR_2920,user_524,Upgraded to the new smartphone today! The camera speed and display are absolutely incredible.,#Tech;#NewPhone;#TechTrends,452,99,54,San Francisco USA,Positive,0.79
11922,2026-03-02 08:00:45,USR_2921,user_525,Public transit delayed for the third time this week. Terrible service during peak hours!,#TransitFail;#CityLife,336,134,42,London UK,Negative,-0.75
11923,2026-03-02 08:01:30,USR_2922,user_526,Switching to solar energy for our home. The installation was smooth and efficient.,#GoGreen;#SolarEnergy;#Sustainability,640,131,20,Sydney Australia,Positive,0.72
11924,2026-03-02 08:02:15,USR_2923,user_527,"Tried the new vegan cafe downtown. Food was average, but the iced coffee was good.",#Foodie;#Vegan;#CafeVibes,432,51,11,Toronto Canada,Neutral,0.23
11925,2026-03-02 08:03:00,USR_2924,user_528,Market volatility is extremely high today. Make sure to manage your risks carefully.,#Crypto;#Finance;#Trading,356,83,61,New York USA,Neutral,-0.04
11926,2026-03-02 08:03:45,USR_2925,user_529,Morning 10k run completed! Feeling energized and ready to tackle the week ahead.,#Fitness;#RunnersHigh;#Health,360,192,34,Chicago USA,Positive,0.99
11927,2026-03-02 08:04:30,USR_2926,user_530,The movie trailer released today looks completely underwhelming. Expectations ruined.,#MovieNews;#CinemaFail,139,54,55,Los Angeles USA,Negative,-0.7
11928,2026-03-02 08:05:15,USR_2927,user_531,Landing in Tokyo! Super excited to explore the vibrant street food and culture.,#Travel;#Japan;#Wanderlust,522,74,61,Tokyo Japan,Positive,1.0
11929,2026-03-02 08:06:00,USR_2928,user_532,Large language models are transforming modern data processing workflows rapidly.,#AI;#MachineLearning;#BigData,229,94,52,Boston USA,Positive,0.62
11930,2026-03-02 08:06:45,USR_2929,user_533,Servers are down again during the tournament. Extremely frustrating update!,#Gaming;#ServerDown;#Esports,209,149,55,Austin USA,Negative,-0.74
11931,2026-03-02 08:07:30,USR_2930,user_534,Attended the annual cloud computing conference. So many great insights on distributed systems.,#CloudComputing;#DevOps;#TechConference,662,69,14,Seattle USA,Positive,0.78
11932,2026-03-02 08:08:15,USR_2931,user_535,Flight got canceled last minute without any reasonable explanation. Very disappointing service.,#AirlineFail;#TravelProblems,311,128,68,Atlanta USA,Negative,-0.86
11933,2026-03-02 08:09:00,USR_2932,user_536,Started reading a new science fiction novel. The plot is turning out to be super captivating.,#Books;#SciFi;#ReadingList,175,169,49,London UK,Positive,0.71
11934,2026-03-02 08:09:45,USR_2933,user_537,Electric vehicles are becoming more affordable and accessible every year.,#EV;#Automotive;#CleanEnergy,239,113,34,Berlin Germany,Positive,0.77
11935,2026-03-02 08:10:30,USR_2934,user_538,Heavy rain and flooding reported across the southern district. Stay safe everyone!,#WeatherAlert;#SafetyFirst,378,173,46,Mumbai India,Negative,-0.39
11936,2026-03-02 08:11:15,USR_2935,user_539,Upgraded to the new smartphone today! The camera speed and display are absolutely incredible.,#Tech;#NewPhone;#TechTrends,211,165,37,San Francisco USA,Positive,0.8
11937,2026-03-02 08:12:00,USR_2936,user_540,Public transit delayed for the third time this week. Terrible service during peak hours!,#TransitFail;#CityLife,428,142,13,London UK,Negative,-0.69
11938,2026-03-02 08:12:45,USR_2937,user_541,Switching to solar energy for our home. The installation was smooth and efficient.,#GoGreen;#SolarEnergy;#Sustainability,293,102,51,Sydney Australia,Positive,0.82
11939,2026-03-02 08:13:30,USR_2938,user_542,"Tried the new vegan cafe downtown. Food was average, but the iced coffee was good.",#Foodie;#Vegan;#CafeVibes,314,159,15,Toronto Canada,Neutral,0.08
11940,2026-03-02 08:14:15,USR_2939,user_543,Market volatility is extremely high today. Make sure to manage your risks carefully.,#Crypto;#Finance;#Trading,604,102,33,New York USA,Neutral,-0.0
11941,2026-03-02 08:15:00,USR_2940,user_544,Morning 10k run completed! Feeling energized and ready to tackle the week ahead.,#Fitness;#RunnersHigh;#Health,185,174,11,Chicago USA,Positive,0.88
11942,2026-03-02 08:15:45,USR_2941,user_545,The movie trailer released today looks completely underwhelming. Expectations ruined.,#MovieNews;#CinemaFail,530,98,43,Los Angeles USA,Negative,-0.59
11943,2026-03-02 08:16:30,USR_2942,user_546,Landing in Tokyo! Super excited to explore the vibrant street food and culture.,#Travel;#Japan;#Wanderlust,612,84,62,Tokyo Japan,Positive,0.98
11944,2026-03-02 08:17:15,USR_2943,user_547,Large language models are transforming modern data processing workflows rapidly.,#AI;#MachineLearning;#BigData,266,128,62,Boston USA,Positive,0.7
11945,2026-03-02 08:18:00,USR_2944,user_548,Servers are down again during the tournament. Extremely frustrating update!,#Gaming;#ServerDown;#Esports,628,45,46,Austin USA,Negative,-0.82
11946,2026-03-02 08:18:45,USR_2945,user_549,Attended the annual cloud computing conference. So many great insights on distributed systems.,#CloudComputing;#DevOps;#TechConference,520,46,57,Seattle USA,Positive,0.88
11947,2026-03-02 08:19:30,USR_2946,user_550,Flight got canceled last minute without any reasonable explanation. Very disappointing service.,#AirlineFail;#TravelProblems,506,49,61,Atlanta USA,Negative,-0.85
11948,2026-03-02 08:20:15,USR_2947,user_551,Started reading a new science fiction novel. The plot is turning out to be super captivating.,#Books;#SciFi;#ReadingList,162,68,43,London UK,Positive,0.67
11949,2026-03-02 08:21:00,USR_2948,user_552,Electric vehicles are becoming more affordable and accessible every year.,#EV;#Automotive;#CleanEnergy,240,191,50,Berlin Germany,Positive,0.7
11950,2026-03-02 08:21:45,USR_2949,user_553,Heavy rain and flooding reported across the southern district. Stay safe everyone!,#WeatherAlert;#SafetyFirst,271,153,62,Mumbai India,Negative,-0.44
11951,2026-03-02 08:22:30,USR_2950,user_554,Upgraded to the new smartphone today! The camera speed and display are absolutely incredible.,#Tech;#NewPhone;#TechTrends,432,102,47,San Francisco USA,Positive,0.79
11952,2026-03-02 08:23:15,USR_2951,user_555,Public transit delayed for the third time this week. Terrible service during peak hours!,#TransitFail;#CityLife,321,73,15,London UK,Negative,-0.8
11953,2026-03-02 08:24:00,USR_2952,user_556,Switching to solar energy for our home. The installation was smooth and efficient.,#GoGreen;#SolarEnergy;#Sustainability,358,84,59,Sydney Australia,Positive,0.86
11954,2026-03-02 08:24:45,USR_2953,user_557,"Tried the new vegan cafe downtown. Food was average, but the iced coffee was good.",#Foodie;#Vegan;#CafeVibes,578,56,32,Toronto Canada,Neutral,0.1
11955,2026-03-02 08:25:30,USR_2954,user_558,Market volatility is extremely high today. Make sure to manage your risks carefully.,#Crypto;#Finance;#Trading,376,143,35,New York USA,Neutral,-0.07
11956,2026-03-02 08:26:15,USR_2955,user_559,Morning 10k run completed! Feeling energized and ready to tackle the week ahead.,#Fitness;#RunnersHigh;#Health,327,145,62,Chicago USA,Positive,0.93
11957,2026-03-02 08:27:00,USR_2956,user_560,The movie trailer released today looks completely underwhelming. Expectations ruined.,#MovieNews;#CinemaFail,405,182,28,Los Angeles USA,Negative,-0.7
11958,2026-03-02 08:27:45,USR_2957,user_561,Landing in Tokyo! Super excited to explore the vibrant street food and culture.,#Travel;#Japan;#Wanderlust,398,162,26,Tokyo Japan,Positive,0.9
11959,2026-03-02 08:28:30,USR_2958,user_562,Large language models are transforming modern data processing workflows rapidly.,#AI;#MachineLearning;#BigData,662,190,42,Boston USA,Positive,0.64
11960,2026-03-02 08:29:15,USR_2959,user_563,Servers are down again during the tournament. Extremely frustrating update!,#Gaming;#ServerDown;#Esports,415,140,40,Austin USA,Negative,-0.86
11961,2026-03-02 08:30:00,USR_2960,user_564,Attended the annual cloud computing conference. So many great insights on distributed systems.,#CloudComputing;#DevOps;#TechConference,171,180,33,Seattle USA,Positive,0.79
11962,2026-03-02 08:30:45,USR_2961,user_565,Flight got canceled last minute without any reasonable explanation. Very disappointing service.,#AirlineFail;#TravelProblems,369,92,40,Atlanta USA,Negative,-0.94
11963,2026-03-02 08:31:30,USR_2962,user_566,Started reading a new science fiction novel. The plot is turning out to be super captivating.,#Books;#SciFi;#ReadingList,289,89,22,London UK,Positive,0.67
11964,2026-03-02 08:32:15,USR_2963,user_567,Electric vehicles are becoming more affordable and accessible every year.,#EV;#Automotive;#CleanEnergy,208,117,20,Berlin Germany,Positive,0.69
11965,2026-03-02 08:33:00,USR_2964,user_568,Heavy rain and flooding reported across the southern district. Stay safe everyone!,#WeatherAlert;#SafetyFirst,531,77,40,Mumbai India,Negative,-0.46
11966,2026-03-02 08:33:45,USR_2965,user_569,Upgraded to the new smartphone today! The camera speed and display are absolutely incredible.,#Tech;#NewPhone;#TechTrends,532,180,17,San Francisco USA,Positive,0.86
11967,2026-03-02 08:34:30,USR_2966,user_570,Public transit delayed for the third time this week. Terrible service during peak hours!,#TransitFail;#CityLife,502,107,55,London UK,Negative,-0.69
11968,2026-03-02 08:35:15,USR_2967,user_571,Switching to solar energy for our home. The installation was smooth and efficient.,#GoGreen;#SolarEnergy;#Sustainability,269,188,52,Sydney Australia,Positive,0.75
11969,2026-03-02 08:36:00,USR_2968,user_572,"Tried the new vegan cafe downtown. Food was average, but the iced coffee was good.",#Foodie;#Vegan;#CafeVibes,472,55,43,Toronto Canada,Neutral,0.13
11970,2026-03-02 08:36:45,USR_2969,user_573,Market volatility is extremely high today. Make sure to manage your risks carefully.,#Crypto;#Finance;#Trading,286,71,61,New York USA,Neutral,-0.07
11971,2026-03-02 08:37:30,USR_2970,user_574,Morning 10k run completed! Feeling energized and ready to tackle the week ahead.,#Fitness;#RunnersHigh;#Health,198,172,47,Chicago USA,Positive,0.91
11972,2026-03-02 08:38:15,USR_2971,user_575,The movie trailer released today looks completely underwhelming. Expectations ruined.,#MovieNews;#CinemaFail,360,169,30,Los Angeles USA,Negative,-0.64
11973,2026-03-02 08:39:00,USR_2972,user_576,Landing in Tokyo! Super excited to explore the vibrant street food and culture.,#Travel;#Japan;#Wanderlust,171,111,35,Tokyo Japan,Positive,1.0
11974,2026-03-02 08:39:45,USR_2973,user_577,Large language models are transforming modern data processing workflows rapidly.,#AI;#MachineLearning;#BigData,563,99,69,Boston USA,Positive,0.62
11975,2026-03-02 08:40:30,USR_2974,user_578,Servers are down again during the tournament. Extremely frustrating update!,#Gaming;#ServerDown;#Esports,513,185,22,Austin USA,Negative,-0.82
11976,2026-03-02 08:41:15,USR_2975,user_579,Attended the annual cloud computing conference. So many great insights on distributed systems.,#CloudComputing;#DevOps;#TechConference,251,94,42,Seattle USA,Positive,0.78
11977,2026-03-02 08:42:00,USR_2976,user_580,Flight got canceled last minute without any reasonable explanation. Very disappointing service.,#AirlineFail;#TravelProblems,480,74,57,Atlanta USA,Negative,-0.82
11978,2026-03-02 08:42:45,USR_2977,user_581,Started reading a new science fiction novel. The plot is turning out to be super captivating.,#Books;#SciFi;#ReadingList,418,177,42,London UK,Positive,0.69
11979,2026-03-02 08:43:30,USR_2978,user_582,Electric vehicles are becoming more affordable and accessible every year.,#EV;#Automotive;#CleanEnergy,525,183,33,Berlin Germany,Positive,0.64
11980,2026-03-02 08:44:15,USR_2979,user_583,Heavy rain and flooding reported across the southern district. Stay safe everyone!,#WeatherAlert;#SafetyFirst,467,150,61,Mumbai India,Negative,-0.34
11981,2026-03-02 08:45:00,USR_2980,user_584,Upgraded to the new smartphone today! The camera speed and display are absolutely incredible.,#Tech;#NewPhone;#TechTrends,395,157,48,San Francisco USA,Positive,0.83
11982,2026-03-02 08:45:45,USR_2981,user_585,Public transit delayed for the third time this week. Terrible service during peak hours!,#TransitFail;#CityLife,628,178,47,London UK,Negative,-0.72
11983,2026-03-02 08:46:30,USR_2982,user_586,Switching to solar energy for our home. The installation was smooth and efficient.,#GoGreen;#SolarEnergy;#Sustainability,365,59,28,Sydney Australia,Positive,0.75
11984,2026-03-02 08:47:15,USR_2983,user_587,"Tried the new vegan cafe downtown. Food was average, but the iced coffee was good.",#Foodie;#Vegan;#CafeVibes,334,141,44,Toronto Canada,Neutral,0.16
11985,2026-03-02 08:48:00,USR_2984,user_588,Market volatility is extremely high today. Make sure to manage your risks carefully.,#Crypto;#Finance;#Trading,545,161,23,New York USA,Neutral,-0.12
11986,2026-03-02 08:48:45,USR_2985,user_589,Morning 10k run completed! Feeling energized and ready to tackle the week ahead.,#Fitness;#RunnersHigh;#Health,234,143,38,Chicago USA,Positive,0.88
11987,2026-03-02 08:49:30,USR_2986,user_590,The movie trailer released today looks completely underwhelming. Expectations ruined.,#MovieNews;#CinemaFail,170,112,34,Los Angeles USA,Negative,-0.62
11988,2026-03-02 08:50:15,USR_2987,user_591,Landing in Tokyo! Super excited to explore the vibrant street food and culture.,#Travel;#Japan;#Wanderlust,208,151,63,Tokyo Japan,Positive,1.0
11989,2026-03-02 08:51:00,USR_2988,user_592,Large language models are transforming modern data processing workflows rapidly.,#AI;#MachineLearning;#BigData,204,131,41,Boston USA,Positive,0.75
11990,2026-03-02 08:51:45,USR_2989,user_593,Servers are down again during the tournament. Extremely frustrating update!,#Gaming;#ServerDown;#Esports,559,81,45,Austin USA,Negative,-0.76
11991,2026-03-02 08:52:30,USR_2990,user_594,Attended the annual cloud computing conference. So many great insights on distributed systems.,#CloudComputing;#DevOps;#TechConference,330,105,23,Seattle USA,Positive,0.85
11992,2026-03-02 08:53:15,USR_2991,user_595,Flight got canceled last minute without any reasonable explanation. Very disappointing service.,#AirlineFail;#TravelProblems,220,90,49,Atlanta USA,Negative,-0.92
11993,2026-03-02 08:54:00,USR_2992,user_596,Started reading a new science fiction novel. The plot is turning out to be super captivating.,#Books;#SciFi;#ReadingList,568,175,51,London UK,Positive,0.79
11994,2026-03-02 08:54:45,USR_2993,user_597,Electric vehicles are becoming more affordable and accessible every year.,#EV;#Automotive;#CleanEnergy,382,101,33,Berlin Germany,Positive,0.78
11995,2026-03-02 08:55:30,USR_2994,user_598,Heavy rain and flooding reported across the southern district. Stay safe everyone!,#WeatherAlert;#SafetyFirst,457,159,40,Mumbai India,Negative,-0.37
11996,2026-03-02 08:56:15,USR_2995,user_599,Upgraded to the new smartphone today! The camera speed and display are absolutely incredible.,#Tech;#NewPhone;#TechTrends,248,166,29,San Francisco USA,Positive,0.84
11997,2026-03-02 08:57:00,USR_2996,user_101,Public transit delayed for the third time this week. Terrible service during peak hours!,#TransitFail;#CityLife,482,66,21,London UK,Negative,-0.68
11998,2026-03-02 08:57:45,USR_2997,user_102,Switching to solar energy for our home. The installation was smooth and efficient.,#GoGreen;#SolarEnergy;#Sustainability,647,143,40,Sydney Australia,Positive,0.83
11999,2026-03-02 08:58:30,USR_2998,user_103,"Tried the new vegan cafe downtown. Food was average, but the iced coffee was good.",#Foodie;#Vegan;#CafeVibes,533,177,66,Toronto Canada,Neutral,0.17
12000,2026-03-02 08:59:15,USR_2999,user_104,Market volatility is extremely high today. Make sure to manage your risks carefully.,#Crypto;#Finance;#Trading,607,47,32,New York USA,Neutral,-0.08
12001,2026-03-02 09:00:00,USR_3000,user_105,Morning 10k run completed! Feeling energized and ready to tackle the week ahead.,#Fitness;#RunnersHigh;#Health,323,151,34,Chicago USA,Positive,0.99
12002,2026-03-02 09:00:45,USR_3001,user_106,The movie trailer released today looks completely underwhelming. Expectations ruined.,#MovieNews;#CinemaFail,392,61,35,Los Angeles USA,Negative,-0.7
12003,2026-03-02 09:01:30,USR_3002,user_107,Landing in Tokyo! Super excited to explore the vibrant street food and culture.,#Travel;#Japan;#Wanderlust,312,45,48,Tokyo Japan,Positive,1.0
12004,2026-03-02 09:02:15,USR_3003,user_108,Large language models are transforming modern data processing workflows rapidly.,#AI;#MachineLearning;#BigData,224,63,48,Boston USA,Positive,0.76
12005,2026-03-02 09:03:00,USR_3004,user_109,Servers are down again during the tournament. Extremely frustrating update!,#Gaming;#ServerDown;#Esports,207,156,18,Austin USA,Negative,-0.75
12006,2026-03-02 09:03:45,USR_3005,user_110,Attended the annual cloud computing conference. So many great insights on distributed systems.,#CloudComputing;#DevOps;#TechConference,297,125,52,Seattle USA,Positive,0.88
12007,2026-03-02 09:04:30,USR_3006,user_111,Flight got canceled last minute without any reasonable explanation. Very disappointing service.,#AirlineFail;#TravelProblems,324,169,23,Atlanta USA,Negative,-0.91
12008,2026-03-02 09:05:15,USR_3007,user_112,Started reading a new science fiction novel. The plot is turning out to be super captivating.,#Books;#SciFi;#ReadingList,161,156,34,London UK,Positive,0.78
12009,2026-03-02 09:06:00,USR_3008,user_113,Electric vehicles are becoming more affordable and accessible every year.,#EV;#Automotive;#CleanEnergy,155,99,18,Berlin Germany,Positive,0.63
12010,2026-03-02 09:06:45,USR_3009,user_114,Heavy rain and flooding reported across the southern district. Stay safe everyone!,#WeatherAlert;#SafetyFirst,543,153,35,Mumbai India,Negative,-0.34
12011,2026-03-02 09:07:30,USR_3010,user_115,Upgraded to the new smartphone today! The camera speed and display are absolutely incredible.,#Tech;#NewPhone;#TechTrends,231,53,27,San Francisco USA,Positive,0.84
12012,2026-03-02 09:08:15,USR_3011,user_116,Public transit delayed for the third time this week. Terrible service during peak hours!,#TransitFail;#CityLife,529,170,23,London UK,Negative,-0.8
12013,2026-03-02 09:09:00,USR_3012,user_117,Switching to solar energy for our home. The installation was smooth and efficient.,#GoGreen;#SolarEnergy;#Sustainability,536,124,74,Sydney Australia,Positive,0.8
12014,2026-03-02 09:09:45,USR_3013,user_118,"Tried the new vegan cafe downtown. Food was average, but the iced coffee was good.",#Foodie;#Vegan;#CafeVibes,190,150,39,Toronto Canada,Neutral,0.22
12015,2026-03-02 09:10:30,USR_3014,user_119,Market volatility is extremely high today. Make sure to manage your risks carefully.,#Crypto;#Finance;#Trading,270,170,40,New York USA,Neutral,-0.08
12016,2026-03-02 09:11:15,USR_3015,user_120,Morning 10k run completed! Feeling energized and ready to tackle the week ahead.,#Fitness;#RunnersHigh;#Health,172,183,14,Chicago USA,Positive,0.96
12017,2026-03-02 09:12:00,USR_3016,user_121,The movie trailer released today looks completely underwhelming. Expectations ruined.,#MovieNews;#CinemaFail,498,158,16,Los Angeles USA,Negative,-0.64
12018,2026-03-02 09:12:45,USR_3017,user_122,Landing in Tokyo! Super excited to explore the vibrant street food and culture.,#Travel;#Japan;#Wanderlust,402,138,20,Tokyo Japan,Positive,0.91
12019,2026-03-02 09:13:30,USR_3018,user_123,Large language models are transforming modern data processing workflows rapidly.,#AI;#MachineLearning;#BigData,296,112,29,Boston USA,Positive,0.61
12020,2026-03-02 09:14:15,USR_3019,user_124,Servers are down again during the tournament. Extremely frustrating update!,#Gaming;#ServerDown;#Esports,171,135,14,Austin USA,Negative,-0.79
12021,2026-03-02 09:15:00,USR_3020,user_125,Attended the annual cloud computing conference. So many great insights on distributed systems.,#CloudComputing;#DevOps;#TechConference,426,163,44,Seattle USA,Positive,0.76
12022,2026-03-02 09:15:45,USR_3021,user_126,Flight got canceled last minute without any reasonable explanation. Very disappointing service.,#AirlineFail;#TravelProblems,163,71,18,Atlanta USA,Negative,-0.82
12023,2026-03-02 09:16:30,USR_3022,user_127,Started reading a new science fiction novel. The plot is turning out to be super captivating.,#Books;#SciFi;#ReadingList,248,136,24,London UK,Positive,0.73
12024,2026-03-02 09:17:15,USR_3023,user_128,Electric vehicles are becoming more affordable and accessible every year.,#EV;#Automotive;#CleanEnergy,193,119,25,Berlin Germany,Positive,0.64
12025,2026-03-02 09:18:00,USR_3024,user_129,Heavy rain and flooding reported across the southern district. Stay safe everyone!,#WeatherAlert;#SafetyFirst,502,151,11,Mumbai India,Negative,-0.33
12026,2026-03-02 09:18:45,USR_3025,user_130,Upgraded to the new smartphone today! The camera speed and display are absolutely incredible.,#Tech;#NewPhone;#TechTrends,499,106,33,San Francisco USA,Positive,0.84
12027,2026-03-02 09:19:30,USR_3026,user_131,Public transit delayed for the third time this week. Terrible service during peak hours!,#TransitFail;#CityLife,246,98,40,London UK,Negative,-0.72
12028,2026-03-02 09:20:15,USR_3027,user_132,Switching to solar energy for our home. The installation was smooth and efficient.,#GoGreen;#SolarEnergy;#Sustainability,310,178,64,Sydney Australia,Positive,0.73
12029,2026-03-02 09:21:00,USR_3028,user_133,"Tried the new vegan cafe downtown. Food was average, but the iced coffee was good.",#Foodie;#Vegan;#CafeVibes,415,100,33,Toronto Canada,Neutral,0.2
12030,2026-03-02 09:21:45,USR_3029,user_134,Market volatility is extremely high today. Make sure to manage your risks carefully.,#Crypto;#Finance;#Trading,350,42,17,New York USA,Neutral,-0.05
12031,2026-03-02 09:22:30,USR_3030,user_135,Morning 10k run completed! Feeling energized and ready to tackle the week ahead.,#Fitness;#RunnersHigh;#Health,151,136,34,Chicago USA,Positive,0.94
12032,2026-03-02 09:23:15,USR_3031,user_136,The movie trailer released today looks completely underwhelming. Expectations ruined.,#MovieNews;#CinemaFail,505,95,57,Los Angeles USA,Negative,-0.67
12033,2026-03-02 09:24:00,USR_3032,user_137,Landing in Tokyo! Super excited to explore the vibrant street food and culture.,#Travel;#Japan;#Wanderlust,547,125,31,Tokyo Japan,Positive,0.98
12034,2026-03-02 09:24:45,USR_3033,user_138,Large language models are transforming modern data processing workflows rapidly.,#AI;#MachineLearning;#BigData,231,137,24,Boston USA,Positive,0.72
12035,2026-03-02 09:25:30,USR_3034,user_139,Servers are down again during the tournament. Extremely frustrating update!,#Gaming;#ServerDown;#Esports,354,160,50,Austin USA,Negative,-0.87
12036,2026-03-02 09:26:15,USR_3035,user_140,Attended the annual cloud computing conference. So many great insights on distributed systems.,#CloudComputing;#DevOps;#TechConference,279,100,22,Seattle USA,Positive,0.84
12037,2026-03-02 09:27:00,USR_3036,user_141,Flight got canceled last minute without any reasonable explanation. Very disappointing service.,#AirlineFail;#TravelProblems,639,126,28,Atlanta USA,Negative,-0.94
12038,2026-03-02 09:27:45,USR_3037,user_142,Started reading a new science fiction novel. The plot is turning out to be super captivating.,#Books;#SciFi;#ReadingList,241,71,53,London UK,Positive,0.72
12039,2026-03-02 09:28:30,USR_3038,user_143,Electric vehicles are becoming more affordable and accessible every year.,#EV;#Automotive;#CleanEnergy,626,101,17,Berlin Germany,Positive,0.76
12040,2026-03-02 09:29:15,USR_3039,user_144,Heavy rain and flooding reported across the southern district. Stay safe everyone!,#WeatherAlert;#SafetyFirst,378,132,46,Mumbai India,Negative,-0.42
12041,2026-03-02 09:30:00,USR_3040,user_145,Upgraded to the new smartphone today! The camera speed and display are absolutely incredible.,#Tech;#NewPhone;#TechTrends,627,192,15,San Francisco USA,Positive,0.92
12042,2026-03-02 09:30:45,USR_3041,user_146,Public transit delayed for the third time this week. Terrible service during peak hours!,#TransitFail;#CityLife,209,36,40,London UK,Negative,-0.64
12043,2026-03-02 09:31:30,USR_3042,user_147,Switching to solar energy for our home. The installation was smooth and efficient.,#GoGreen;#SolarEnergy;#Sustainability,230,126,46,Sydney Australia,Positive,0.72
12044,2026-03-02 09:32:15,USR_3043,user_148,"Tried the new vegan cafe downtown. Food was average, but the iced coffee was good.",#Foodie;#Vegan;#CafeVibes,239,84,45,Toronto Canada,Neutral,0.07
12045,2026-03-02 09:33:00,USR_3044,user_149,Market volatility is extremely high today. Make sure to manage your risks carefully.,#Crypto;#Finance;#Trading,232,132,47,New York USA,Neutral,-0.01
12046,2026-03-02 09:33:45,USR_3045,user_150,Morning 10k run completed! Feeling energized and ready to tackle the week ahead.,#Fitness;#RunnersHigh;#Health,521,171,54,Chicago USA,Positive,0.96
12047,2026-03-02 09:34:30,USR_3046,user_151,The movie trailer released today looks completely underwhelming. Expectations ruined.,#MovieNews;#CinemaFail,191,168,17,Los Angeles USA,Negative,-0.65
12048,2026-03-02 09:35:15,USR_3047,user_152,Landing in Tokyo! Super excited to explore the vibrant street food and culture.,#Travel;#Japan;#Wanderlust,378,179,38,Tokyo Japan,Positive,0.99
12049,2026-03-02 09:36:00,USR_3048,user_153,Large language models are transforming modern data processing workflows rapidly.,#AI;#MachineLearning;#BigData,423,86,21,Boston USA,Positive,0.63
12050,2026-03-02 09:36:45,USR_3049,user_154,Servers are down again during the tournament. Extremely frustrating update!,#Gaming;#ServerDown;#Esports,335,170,55,Austin USA,Negative,-0.74
12051,2026-03-02 09:37:30,USR_3050,user_155,Attended the annual cloud computing conference. So many great insights on distributed systems.,#CloudComputing;#DevOps;#TechConference,413,100,47,Seattle USA,Positive,0.82
12052,2026-03-02 09:38:15,USR_3051,user_156,Flight got canceled last minute without any reasonable explanation. Very disappointing service.,#AirlineFail;#TravelProblems,645,53,34,Atlanta USA,Negative,-0.88
12053,2026-03-02 09:39:00,USR_3052,user_157,Started reading a new science fiction novel. The plot is turning out to be super captivating.,#Books;#SciFi;#ReadingList,261,52,36,London UK,Positive,0.82
12054,2026-03-02 09:39:45,USR_3053,user_158,Electric vehicles are becoming more affordable and accessible every year.,#EV;#Automotive;#CleanEnergy,363,142,52,Berlin Germany,Positive,0.63
12055,2026-03-02 09:40:30,USR_3054,user_159,Heavy rain and flooding reported across the southern district. Stay safe everyone!,#WeatherAlert;#SafetyFirst,470,153,17,Mumbai India,Negative,-0.34
12056,2026-03-02 09:41:15,USR_3055,user_160,Upgraded to the new smartphone today! The camera speed and display are absolutely incredible.,#Tech;#NewPhone;#TechTrends,153,148,49,San Francisco USA,Positive,0.8
12057,2026-03-02 09:42:00,USR_3056,user_161,Public transit delayed for the third time this week. Terrible service during peak hours!,#TransitFail;#CityLife,579,72,37,London UK,Negative,-0.69
12058,2026-03-02 09:42:45,USR_3057,user_162,Switching to solar energy for our home. The installation was smooth and efficient.,#GoGreen;#SolarEnergy;#Sustainability,465,149,18,Sydney Australia,Positive,0.78
12059,2026-03-02 09:43:30,USR_3058,user_163,"Tried the new vegan cafe downtown. Food was average, but the iced coffee was good.",#Foodie;#Vegan;#CafeVibes,278,138,41,Toronto Canada,Neutral,0.14
12060,2026-03-02 09:44:15,USR_3059,user_164,Market volatility is extremely high today. Make sure to manage your risks carefully.,#Crypto;#Finance;#Trading,335,75,21,New York USA,Neutral,0.01
12061,2026-03-02 09:45:00,USR_3060,user_165,Morning 10k run completed! Feeling energized and ready to tackle the week ahead.,#Fitness;#RunnersHigh;#Health,198,167,32,Chicago USA,Positive,0.9
12062,2026-03-02 09:45:45,USR_3061,user_166,The movie trailer released today looks completely underwhelming. Expectations ruined.,#MovieNews;#CinemaFail,363,186,26,Los Angeles USA,Negative,-0.6
12063,2026-03-02 09:46:30,USR_3062,user_167,Landing in Tokyo! Super excited to explore the vibrant street food and culture.,#Travel;#Japan;#Wanderlust,281,117,20,Tokyo Japan,Positive,0.88
12064,2026-03-02 09:47:15,USR_3063,user_168,Large language models are transforming modern data processing workflows rapidly.,#AI;#MachineLearning;#BigData,370,67,20,Boston USA,Positive,0.74
12065,2026-03-02 09:48:00,USR_3064,user_169,Servers are down again during the tournament. Extremely frustrating update!,#Gaming;#ServerDown;#Esports,187,103,34,Austin USA,Negative,-0.83
12066,2026-03-02 09:48:45,USR_3065,user_170,Attended the annual cloud computing conference. So many great insights on distributed systems.,#CloudComputing;#DevOps;#TechConference,460,70,26,Seattle USA,Positive,0.78
12067,2026-03-02 09:49:30,USR_3066,user_171,Flight got canceled last minute without any reasonable explanation. Very disappointing service.,#AirlineFail;#TravelProblems,400,95,43,Atlanta USA,Negative,-0.89
12068,2026-03-02 09:50:15,USR_3067,user_172,Started reading a new science fiction novel. The plot is turning out to be super captivating.,#Books;#SciFi;#ReadingList,283,180,31,London UK,Positive,0.79
12069,2026-03-02 09:51:00,USR_3068,user_173,Electric vehicles are becoming more affordable and accessible every year.,#EV;#Automotive;#CleanEnergy,440,123,25,Berlin Germany,Positive,0.67
12070,2026-03-02 09:51:45,USR_3069,user_174,Heavy rain and flooding reported across the southern district. Stay safe everyone!,#WeatherAlert;#SafetyFirst,390,179,59,Mumbai India,Negative,-0.44
12071,2026-03-02 09:52:30,USR_3070,user_175,Upgraded to the new smartphone today! The camera speed and display are absolutely incredible.,#Tech;#NewPhone;#TechTrends,431,163,18,San Francisco USA,Positive,0.81
12072,2026-03-02 09:53:15,USR_3071,user_176,Public transit delayed for the third time this week. Terrible service during peak hours!,#TransitFail;#CityLife,401,167,18,London UK,Negative,-0.64
12073,2026-03-02 09:54:00,USR_3072,user_177,Switching to solar energy for our home. The installation was smooth and efficient.,#GoGreen;#SolarEnergy;#Sustainability,421,112,43,Sydney Australia,Positive,0.83
12074,2026-03-02 09:54:45,USR_3073,user_178,"Tried the new vegan cafe downtown. Food was average, but the iced coffee was good.",#Foodie;#Vegan;#CafeVibes,479,144,41,Toronto Canada,Neutral,0.1
12075,2026-03-02 09:55:30,USR_3074,user_179,Market volatility is extremely high today. Make sure to manage your risks carefully.,#Crypto;#Finance;#Trading,474,73,18,New York USA,Neutral,0.02
12076,2026-03-02 09:56:15,USR_3075,user_180,Morning 10k run completed! Feeling energized and ready to tackle the week ahead.,#Fitness;#RunnersHigh;#Health,221,131,48,Chicago USA,Positive,0.86
12077,2026-03-02 09:57:00,USR_3076,user_181,The movie trailer released today looks completely underwhelming. Expectations ruined.,#MovieNews;#CinemaFail,432,183,19,Los Angeles USA,Negative,-0.64
12078,2026-03-02 09:57:45,USR_3077,user_182,Landing in Tokyo! Super excited to explore the vibrant street food and culture.,#Travel;#Japan;#Wanderlust,467,67,25,Tokyo Japan,Positive,0.95
12079,2026-03-02 09:58:30,USR_3078,user_183,Large language models are transforming modern data processing workflows rapidly.,#AI;#MachineLearning;#BigData,579,161,27,Boston USA,Positive,0.64
12080,2026-03-02 09:59:15,USR_3079,user_184,Servers are down again during the tournament. Extremely frustrating update!,#Gaming;#ServerDown;#Esports,358,149,11,Austin USA,Negative,-0.83
12081,2026-03-02 10:00:00,USR_3080,user_185,Attended the annual cloud computing conference. So many great insights on distributed systems.,#CloudComputing;#DevOps;#TechConference,281,64,62,Seattle USA,Positive,0.76
12082,2026-03-02 10:00:45,USR_3081,user_186,Flight got canceled last minute without any reasonable explanation. Very disappointing service.,#AirlineFail;#TravelProblems,180,113,43,Atlanta USA,Negative,-0.84
12083,2026-03-02 10:01:30,USR_3082,user_187,Started reading a new science fiction novel. The plot is turning out to be super captivating.,#Books;#SciFi;#ReadingList,383,119,64,London UK,Positive,0.79
12084,2026-03-02 10:02:15,USR_3083,user_188,Electric vehicles are becoming more affordable and accessible every year.,#EV;#Automotive;#CleanEnergy,252,96,28,Berlin Germany,Positive,0.75
12085,2026-03-02 10:03:00,USR_3084,user_189,Heavy rain and flooding reported across the southern district. Stay safe everyone!,#WeatherAlert;#SafetyFirst,583,53,58,Mumbai India,Negative,-0.37
12086,2026-03-02 10:03:45,USR_3085,user_190,Upgraded to the new smartphone today! The camera speed and display are absolutely incredible.,#Tech;#NewPhone;#TechTrends,639,68,68,San Francisco USA,Positive,0.86
12087,2026-03-02 10:04:30,USR_3086,user_191,Public transit delayed for the third time this week. Terrible service during peak hours!,#TransitFail;#CityLife,526,82,18,London UK,Negative,-0.78
12088,2026-03-02 10:05:15,USR_3087,user_192,Switching to solar energy for our home. The installation was smooth and efficient.,#GoGreen;#SolarEnergy;#Sustainability,288,37,53,Sydney Australia,Positive,0.75
12089,2026-03-02 10:06:00,USR_3088,user_193,"Tried the new vegan cafe downtown. Food was average, but the iced coffee was good.",#Foodie;#Vegan;#CafeVibes,500,139,40,Toronto Canada,Neutral,0.19
12090,2026-03-02 10:06:45,USR_3089,user_194,Market volatility is extremely high today. Make sure to manage your risks carefully.,#Crypto;#Finance;#Trading,363,61,51,New York USA,Neutral,-0.11
12091,2026-03-02 10:07:30,USR_3090,user_195,Morning 10k run completed! Feeling energized and ready to tackle the week ahead.,#Fitness;#RunnersHigh;#Health,397,90,23,Chicago USA,Positive,0.93
12092,2026-03-02 10:08:15,USR_3091,user_196,The movie trailer released today looks completely underwhelming. Expectations ruined.,#MovieNews;#CinemaFail,366,120,38,Los Angeles USA,Negative,-0.58
12093,2026-03-02 10:09:00,USR_3092,user_197,Landing in Tokyo! Super excited to explore the vibrant street food and culture.,#Travel;#Japan;#Wanderlust,424,66,20,Tokyo Japan,Positive,0.97
12094,2026-03-02 10:09:45,USR_3093,user_198,Large language models are transforming modern data processing workflows rapidly.,#AI;#MachineLearning;#BigData,638,172,57,Boston USA,Positive,0.73
12095,2026-03-02 10:10:30,USR_3094,user_199,Servers are down again during the tournament. Extremely frustrating update!,#Gaming;#ServerDown;#Esports,637,53,29,Austin USA,Negative,-0.75
12096,2026-03-02 10:11:15,USR_3095,user_200,Attended the annual cloud computing conference. So many great insights on distributed systems.,#CloudComputing;#DevOps;#TechConference,497,102,40,Seattle USA,Positive,0.83
12097,2026-03-02 10:12:00,USR_3096,user_201,Flight got canceled last minute without any reasonable explanation. Very disappointing service.,#AirlineFail;#TravelProblems,537,48,53,Atlanta USA,Negative,-0.85
12098,2026-03-02 10:12:45,USR_3097,user_202,Started reading a new science fiction novel. The plot is turning out to be super captivating.,#Books;#SciFi;#ReadingList,332,163,59,London UK,Positive,0.71
12099,2026-03-02 10:13:30,USR_3098,user_203,Electric vehicles are becoming more affordable and accessible every year.,#EV;#Automotive;#CleanEnergy,355,72,20,Berlin Germany,Positive,0.69
12100,2026-03-02 10:14:15,USR_3099,user_204,Heavy rain and flooding reported across the southern district. Stay safe everyone!,#WeatherAlert;#SafetyFirst,348,88,28,Mumbai India,Negative,-0.46
12101,2026-03-02 10:15:00,USR_3100,user_205,Upgraded to the new smartphone today! The camera speed and display are absolutely incredible.,#Tech;#NewPhone;#TechTrends,414,81,35,San Francisco USA,Positive,0.78
12102,2026-03-02 10:15:45,USR_3101,user_206,Public transit delayed for the third time this week. Terrible service during peak hours!,#TransitFail;#CityLife,158,148,20,London UK,Negative,-0.74
12103,2026-03-02 10:16:30,USR_3102,user_207,Switching to solar energy for our home. The installation was smooth and efficient.,#GoGreen;#SolarEnergy;#Sustainability,580,87,55,Sydney Australia,Positive,0.85
12104,2026-03-02 10:17:15,USR_3103,user_208,"Tried the new vegan cafe downtown. Food was average, but the iced coffee was good.",#Foodie;#Vegan;#CafeVibes,189,93,25,Toronto Canada,Neutral,0.13
12105,2026-03-02 10:18:00,USR_3104,user_209,Market volatility is extremely high today. Make sure to manage your risks carefully.,#Crypto;#Finance;#Trading,283,167,49,New York USA,Neutral,0.03
12106,2026-03-02 10:18:45,USR_3105,user_210,Morning 10k run completed! Feeling energized and ready to tackle the week ahead.,#Fitness;#RunnersHigh;#Health,306,146,19,Chicago USA,Positive,0.91
12107,2026-03-02 10:19:30,USR_3106,user_211,The movie trailer released today looks completely underwhelming. Expectations ruined.,#MovieNews;#CinemaFail,550,191,57,Los Angeles USA,Negative,-0.65
12108,2026-03-02 10:20:15,USR_3107,user_212,Landing in Tokyo! Super excited to explore the vibrant street food and culture.,#Travel;#Japan;#Wanderlust,272,112,23,Tokyo Japan,Positive,0.93
12109,2026-03-02 10:21:00,USR_3108,user_213,Large language models are transforming modern data processing workflows rapidly.,#AI;#MachineLearning;#BigData,245,90,49,Boston USA,Positive,0.72
12110,2026-03-02 10:21:45,USR_3109,user_214,Servers are down again during the tournament. Extremely frustrating update!,#Gaming;#ServerDown;#Esports,261,65,45,Austin USA,Negative,-0.85
12111,2026-03-02 10:22:30,USR_3110,user_215,Attended the annual cloud computing conference. So many great insights on distributed systems.,#CloudComputing;#DevOps;#TechConference,423,82,15,Seattle USA,Positive,0.82
12112,2026-03-02 10:23:15,USR_3111,user_216,Flight got canceled last minute without any reasonable explanation. Very disappointing service.,#AirlineFail;#TravelProblems,540,186,59,Atlanta USA,Negative,-0.96
12113,2026-03-02 10:24:00,USR_3112,user_217,Started reading a new science fiction novel. The plot is turning out to be super captivating.,#Books;#SciFi;#ReadingList,388,153,34,London UK,Positive,0.78
12114,2026-03-02 10:24:45,USR_3113,user_218,Electric vehicles are becoming more affordable and accessible every year.,#EV;#Automotive;#CleanEnergy,575,45,16,Berlin Germany,Positive,0.7
12115,2026-03-02 10:25:30,USR_3114,user_219,Heavy rain and flooding reported across the southern district. Stay safe everyone!,#WeatherAlert;#SafetyFirst,615,122,64,Mumbai India,Negative,-0.36
12116,2026-03-02 10:26:15,USR_3115,user_220,Upgraded to the new smartphone today! The camera speed and display are absolutely incredible.,#Tech;#NewPhone;#TechTrends,172,178,63,San Francisco USA,Positive,0.91
12117,2026-03-02 10:27:00,USR_3116,user_221,Public transit delayed for the third time this week. Terrible service during peak hours!,#TransitFail;#CityLife,359,59,18,London UK,Negative,-0.64
12118,2026-03-02 10:27:45,USR_3117,user_222,Switching to solar energy for our home. The installation was smooth and efficient.,#GoGreen;#SolarEnergy;#Sustainability,335,191,46,Sydney Australia,Positive,0.86
12119,2026-03-02 10:28:30,USR_3118,user_223,"Tried the new vegan cafe downtown. Food was average, but the iced coffee was good.",#Foodie;#Vegan;#CafeVibes,272,176,38,Toronto Canada,Neutral,0.15
12120,2026-03-02 10:29:15,USR_3119,user_224,Market volatility is extremely high today. Make sure to manage your risks carefully.,#Crypto;#Finance;#Trading,389,82,50,New York USA,Neutral,-0.0
12121,2026-03-02 10:30:00,USR_3120,user_225,Morning 10k run completed! Feeling energized and ready to tackle the week ahead.,#Fitness;#RunnersHigh;#Health,308,114,63,Chicago USA,Positive,0.86
12122,2026-03-02 10:30:45,USR_3121,user_226,The movie trailer released today looks completely underwhelming. Expectations ruined.,#MovieNews;#CinemaFail,187,66,23,Los Angeles USA,Negative,-0.63
12123,2026-03-02 10:31:30,USR_3122,user_227,Landing in Tokyo! Super excited to explore the vibrant street food and culture.,#Travel;#Japan;#Wanderlust,482,104,55,Tokyo Japan,Positive,0.93
12124,2026-03-02 10:32:15,USR_3123,user_228,Large language models are transforming modern data processing workflows rapidly.,#AI;#MachineLearning;#BigData,335,55,64,Boston USA,Positive,0.7
12125,2026-03-02 10:33:00,USR_3124,user_229,Servers are down again during the tournament. Extremely frustrating update!,#Gaming;#ServerDown;#Esports,205,108,51,Austin USA,Negative,-0.84
12126,2026-03-02 10:33:45,USR_3125,user_230,Attended the annual cloud computing conference. So many great insights on distributed systems.,#CloudComputing;#DevOps;#TechConference,568,78,50,Seattle USA,Positive,0.79
12127,2026-03-02 10:34:30,USR_3126,user_231,Flight got canceled last minute without any reasonable explanation. Very disappointing service.,#AirlineFail;#TravelProblems,461,36,54,Atlanta USA,Negative,-0.89
12128,2026-03-02 10:35:15,USR_3127,user_232,Started reading a new science fiction novel. The plot is turning out to be super captivating.,#Books;#SciFi;#ReadingList,374,134,27,London UK,Positive,0.81
12129,2026-03-02 10:36:00,USR_3128,user_233,Electric vehicles are becoming more affordable and accessible every year.,#EV;#Automotive;#CleanEnergy,588,167,18,Berlin Germany,Positive,0.77
12130,2026-03-02 10:36:45,USR_3129,user_234,Heavy rain and flooding reported across the southern district. Stay safe everyone!,#WeatherAlert;#SafetyFirst,294,178,51,Mumbai India,Negative,-0.34
12131,2026-03-02 10:37:30,USR_3130,user_235,Upgraded to the new smartphone today! The camera speed and display are absolutely incredible.,#Tech;#NewPhone;#TechTrends,580,46,42,San Francisco USA,Positive,0.77
12132,2026-03-02 10:38:15,USR_3131,user_236,Public transit delayed for the third time this week. Terrible service during peak hours!,#TransitFail;#CityLife,310,70,46,London UK,Negative,-0.69
12133,2026-03-02 10:39:00,USR_3132,user_237,Switching to solar energy for our home. The installation was smooth and efficient.,#GoGreen;#SolarEnergy;#Sustainability,610,147,47,Sydney Australia,Positive,0.71
12134,2026-03-02 10:39:45,USR_3133,user_238,"Tried the new vegan cafe downtown. Food was average, but the iced coffee was good.",#Foodie;#Vegan;#CafeVibes,261,175,68,Toronto Canada,Neutral,0.19
12135,2026-03-02 10:40:30,USR_3134,user_239,Market volatility is extremely high today. Make sure to manage your risks carefully.,#Crypto;#Finance;#Trading,611,109,33,New York USA,Neutral,-0.0
12136,2026-03-02 10:41:15,USR_3135,user_240,Morning 10k run completed! Feeling energized and ready to tackle the week ahead.,#Fitness;#RunnersHigh;#Health,313,119,32,Chicago USA,Positive,0.87
12137,2026-03-02 10:42:00,USR_3136,user_241,The movie trailer released today looks completely underwhelming. Expectations ruined.,#MovieNews;#CinemaFail,446,110,40,Los Angeles USA,Negative,-0.65
12138,2026-03-02 10:42:45,USR_3137,user_242,Landing in Tokyo! Super excited to explore the vibrant street food and culture.,#Travel;#Japan;#Wanderlust,274,77,42,Tokyo Japan,Positive,1.0
12139,2026-03-02 10:43:30,USR_3138,user_243,Large language models are transforming modern data processing workflows rapidly.,#AI;#MachineLearning;#BigData,223,176,50,Boston USA,Positive,0.73
12140,2026-03-02 10:44:15,USR_3139,user_244,Servers are down again during the tournament. Extremely frustrating update!,#Gaming;#ServerDown;#Esports,201,71,31,Austin USA,Negative,-0.79
12141,2026-03-02 10:45:00,USR_3140,user_245,Attended the annual cloud computing conference. So many great insights on distributed systems.,#CloudComputing;#DevOps;#TechConference,165,108,56,Seattle USA,Positive,0.86
12142,2026-03-02 10:45:45,USR_3141,user_246,Flight got canceled last minute without any reasonable explanation. Very disappointing service.,#AirlineFail;#TravelProblems,528,141,35,Atlanta USA,Negative,-0.92
12143,2026-03-02 10:46:30,USR_3142,user_247,Started reading a new science fiction novel. The plot is turning out to be super captivating.,#Books;#SciFi;#ReadingList,353,86,23,London UK,Positive,0.81
12144,2026-03-02 10:47:15,USR_3143,user_248,Electric vehicles are becoming more affordable and accessible every year.,#EV;#Automotive;#CleanEnergy,525,176,22,Berlin Germany,Positive,0.68
12145,2026-03-02 10:48:00,USR_3144,user_249,Heavy rain and flooding reported across the southern district. Stay safe everyone!,#WeatherAlert;#SafetyFirst,484,73,14,Mumbai India,Negative,-0.44
12146,2026-03-02 10:48:45,USR_3145,user_250,Upgraded to the new smartphone today! The camera speed and display are absolutely incredible.,#Tech;#NewPhone;#TechTrends,223,139,32,San Francisco USA,Positive,0.9
12147,2026-03-02 10:49:30,USR_3146,user_251,Public transit delayed for the third time this week. Terrible service during peak hours!,#TransitFail;#CityLife,244,131,28,London UK,Negative,-0.73
12148,2026-03-02 10:50:15,USR_3147,user_252,Switching to solar energy for our home. The installation was smooth and efficient.,#GoGreen;#SolarEnergy;#Sustainability,606,74,19,Sydney Australia,Positive,0.71
12149,2026-03-02 10:51:00,USR_3148,user_253,"Tried the new vegan cafe downtown. Food was average, but the iced coffee was good.",#Foodie;#Vegan;#CafeVibes,189,93,18,Toronto Canada,Neutral,0.22
12150,2026-03-02 10:51:45,USR_3149,user_254,Market volatility is extremely high today. Make sure to manage your risks carefully.,#Crypto;#Finance;#Trading,268,142,30,New York USA,Neutral,-0.06
12151,2026-03-02 10:52:30,USR_3150,user_255,Morning 10k run completed! Feeling energized and ready to tackle the week ahead.,#Fitness;#RunnersHigh;#Health,628,82,31,Chicago USA,Positive,0.89
12152,2026-03-02 10:53:15,USR_3151,user_256,The movie trailer released today looks completely underwhelming. Expectations ruined.,#MovieNews;#CinemaFail,227,37,44,Los Angeles USA,Negative,-0.61
12153,2026-03-02 10:54:00,USR_3152,user_257,Landing in Tokyo! Super excited to explore the vibrant street food and culture.,#Travel;#Japan;#Wanderlust,463,160,26,Tokyo Japan,Positive,0.97
12154,2026-03-02 10:54:45,USR_3153,user_258,Large language models are transforming modern data processing workflows rapidly.,#AI;#MachineLearning;#BigData,618,148,60,Boston USA,Positive,0.65
12155,2026-03-02 10:55:30,USR_3154,user_259,Servers are down again during the tournament. Extremely frustrating update!,#Gaming;#ServerDown;#Esports,619,128,37,Austin USA,Negative,-0.75
12156,2026-03-02 10:56:15,USR_3155,user_260,Attended the annual cloud computing conference. So many great insights on distributed systems.,#CloudComputing;#DevOps;#TechConference,600,43,59,Seattle USA,Positive,0.86
12157,2026-03-02 10:57:00,USR_3156,user_261,Flight got canceled last minute without any reasonable explanation. Very disappointing service.,#AirlineFail;#TravelProblems,344,153,11,Atlanta USA,Negative,-0.94
12158,2026-03-02 10:57:45,USR_3157,user_262,Started reading a new science fiction novel. The plot is turning out to be super captivating.,#Books;#SciFi;#ReadingList,153,184,18,London UK,Positive,0.81
12159,2026-03-02 10:58:30,USR_3158,user_263,Electric vehicles are becoming more affordable and accessible every year.,#EV;#Automotive;#CleanEnergy,468,119,20,Berlin Germany,Positive,0.7
12160,2026-03-02 10:59:15,USR_3159,user_264,Heavy rain and flooding reported across the southern district. Stay safe everyone!,#WeatherAlert;#SafetyFirst,603,146,33,Mumbai India,Negative,-0.42
12161,2026-03-02 11:00:00,USR_3160,user_265,Upgraded to the new smartphone today! The camera speed and display are absolutely incredible.,#Tech;#NewPhone;#TechTrends,555,149,43,San Francisco USA,Positive,0.88
12162,2026-03-02 11:00:45,USR_3161,user_266,Public transit delayed for the third time this week. Terrible service during peak hours!,#TransitFail;#CityLife,156,72,20,London UK,Negative,-0.77
12163,2026-03-02 11:01:30,USR_3162,user_267,Switching to solar energy for our home. The installation was smooth and efficient.,#GoGreen;#SolarEnergy;#Sustainability,158,107,15,Sydney Australia,Positive,0.8
12164,2026-03-02 11:02:15,USR_3163,user_268,"Tried the new vegan cafe downtown. Food was average, but the iced coffee was good.",#Foodie;#Vegan;#CafeVibes,563,200,44,Toronto Canada,Neutral,0.19
12165,2026-03-02 11:03:00,USR_3164,user_269,Market volatility is extremely high today. Make sure to manage your risks carefully.,#Crypto;#Finance;#Trading,235,64,21,New York USA,Neutral,0.01
12166,2026-03-02 11:03:45,USR_3165,user_270,Morning 10k run completed! Feeling energized and ready to tackle the week ahead.,#Fitness;#RunnersHigh;#Health,347,86,29,Chicago USA,Positive,0.94
12167,2026-03-02 11:04:30,USR_3166,user_271,The movie trailer released today looks completely underwhelming. Expectations ruined.,#MovieNews;#CinemaFail,248,180,49,Los Angeles USA,Negative,-0.7
12168,2026-03-02 11:05:15,USR_3167,user_272,Landing in Tokyo! Super excited to explore the vibrant street food and culture.,#Travel;#Japan;#Wanderlust,437,123,18,Tokyo Japan,Positive,0.97
12169,2026-03-02 11:06:00,USR_3168,user_273,Large language models are transforming modern data processing workflows rapidly.,#AI;#MachineLearning;#BigData,271,74,59,Boston USA,Positive,0.65
12170,2026-03-02 11:06:45,USR_3169,user_274,Servers are down again during the tournament. Extremely frustrating update!,#Gaming;#ServerDown;#Esports,261,97,18,Austin USA,Negative,-0.88
12171,2026-03-02 11:07:30,USR_3170,user_275,Attended the annual cloud computing conference. So many great insights on distributed systems.,#CloudComputing;#DevOps;#TechConference,272,181,24,Seattle USA,Positive,0.75
12172,2026-03-02 11:08:15,USR_3171,user_276,Flight got canceled last minute without any reasonable explanation. Very disappointing service.,#AirlineFail;#TravelProblems,566,132,58,Atlanta USA,Negative,-0.81
12173,2026-03-02 11:09:00,USR_3172,user_277,Started reading a new science fiction novel. The plot is turning out to be super captivating.,#Books;#SciFi;#ReadingList,600,52,60,London UK,Positive,0.75
12174,2026-03-02 11:09:45,USR_3173,user_278,Electric vehicles are becoming more affordable and accessible every year.,#EV;#Automotive;#CleanEnergy,309,189,28,Berlin Germany,Positive,0.64
12175,2026-03-02 11:10:30,USR_3174,user_279,Heavy rain and flooding reported across the southern district. Stay safe everyone!,#WeatherAlert;#SafetyFirst,198,149,30,Mumbai India,Negative,-0.44
12176,2026-03-02 11:11:15,USR_3175,user_280,Upgraded to the new smartphone today! The camera speed and display are absolutely incredible.,#Tech;#NewPhone;#TechTrends,412,144,24,San Francisco USA,Positive,0.78
12177,2026-03-02 11:12:00,USR_3176,user_281,Public transit delayed for the third time this week. Terrible service during peak hours!,#TransitFail;#CityLife,568,108,40,London UK,Negative,-0.64
12178,2026-03-02 11:12:45,USR_3177,user_282,Switching to solar energy for our home. The installation was smooth and efficient.,#GoGreen;#SolarEnergy;#Sustainability,586,94,54,Sydney Australia,Positive,0.76
12179,2026-03-02 11:13:30,USR_3178,user_283,"Tried the new vegan cafe downtown. Food was average, but the iced coffee was good.",#Foodie;#Vegan;#CafeVibes,370,131,58,Toronto Canada,Neutral,0.15
12180,2026-03-02 11:14:15,USR_3179,user_284,Market volatility is extremely high today. Make sure to manage your risks carefully.,#Crypto;#Finance;#Trading,435,86,57,New York USA,Neutral,0.0
12181,2026-03-02 11:15:00,USR_3180,user_285,Morning 10k run completed! Feeling energized and ready to tackle the week ahead.,#Fitness;#RunnersHigh;#Health,571,111,41,Chicago USA,Positive,0.86
12182,2026-03-02 11:15:45,USR_3181,user_286,The movie trailer released today looks completely underwhelming. Expectations ruined.,#MovieNews;#CinemaFail,175,98,67,Los Angeles USA,Negative,-0.66
12183,2026-03-02 11:16:30,USR_3182,user_287,Landing in Tokyo! Super excited to explore the vibrant street food and culture.,#Travel;#Japan;#Wanderlust,235,111,54,Tokyo Japan,Positive,0.98
12184,2026-03-02 11:17:15,USR_3183,user_288,Large language models are transforming modern data processing workflows rapidly.,#AI;#MachineLearning;#BigData,500,104,41,Boston USA,Positive,0.61
12185,2026-03-02 11:18:00,USR_3184,user_289,Servers are down again during the tournament. Extremely frustrating update!,#Gaming;#ServerDown;#Esports,389,102,29,Austin USA,Negative,-0.75
12186,2026-03-02 11:18:45,USR_3185,user_290,Attended the annual cloud computing conference. So many great insights on distributed systems.,#CloudComputing;#DevOps;#TechConference,560,70,21,Seattle USA,Positive,0.75
12187,2026-03-02 11:19:30,USR_3186,user_291,Flight got canceled last minute without any reasonable explanation. Very disappointing service.,#AirlineFail;#TravelProblems,507,64,66,Atlanta USA,Negative,-0.87
12188,2026-03-02 11:20:15,USR_3187,user_292,Started reading a new science fiction novel. The plot is turning out to be super captivating.,#Books;#SciFi;#ReadingList,455,154,52,London UK,Positive,0.68
12189,2026-03-02 11:21:00,USR_3188,user_293,Electric vehicles are becoming more affordable and accessible every year.,#EV;#Automotive;#CleanEnergy,211,159,30,Berlin Germany,Positive,0.7
12190,2026-03-02 11:21:45,USR_3189,user_294,Heavy rain and flooding reported across the southern district. Stay safe everyone!,#WeatherAlert;#SafetyFirst,340,150,43,Mumbai India,Negative,-0.41
12191,2026-03-02 11:22:30,USR_3190,user_295,Upgraded to the new smartphone today! The camera speed and display are absolutely incredible.,#Tech;#NewPhone;#TechTrends,212,171,45,San Francisco USA,Positive,0.86
12192,2026-03-02 11:23:15,USR_3191,user_296,Public transit delayed for the third time this week. Terrible service during peak hours!,#TransitFail;#CityLife,495,146,16,London UK,Negative,-0.7
12193,2026-03-02 11:24:00,USR_3192,user_297,Switching to solar energy for our home. The installation was smooth and efficient.,#GoGreen;#SolarEnergy;#Sustainability,491,54,37,Sydney Australia,Positive,0.83
12194,2026-03-02 11:24:45,USR_3193,user_298,"Tried the new vegan cafe downtown. Food was average, but the iced coffee was good.",#Foodie;#Vegan;#CafeVibes,584,168,11,Toronto Canada,Neutral,0.23
12195,2026-03-02 11:25:30,USR_3194,user_299,Market volatility is extremely high today. Make sure to manage your risks carefully.,#Crypto;#Finance;#Trading,307,170,55,New York USA,Neutral,-0.05
12196,2026-03-02 11:26:15,USR_3195,user_300,Morning 10k run completed! Feeling energized and ready to tackle the week ahead.,#Fitness;#RunnersHigh;#Health,230,192,62,Chicago USA,Positive,0.88
12197,2026-03-02 11:27:00,USR_3196,user_301,The movie trailer released today looks completely underwhelming. Expectations ruined.,#MovieNews;#CinemaFail,361,148,60,Los Angeles USA,Negative,-0.7
12198,2026-03-02 11:27:45,USR_3197,user_302,Landing in Tokyo! Super excited to explore the vibrant street food and culture.,#Travel;#Japan;#Wanderlust,623,138,57,Tokyo Japan,Positive,0.92
12199,2026-03-02 11:28:30,USR_3198,user_303,Large language models are transforming modern data processing workflows rapidly.,#AI;#MachineLearning;#BigData,413,165,30,Boston USA,Positive,0.65
12200,2026-03-02 11:29:15,USR_3199,user_304,Servers are down again during the tournament. Extremely frustrating update!,#Gaming;#ServerDown;#Esports,560,115,58,Austin USA,Negative,-0.77
12201,2026-03-02 11:30:00,USR_3200,user_305,Attended the annual cloud computing conference. So many great insights on distributed systems.,#CloudComputing;#DevOps;#TechConference,353,62,56,Seattle USA,Positive,0.75
12202,2026-03-02 11:30:45,USR_3201,user_306,Flight got canceled last minute without any reasonable explanation. Very disappointing service.,#AirlineFail;#TravelProblems,272,125,57,Atlanta USA,Negative,-0.84
12203,2026-03-02 11:31:30,USR_3202,user_307,Started reading a new science fiction novel. The plot is turning out to be super captivating.,#Books;#SciFi;#ReadingList,589,184,26,London UK,Positive,0.79
12204,2026-03-02 11:32:15,USR_3203,user_308,Electric vehicles are becoming more affordable and accessible every year.,#EV;#Automotive;#CleanEnergy,454,76,36,Berlin Germany,Positive,0.68
12205,2026-03-02 11:33:00,USR_3204,user_309,Heavy rain and flooding reported across the southern district. Stay safe everyone!,#WeatherAlert;#SafetyFirst,326,70,60,Mumbai India,Negative,-0.45
12206,2026-03-02 11:33:45,USR_3205,user_310,Upgraded to the new smartphone today! The camera speed and display are absolutely incredible.,#Tech;#NewPhone;#TechTrends,188,127,42,San Francisco USA,Positive,0.86
12207,2026-03-02 11:34:30,USR_3206,user_311,Public transit delayed for the third time this week. Terrible service during peak hours!,#TransitFail;#CityLife,573,170,32,London UK,Negative,-0.78
12208,2026-03-02 11:35:15,USR_3207,user_312,Switching to solar energy for our home. The installation was smooth and efficient.,#GoGreen;#SolarEnergy;#Sustainability,151,86,25,Sydney Australia,Positive,0.73
12209,2026-03-02 11:36:00,USR_3208,user_313,"Tried the new vegan cafe downtown. Food was average, but the iced coffee was good.",#Foodie;#Vegan;#CafeVibes,281,60,21,Toronto Canada,Neutral,0.2
12210,2026-03-02 11:36:45,USR_3209,user_314,Market volatility is extremely high today. Make sure to manage your risks carefully.,#Crypto;#Finance;#Trading,377,39,24,New York USA,Neutral,-0.03
12211,2026-03-02 11:37:30,USR_3210,user_315,Morning 10k run completed! Feeling energized and ready to tackle the week ahead.,#Fitness;#RunnersHigh;#Health,426,176,56,Chicago USA,Positive,0.94
12212,2026-03-02 11:38:15,USR_3211,user_316,The movie trailer released today looks completely underwhelming. Expectations ruined.,#MovieNews;#CinemaFail,660,93,58,Los Angeles USA,Negative,-0.61
12213,2026-03-02 11:39:00,USR_3212,user_317,Landing in Tokyo! Super excited to explore the vibrant street food and culture.,#Travel;#Japan;#Wanderlust,291,157,19,Tokyo Japan,Positive,0.93
12214,2026-03-02 11:39:45,USR_3213,user_318,Large language models are transforming modern data processing workflows rapidly.,#AI;#MachineLearning;#BigData,323,53,37,Boston USA,Positive,0.64
12215,2026-03-02 11:40:30,USR_3214,user_319,Servers are down again during the tournament. Extremely frustrating update!,#Gaming;#ServerDown;#Esports,554,148,61,Austin USA,Negative,-0.77
12216,2026-03-02 11:41:15,USR_3215,user_320,Attended the annual cloud computing conference. So many great insights on distributed systems.,#CloudComputing;#DevOps;#TechConference,270,79,17,Seattle USA,Positive,0.74
12217,2026-03-02 11:42:00,USR_3216,user_321,Flight got canceled last minute without any reasonable explanation. Very disappointing service.,#AirlineFail;#TravelProblems,283,163,59,Atlanta USA,Negative,-0.91
12218,2026-03-02 11:42:45,USR_3217,user_322,Started reading a new science fiction novel. The plot is turning out to be super captivating.,#Books;#SciFi;#ReadingList,323,166,56,London UK,Positive,0.7
12219,2026-03-02 11:43:30,USR_3218,user_323,Electric vehicles are becoming more affordable and accessible every year.,#EV;#Automotive;#CleanEnergy,525,100,41,Berlin Germany,Positive,0.71
12220,2026-03-02 11:44:15,USR_3219,user_324,Heavy rain and flooding reported across the southern district. Stay safe everyone!,#WeatherAlert;#SafetyFirst,182,135,59,Mumbai India,Negative,-0.41
12221,2026-03-02 11:45:00,USR_3220,user_325,Upgraded to the new smartphone today! The camera speed and display are absolutely incredible.,#Tech;#NewPhone;#TechTrends,273,95,51,San Francisco USA,Positive,0.82
12222,2026-03-02 11:45:45,USR_3221,user_326,Public transit delayed for the third time this week. Terrible service during peak hours!,#TransitFail;#CityLife,335,121,53,London UK,Negative,-0.71
12223,2026-03-02 11:46:30,USR_3222,user_327,Switching to solar energy for our home. The installation was smooth and efficient.,#GoGreen;#SolarEnergy;#Sustainability,164,44,58,Sydney Australia,Positive,0.79
12224,2026-03-02 11:47:15,USR_3223,user_328,"Tried the new vegan cafe downtown. Food was average, but the iced coffee was good.",#Foodie;#Vegan;#CafeVibes,508,126,50,Toronto Canada,Neutral,0.17
12225,2026-03-02 11:48:00,USR_3224,user_329,Market volatility is extremely high today. Make sure to manage your risks carefully.,#Crypto;#Finance;#Trading,530,40,54,New York USA,Neutral,-0.1
12226,2026-03-02 11:48:45,USR_3225,user_330,Morning 10k run completed! Feeling energized and ready to tackle the week ahead.,#Fitness;#RunnersHigh;#Health,361,48,26,Chicago USA,Positive,0.93
12227,2026-03-02 11:49:30,USR_3226,user_331,The movie trailer released today looks completely underwhelming. Expectations ruined.,#MovieNews;#CinemaFail,298,70,30,Los Angeles USA,Negative,-0.58
12228,2026-03-02 11:50:15,USR_3227,user_332,Landing in Tokyo! Super excited to explore the vibrant street food and culture.,#Travel;#Japan;#Wanderlust,430,73,63,Tokyo Japan,Positive,0.99
12229,2026-03-02 11:51:00,USR_3228,user_333,Large language models are transforming modern data processing workflows rapidly.,#AI;#MachineLearning;#BigData,650,62,52,Boston USA,Positive,0.62
12230,2026-03-02 11:51:45,USR_3229,user_334,Servers are down again during the tournament. Extremely frustrating update!,#Gaming;#ServerDown;#Esports,342,181,38,Austin USA,Negative,-0.85
12231,2026-03-02 11:52:30,USR_3230,user_335,Attended the annual cloud computing conference. So many great insights on distributed systems.,#CloudComputing;#DevOps;#TechConference,199,186,60,Seattle USA,Positive,0.78
12232,2026-03-02 11:53:15,USR_3231,user_336,Flight got canceled last minute without any reasonable explanation. Very disappointing service.,#AirlineFail;#TravelProblems,292,48,14,Atlanta USA,Negative,-0.95
12233,2026-03-02 11:54:00,USR_3232,user_337,Started reading a new science fiction novel. The plot is turning out to be super captivating.,#Books;#SciFi;#ReadingList,590,190,20,London UK,Positive,0.74
12234,2026-03-02 11:54:45,USR_3233,user_338,Electric vehicles are becoming more affordable and accessible every year.,#EV;#Automotive;#CleanEnergy,627,136,25,Berlin Germany,Positive,0.65
12235,2026-03-02 11:55:30,USR_3234,user_339,Heavy rain and flooding reported across the southern district. Stay safe everyone!,#WeatherAlert;#SafetyFirst,497,131,54,Mumbai India,Negative,-0.45
12236,2026-03-02 11:56:15,USR_3235,user_340,Upgraded to the new smartphone today! The camera speed and display are absolutely incredible.,#Tech;#NewPhone;#TechTrends,477,127,28,San Francisco USA,Positive,0.84
12237,2026-03-02 11:57:00,USR_3236,user_341,Public transit delayed for the third time this week. Terrible service during peak hours!,#TransitFail;#CityLife,267,127,48,London UK,Negative,-0.67
12238,2026-03-02 11:57:45,USR_3237,user_342,Switching to solar energy for our home. The installation was smooth and efficient.,#GoGreen;#SolarEnergy;#Sustainability,631,35,48,Sydney Australia,Positive,0.85
12239,2026-03-02 11:58:30,USR_3238,user_343,"Tried the new vegan cafe downtown. Food was average, but the iced coffee was good.",#Foodie;#Vegan;#CafeVibes,330,171,57,Toronto Canada,Neutral,0.22
12240,2026-03-02 11:59:15,USR_3239,user_344,Market volatility is extremely high today. Make sure to manage your risks carefully.,#Crypto;#Finance;#Trading,377,199,51,New York USA,Neutral,-0.09
12241,2026-03-02 12:00:00,USR_3240,user_345,Morning 10k run completed! Feeling energized and ready to tackle the week ahead.,#Fitness;#RunnersHigh;#Health,257,70,19,Chicago USA,Positive,0.91
12242,2026-03-02 12:00:45,USR_3241,user_346,The movie trailer released today looks completely underwhelming. Expectations ruined.,#MovieNews;#CinemaFail,310,189,16,Los Angeles USA,Negative,-0.63
12243,2026-03-02 12:01:30,USR_3242,user_347,Landing in Tokyo! Super excited to explore the vibrant street food and culture.,#Travel;#Japan;#Wanderlust,210,110,46,Tokyo Japan,Positive,0.92
12244,2026-03-02 12:02:15,USR_3243,user_348,Large language models are transforming modern data processing workflows rapidly.,#AI;#MachineLearning;#BigData,473,76,48,Boston USA,Positive,0.62
12245,2026-03-02 12:03:00,USR_3244,user_349,Servers are down again during the tournament. Extremely frustrating update!,#Gaming;#ServerDown;#Esports,537,149,39,Austin USA,Negative,-0.85
12246,2026-03-02 12:03:45,USR_3245,user_350,Attended the annual cloud computing conference. So many great insights on distributed systems.,#CloudComputing;#DevOps;#TechConference,550,186,29,Seattle USA,Positive,0.82
12247,2026-03-02 12:04:30,USR_3246,user_351,Flight got canceled last minute without any reasonable explanation. Very disappointing service.,#AirlineFail;#TravelProblems,221,186,51,Atlanta USA,Negative,-0.93
12248,2026-03-02 12:05:15,USR_3247,user_352,Started reading a new science fiction novel. The plot is turning out to be super captivating.,#Books;#SciFi;#ReadingList,167,140,30,London UK,Positive,0.69
12249,2026-03-02 12:06:00,USR_3248,user_353,Electric vehicles are becoming more affordable and accessible every year.,#EV;#Automotive;#CleanEnergy,341,150,42,Berlin Germany,Positive,0.66
12250,2026-03-02 12:06:45,USR_3249,user_354,Heavy rain and flooding reported across the southern district. Stay safe everyone!,#WeatherAlert;#SafetyFirst,548,64,17,Mumbai India,Negative,-0.42
12251,2026-03-02 12:07:30,USR_3250,user_355,Upgraded to the new smartphone today! The camera speed and display are absolutely incredible.,#Tech;#NewPhone;#TechTrends,494,147,43,San Francisco USA,Positive,0.8
12252,2026-03-02 12:08:15,USR_3251,user_356,Public transit delayed for the third time this week. Terrible service during peak hours!,#TransitFail;#CityLife,354,79,44,London UK,Negative,-0.74
12253,2026-03-02 12:09:00,USR_3252,user_357,Switching to solar energy for our home. The installation was smooth and efficient.,#GoGreen;#SolarEnergy;#Sustainability,392,81,35,Sydney Australia,Positive,0.71
12254,2026-03-02 12:09:45,USR_3253,user_358,"Tried the new vegan cafe downtown. Food was average, but the iced coffee was good.",#Foodie;#Vegan;#CafeVibes,177,111,48,Toronto Canada,Neutral,0.19
12255,2026-03-02 12:10:30,USR_3254,user_359,Market volatility is extremely high today. Make sure to manage your risks carefully.,#Crypto;#Finance;#Trading,416,134,59,New York USA,Neutral,-0.08
12256,2026-03-02 12:11:15,USR_3255,user_360,Morning 10k run completed! Feeling energized and ready to tackle the week ahead.,#Fitness;#RunnersHigh;#Health,470,97,51,Chicago USA,Positive,0.87
12257,2026-03-02 12:12:00,USR_3256,user_361,The movie trailer released today looks completely underwhelming. Expectations ruined.,#MovieNews;#CinemaFail,390,94,65,Los Angeles USA,Negative,-0.71
12258,2026-03-02 12:12:45,USR_3257,user_362,Landing in Tokyo! Super excited to explore the vibrant street food and culture.,#Travel;#Japan;#Wanderlust,537,106,23,Tokyo Japan,Positive,0.94
12259,2026-03-02 12:13:30,USR_3258,user_363,Large language models are transforming modern data processing workflows rapidly.,#AI;#MachineLearning;#BigData,163,180,51,Boston USA,Positive,0.64
12260,2026-03-02 12:14:15,USR_3259,user_364,Servers are down again during the tournament. Extremely frustrating update!,#Gaming;#ServerDown;#Esports,194,172,33,Austin USA,Negative,-0.8
12261,2026-03-02 12:15:00,USR_3260,user_365,Attended the annual cloud computing conference. So many great insights on distributed systems.,#CloudComputing;#DevOps;#TechConference,394,81,27,Seattle USA,Positive,0.87
12262,2026-03-02 12:15:45,USR_3261,user_366,Flight got canceled last minute without any reasonable explanation. Very disappointing service.,#AirlineFail;#TravelProblems,268,154,29,Atlanta USA,Negative,-0.92
12263,2026-03-02 12:16:30,USR_3262,user_367,Started reading a new science fiction novel. The plot is turning out to be super captivating.,#Books;#SciFi;#ReadingList,208,181,51,London UK,Positive,0.75
12264,2026-03-02 12:17:15,USR_3263,user_368,Electric vehicles are becoming more affordable and accessible every year.,#EV;#Automotive;#CleanEnergy,202,146,18,Berlin Germany,Positive,0.64
12265,2026-03-02 12:18:00,USR_3264,user_369,Heavy rain and flooding reported across the southern district. Stay safe everyone!,#WeatherAlert;#SafetyFirst,178,127,29,Mumbai India,Negative,-0.32
12266,2026-03-02 12:18:45,USR_3265,user_370,Upgraded to the new smartphone today! The camera speed and display are absolutely incredible.,#Tech;#NewPhone;#TechTrends,574,109,35,San Francisco USA,Positive,0.83
12267,2026-03-02 12:19:30,USR_3266,user_371,Public transit delayed for the third time this week. Terrible service during peak hours!,#TransitFail;#CityLife,328,198,10,London UK,Negative,-0.69
12268,2026-03-02 12:20:15,USR_3267,user_372,Switching to solar energy for our home. The installation was smooth and efficient.,#GoGreen;#SolarEnergy;#Sustainability,459,115,57,Sydney Australia,Positive,0.7
12269,2026-03-02 12:21:00,USR_3268,user_373,"Tried the new vegan cafe downtown. Food was average, but the iced coffee was good.",#Foodie;#Vegan;#CafeVibes,515,67,27,Toronto Canada,Neutral,0.12
12270,2026-03-02 12:21:45,USR_3269,user_374,Market volatility is extremely high today. Make sure to manage your risks carefully.,#Crypto;#Finance;#Trading,187,95,31,New York USA,Neutral,-0.12
12271,2026-03-02 12:22:30,USR_3270,user_375,Morning 10k run completed! Feeling energized and ready to tackle the week ahead.,#Fitness;#RunnersHigh;#Health,441,46,29,Chicago USA,Positive,0.92
12272,2026-03-02 12:23:15,USR_3271,user_376,The movie trailer released today looks completely underwhelming. Expectations ruined.,#MovieNews;#CinemaFail,438,181,21,Los Angeles USA,Negative,-0.65
12273,2026-03-02 12:24:00,USR_3272,user_377,Landing in Tokyo! Super excited to explore the vibrant street food and culture.,#Travel;#Japan;#Wanderlust,394,84,36,Tokyo Japan,Positive,0.96
12274,2026-03-02 12:24:45,USR_3273,user_378,Large language models are transforming modern data processing workflows rapidly.,#AI;#MachineLearning;#BigData,273,154,37,Boston USA,Positive,0.75
12275,2026-03-02 12:25:30,USR_3274,user_379,Servers are down again during the tournament. Extremely frustrating update!,#Gaming;#ServerDown;#Esports,339,89,40,Austin USA,Negative,-0.83
12276,2026-03-02 12:26:15,USR_3275,user_380,Attended the annual cloud computing conference. So many great insights on distributed systems.,#CloudComputing;#DevOps;#TechConference,251,170,36,Seattle USA,Positive,0.84
12277,2026-03-02 12:27:00,USR_3276,user_381,Flight got canceled last minute without any reasonable explanation. Very disappointing service.,#AirlineFail;#TravelProblems,257,76,41,Atlanta USA,Negative,-0.83
12278,2026-03-02 12:27:45,USR_3277,user_382,Started reading a new science fiction novel. The plot is turning out to be super captivating.,#Books;#SciFi;#ReadingList,192,97,42,London UK,Positive,0.8
12279,2026-03-02 12:28:30,USR_3278,user_383,Electric vehicles are becoming more affordable and accessible every year.,#EV;#Automotive;#CleanEnergy,569,65,27,Berlin Germany,Positive,0.75
12280,2026-03-02 12:29:15,USR_3279,user_384,Heavy rain and flooding reported across the southern district. Stay safe everyone!,#WeatherAlert;#SafetyFirst,299,112,33,Mumbai India,Negative,-0.41
12281,2026-03-02 12:30:00,USR_3280,user_385,Upgraded to the new smartphone today! The camera speed and display are absolutely incredible.,#Tech;#NewPhone;#TechTrends,458,168,52,San Francisco USA,Positive,0.93
12282,2026-03-02 12:30:45,USR_3281,user_386,Public transit delayed for the third time this week. Terrible service during peak hours!,#TransitFail;#CityLife,398,154,19,London UK,Negative,-0.64
12283,2026-03-02 12:31:30,USR_3282,user_387,Switching to solar energy for our home. The installation was smooth and efficient.,#GoGreen;#SolarEnergy;#Sustainability,273,143,26,Sydney Australia,Positive,0.86
12284,2026-03-02 12:32:15,USR_3283,user_388,"Tried the new vegan cafe downtown. Food was average, but the iced coffee was good.",#Foodie;#Vegan;#CafeVibes,159,83,24,Toronto Canada,Neutral,0.19
12285,2026-03-02 12:33:00,USR_3284,user_389,Market volatility is extremely high today. Make sure to manage your risks carefully.,#Crypto;#Finance;#Trading,284,78,57,New York USA,Neutral,0.0
12286,2026-03-02 12:33:45,USR_3285,user_390,Morning 10k run completed! Feeling energized and ready to tackle the week ahead.,#Fitness;#RunnersHigh;#Health,305,142,56,Chicago USA,Positive,0.94
12287,2026-03-02 12:34:30,USR_3286,user_391,The movie trailer released today looks completely underwhelming. Expectations ruined.,#MovieNews;#CinemaFail,488,146,39,Los Angeles USA,Negative,-0.68
12288,2026-03-02 12:35:15,USR_3287,user_392,Landing in Tokyo! Super excited to explore the vibrant street food and culture.,#Travel;#Japan;#Wanderlust,354,111,20,Tokyo Japan,Positive,0.95
12289,2026-03-02 12:36:00,USR_3288,user_393,Large language models are transforming modern data processing workflows rapidly.,#AI;#MachineLearning;#BigData,502,184,35,Boston USA,Positive,0.73
12290,2026-03-02 12:36:45,USR_3289,user_394,Servers are down again during the tournament. Extremely frustrating update!,#Gaming;#ServerDown;#Esports,237,65,62,Austin USA,Negative,-0.87
12291,2026-03-02 12:37:30,USR_3290,user_395,Attended the annual cloud computing conference. So many great insights on distributed systems.,#CloudComputing;#DevOps;#TechConference,464,121,14,Seattle USA,Positive,0.8
12292,2026-03-02 12:38:15,USR_3291,user_396,Flight got canceled last minute without any reasonable explanation. Very disappointing service.,#AirlineFail;#TravelProblems,320,46,40,Atlanta USA,Negative,-0.85
12293,2026-03-02 12:39:00,USR_3292,user_397,Started reading a new science fiction novel. The plot is turning out to be super captivating.,#Books;#SciFi;#ReadingList,549,99,38,London UK,Positive,0.82
12294,2026-03-02 12:39:45,USR_3293,user_398,Electric vehicles are becoming more affordable and accessible every year.,#EV;#Automotive;#CleanEnergy,445,135,29,Berlin Germany,Positive,0.67
12295,2026-03-02 12:40:30,USR_3294,user_399,Heavy rain and flooding reported across the southern district. Stay safe everyone!,#WeatherAlert;#SafetyFirst,532,123,28,Mumbai India,Negative,-0.36
12296,2026-03-02 12:41:15,USR_3295,user_400,Upgraded to the new smartphone today! The camera speed and display are absolutely incredible.,#Tech;#NewPhone;#TechTrends,185,111,50,San Francisco USA,Positive,0.79
12297,2026-03-02 12:42:00,USR_3296,user_401,Public transit delayed for the third time this week. Terrible service during peak hours!,#TransitFail;#CityLife,280,57,50,London UK,Negative,-0.66
12298,2026-03-02 12:42:45,USR_3297,user_402,Switching to solar energy for our home. The installation was smooth and efficient.,#GoGreen;#SolarEnergy;#Sustainability,547,87,67,Sydney Australia,Positive,0.84
12299,2026-03-02 12:43:30,USR_3298,user_403,"Tried the new vegan cafe downtown. Food was average, but the iced coffee was good.",#Foodie;#Vegan;#CafeVibes,588,91,57,Toronto Canada,Neutral,0.09
12300,2026-03-02 12:44:15,USR_3299,user_404,Market volatility is extremely high today. Make sure to manage your risks carefully.,#Crypto;#Finance;#Trading,458,170,49,New York USA,Neutral,-0.06
12301,2026-03-02 12:45:00,USR_3300,user_405,Morning 10k run completed! Feeling energized and ready to tackle the week ahead.,#Fitness;#RunnersHigh;#Health,247,177,21,Chicago USA,Positive,0.87
12302,2026-03-02 12:45:45,USR_3301,user_406,The movie trailer released today looks completely underwhelming. Expectations ruined.,#MovieNews;#CinemaFail,593,92,27,Los Angeles USA,Negative,-0.66
12303,2026-03-02 12:46:30,USR_3302,user_407,Landing in Tokyo! Super excited to explore the vibrant street food and culture.,#Travel;#Japan;#Wanderlust,638,69,61,Tokyo Japan,Positive,1.0
12304,2026-03-02 12:47:15,USR_3303,user_408,Large language models are transforming modern data processing workflows rapidly.,#AI;#MachineLearning;#BigData,503,112,59,Boston USA,Positive,0.72
12305,2026-03-02 12:48:00,USR_3304,user_409,Servers are down again during the tournament. Extremely frustrating update!,#Gaming;#ServerDown;#Esports,455,48,66,Austin USA,Negative,-0.83
12306,2026-03-02 12:48:45,USR_3305,user_410,Attended the annual cloud computing conference. So many great insights on distributed systems.,#CloudComputing;#DevOps;#TechConference,567,135,40,Seattle USA,Positive,0.75
12307,2026-03-02 12:49:30,USR_3306,user_411,Flight got canceled last minute without any reasonable explanation. Very disappointing service.,#AirlineFail;#TravelProblems,366,173,55,Atlanta USA,Negative,-0.94
12308,2026-03-02 12:50:15,USR_3307,user_412,Started reading a new science fiction novel. The plot is turning out to be super captivating.,#Books;#SciFi;#ReadingList,381,147,61,London UK,Positive,0.72
12309,2026-03-02 12:51:00,USR_3308,user_413,Electric vehicles are becoming more affordable and accessible every year.,#EV;#Automotive;#CleanEnergy,587,89,44,Berlin Germany,Positive,0.7
12310,2026-03-02 12:51:45,USR_3309,user_414,Heavy rain and flooding reported across the southern district. Stay safe everyone!,#WeatherAlert;#SafetyFirst,584,173,40,Mumbai India,Negative,-0.38
12311,2026-03-02 12:52:30,USR_3310,user_415,Upgraded to the new smartphone today! The camera speed and display are absolutely incredible.,#Tech;#NewPhone;#TechTrends,435,178,23,San Francisco USA,Positive,0.79
12312,2026-03-02 12:53:15,USR_3311,user_416,Public transit delayed for the third time this week. Terrible service during peak hours!,#TransitFail;#CityLife,605,53,30,London UK,Negative,-0.7
12313,2026-03-02 12:54:00,USR_3312,user_417,Switching to solar energy for our home. The installation was smooth and efficient.,#GoGreen;#SolarEnergy;#Sustainability,312,62,13,Sydney Australia,Positive,0.82
12314,2026-03-02 12:54:45,USR_3313,user_418,"Tried the new vegan cafe downtown. Food was average, but the iced coffee was good.",#Foodie;#Vegan;#CafeVibes,165,144,37,Toronto Canada,Neutral,0.09
12315,2026-03-02 12:55:30,USR_3314,user_419,Market volatility is extremely high today. Make sure to manage your risks carefully.,#Crypto;#Finance;#Trading,361,142,24,New York USA,Neutral,-0.02
12316,2026-03-02 12:56:15,USR_3315,user_420,Morning 10k run completed! Feeling energized and ready to tackle the week ahead.,#Fitness;#RunnersHigh;#Health,546,183,21,Chicago USA,Positive,0.87
12317,2026-03-02 12:57:00,USR_3316,user_421,The movie trailer released today looks completely underwhelming. Expectations ruined.,#MovieNews;#CinemaFail,217,146,48,Los Angeles USA,Negative,-0.68
12318,2026-03-02 12:57:45,USR_3317,user_422,Landing in Tokyo! Super excited to explore the vibrant street food and culture.,#Travel;#Japan;#Wanderlust,184,81,34,Tokyo Japan,Positive,0.91
12319,2026-03-02 12:58:30,USR_3318,user_423,Large language models are transforming modern data processing workflows rapidly.,#AI;#MachineLearning;#BigData,346,112,53,Boston USA,Positive,0.62
12320,2026-03-02 12:59:15,USR_3319,user_424,Servers are down again during the tournament. Extremely frustrating update!,#Gaming;#ServerDown;#Esports,453,157,36,Austin USA,Negative,-0.74
12321,2026-03-02 13:00:00,USR_3320,user_425,Attended the annual cloud computing conference. So many great insights on distributed systems.,#CloudComputing;#DevOps;#TechConference,163,54,18,Seattle USA,Positive,0.8
12322,2026-03-02 13:00:45,USR_3321,user_426,Flight got canceled last minute without any reasonable explanation. Very disappointing service.,#AirlineFail;#TravelProblems,585,164,61,Atlanta USA,Negative,-0.96
12323,2026-03-02 13:01:30,USR_3322,user_427,Started reading a new science fiction novel. The plot is turning out to be super captivating.,#Books;#SciFi;#ReadingList,187,58,36,London UK,Positive,0.74
12324,2026-03-02 13:02:15,USR_3323,user_428,Electric vehicles are becoming more affordable and accessible every year.,#EV;#Automotive;#CleanEnergy,522,77,54,Berlin Germany,Positive,0.72
12325,2026-03-02 13:03:00,USR_3324,user_429,Heavy rain and flooding reported across the southern district. Stay safe everyone!,#WeatherAlert;#SafetyFirst,584,119,32,Mumbai India,Negative,-0.33
12326,2026-03-02 13:03:45,USR_3325,user_430,Upgraded to the new smartphone today! The camera speed and display are absolutely incredible.,#Tech;#NewPhone;#TechTrends,380,124,49,San Francisco USA,Positive,0.91
12327,2026-03-02 13:04:30,USR_3326,user_431,Public transit delayed for the third time this week. Terrible service during peak hours!,#TransitFail;#CityLife,315,179,36,London UK,Negative,-0.74
12328,2026-03-02 13:05:15,USR_3327,user_432,Switching to solar energy for our home. The installation was smooth and efficient.,#GoGreen;#SolarEnergy;#Sustainability,410,161,30,Sydney Australia,Positive,0.7
12329,2026-03-02 13:06:00,USR_3328,user_433,"Tried the new vegan cafe downtown. Food was average, but the iced coffee was good.",#Foodie;#Vegan;#CafeVibes,362,74,23,Toronto Canada,Neutral,0.16
12330,2026-03-02 13:06:45,USR_3329,user_434,Market volatility is extremely high today. Make sure to manage your risks carefully.,#Crypto;#Finance;#Trading,262,106,38,New York USA,Neutral,-0.05
12331,2026-03-02 13:07:30,USR_3330,user_435,Morning 10k run completed! Feeling energized and ready to tackle the week ahead.,#Fitness;#RunnersHigh;#Health,240,88,31,Chicago USA,Positive,0.87
12332,2026-03-02 13:08:15,USR_3331,user_436,The movie trailer released today looks completely underwhelming. Expectations ruined.,#MovieNews;#CinemaFail,173,122,56,Los Angeles USA,Negative,-0.57
12333,2026-03-02 13:09:00,USR_3332,user_437,Landing in Tokyo! Super excited to explore the vibrant street food and culture.,#Travel;#Japan;#Wanderlust,208,146,55,Tokyo Japan,Positive,1.0
12334,2026-03-02 13:09:45,USR_3333,user_438,Large language models are transforming modern data processing workflows rapidly.,#AI;#MachineLearning;#BigData,501,133,45,Boston USA,Positive,0.68
12335,2026-03-02 13:10:30,USR_3334,user_439,Servers are down again during the tournament. Extremely frustrating update!,#Gaming;#ServerDown;#Esports,611,136,16,Austin USA,Negative,-0.74
12336,2026-03-02 13:11:15,USR_3335,user_440,Attended the annual cloud computing conference. So many great insights on distributed systems.,#CloudComputing;#DevOps;#TechConference,340,122,40,Seattle USA,Positive,0.78
12337,2026-03-02 13:12:00,USR_3336,user_441,Flight got canceled last minute without any reasonable explanation. Very disappointing service.,#AirlineFail;#TravelProblems,221,144,57,Atlanta USA,Negative,-0.85
12338,2026-03-02 13:12:45,USR_3337,user_442,Started reading a new science fiction novel. The plot is turning out to be super captivating.,#Books;#SciFi;#ReadingList,363,105,57,London UK,Positive,0.73
12339,2026-03-02 13:13:30,USR_3338,user_443,Electric vehicles are becoming more affordable and accessible every year.,#EV;#Automotive;#CleanEnergy,302,118,68,Berlin Germany,Positive,0.76
12340,2026-03-02 13:14:15,USR_3339,user_444,Heavy rain and flooding reported across the southern district. Stay safe everyone!,#WeatherAlert;#SafetyFirst,318,45,64,Mumbai India,Negative,-0.35
12341,2026-03-02 13:15:00,USR_3340,user_445,Upgraded to the new smartphone today! The camera speed and display are absolutely incredible.,#Tech;#NewPhone;#TechTrends,330,114,26,San Francisco USA,Positive,0.82
12342,2026-03-02 13:15:45,USR_3341,user_446,Public transit delayed for the third time this week. Terrible service during peak hours!,#TransitFail;#CityLife,385,47,42,London UK,Negative,-0.67
12343,2026-03-02 13:16:30,USR_3342,user_447,Switching to solar energy for our home. The installation was smooth and efficient.,#GoGreen;#SolarEnergy;#Sustainability,627,81,12,Sydney Australia,Positive,0.83
12344,2026-03-02 13:17:15,USR_3343,user_448,"Tried the new vegan cafe downtown. Food was average, but the iced coffee was good.",#Foodie;#Vegan;#CafeVibes,593,109,40,Toronto Canada,Neutral,0.13
12345,2026-03-02 13:18:00,USR_3344,user_449,Market volatility is extremely high today. Make sure to manage your risks carefully.,#Crypto;#Finance;#Trading,277,159,36,New York USA,Neutral,-0.01
12346,2026-03-02 13:18:45,USR_3345,user_450,Morning 10k run completed! Feeling energized and ready to tackle the week ahead.,#Fitness;#RunnersHigh;#Health,335,72,22,Chicago USA,Positive,0.97
12347,2026-03-02 13:19:30,USR_3346,user_451,The movie trailer released today looks completely underwhelming. Expectations ruined.,#MovieNews;#CinemaFail,325,54,28,Los Angeles USA,Negative,-0.63
12348,2026-03-02 13:20:15,USR_3347,user_452,Landing in Tokyo! Super excited to explore the vibrant street food and culture.,#Travel;#Japan;#Wanderlust,638,112,61,Tokyo Japan,Positive,0.91
12349,2026-03-02 13:21:00,USR_3348,user_453,Large language models are transforming modern data processing workflows rapidly.,#AI;#MachineLearning;#BigData,500,46,57,Boston USA,Positive,0.66
12350,2026-03-02 13:21:45,USR_3349,user_454,Servers are down again during the tournament. Extremely frustrating update!,#Gaming;#ServerDown;#Esports,381,66,45,Austin USA,Negative,-0.87
12351,2026-03-02 13:22:30,USR_3350,user_455,Attended the annual cloud computing conference. So many great insights on distributed systems.,#CloudComputing;#DevOps;#TechConference,387,73,66,Seattle USA,Positive,0.85
12352,2026-03-02 13:23:15,USR_3351,user_456,Flight got canceled last minute without any reasonable explanation. Very disappointing service.,#AirlineFail;#TravelProblems,466,71,33,Atlanta USA,Negative,-0.83
12353,2026-03-02 13:24:00,USR_3352,user_457,Started reading a new science fiction novel. The plot is turning out to be super captivating.,#Books;#SciFi;#ReadingList,569,87,25,London UK,Positive,0.78
12354,2026-03-02 13:24:45,USR_3353,user_458,Electric vehicles are becoming more affordable and accessible every year.,#EV;#Automotive;#CleanEnergy,263,79,26,Berlin Germany,Positive,0.69
12355,2026-03-02 13:25:30,USR_3354,user_459,Heavy rain and flooding reported across the southern district. Stay safe everyone!,#WeatherAlert;#SafetyFirst,602,129,38,Mumbai India,Negative,-0.38
12356,2026-03-02 13:26:15,USR_3355,user_460,Upgraded to the new smartphone today! The camera speed and display are absolutely incredible.,#Tech;#NewPhone;#TechTrends,221,190,38,San Francisco USA,Positive,0.87
12357,2026-03-02 13:27:00,USR_3356,user_461,Public transit delayed for the third time this week. Terrible service during peak hours!,#TransitFail;#CityLife,607,155,27,London UK,Negative,-0.75
12358,2026-03-02 13:27:45,USR_3357,user_462,Switching to solar energy for our home. The installation was smooth and efficient.,#GoGreen;#SolarEnergy;#Sustainability,200,74,30,Sydney Australia,Positive,0.84
12359,2026-03-02 13:28:30,USR_3358,user_463,"Tried the new vegan cafe downtown. Food was average, but the iced coffee was good.",#Foodie;#Vegan;#CafeVibes,390,59,34,Toronto Canada,Neutral,0.19
12360,2026-03-02 13:29:15,USR_3359,user_464,Market volatility is extremely high today. Make sure to manage your risks carefully.,#Crypto;#Finance;#Trading,560,80,54,New York USA,Neutral,-0.06
12361,2026-03-02 13:30:00,USR_3360,user_465,Morning 10k run completed! Feeling energized and ready to tackle the week ahead.,#Fitness;#RunnersHigh;#Health,391,94,57,Chicago USA,Positive,0.98
12362,2026-03-02 13:30:45,USR_3361,user_466,The movie trailer released today looks completely underwhelming. Expectations ruined.,#MovieNews;#CinemaFail,307,174,45,Los Angeles USA,Negative,-0.65
12363,2026-03-02 13:31:30,USR_3362,user_467,Landing in Tokyo! Super excited to explore the vibrant street food and culture.,#Travel;#Japan;#Wanderlust,393,138,63,Tokyo Japan,Positive,0.98
12364,2026-03-02 13:32:15,USR_3363,user_468,Large language models are transforming modern data processing workflows rapidly.,#AI;#MachineLearning;#BigData,618,110,70,Boston USA,Positive,0.64
12365,2026-03-02 13:33:00,USR_3364,user_469,Servers are down again during the tournament. Extremely frustrating update!,#Gaming;#ServerDown;#Esports,295,37,19,Austin USA,Negative,-0.87
12366,2026-03-02 13:33:45,USR_3365,user_470,Attended the annual cloud computing conference. So many great insights on distributed systems.,#CloudComputing;#DevOps;#TechConference,631,60,27,Seattle USA,Positive,0.82
12367,2026-03-02 13:34:30,USR_3366,user_471,Flight got canceled last minute without any reasonable explanation. Very disappointing service.,#AirlineFail;#TravelProblems,572,79,61,Atlanta USA,Negative,-0.82
12368,2026-03-02 13:35:15,USR_3367,user_472,Started reading a new science fiction novel. The plot is turning out to be super captivating.,#Books;#SciFi;#ReadingList,607,153,46,London UK,Positive,0.82
12369,2026-03-02 13:36:00,USR_3368,user_473,Electric vehicles are becoming more affordable and accessible every year.,#EV;#Automotive;#CleanEnergy,346,117,43,Berlin Germany,Positive,0.74
12370,2026-03-02 13:36:45,USR_3369,user_474,Heavy rain and flooding reported across the southern district. Stay safe everyone!,#WeatherAlert;#SafetyFirst,356,94,37,Mumbai India,Negative,-0.41
12371,2026-03-02 13:37:30,USR_3370,user_475,Upgraded to the new smartphone today! The camera speed and display are absolutely incredible.,#Tech;#NewPhone;#TechTrends,408,82,28,San Francisco USA,Positive,0.85
12372,2026-03-02 13:38:15,USR_3371,user_476,Public transit delayed for the third time this week. Terrible service during peak hours!,#TransitFail;#CityLife,481,72,45,London UK,Negative,-0.74
12373,2026-03-02 13:39:00,USR_3372,user_477,Switching to solar energy for our home. The installation was smooth and efficient.,#GoGreen;#SolarEnergy;#Sustainability,334,75,18,Sydney Australia,Positive,0.8
12374,2026-03-02 13:39:45,USR_3373,user_478,"Tried the new vegan cafe downtown. Food was average, but the iced coffee was good.",#Foodie;#Vegan;#CafeVibes,332,87,45,Toronto Canada,Neutral,0.11
12375,2026-03-02 13:40:30,USR_3374,user_479,Market volatility is extremely high today. Make sure to manage your risks carefully.,#Crypto;#Finance;#Trading,552,47,46,New York USA,Neutral,0.02
12376,2026-03-02 13:41:15,USR_3375,user_480,Morning 10k run completed! Feeling energized and ready to tackle the week ahead.,#Fitness;#RunnersHigh;#Health,231,58,35,Chicago USA,Positive,0.93
12377,2026-03-02 13:42:00,USR_3376,user_481,The movie trailer released today looks completely underwhelming. Expectations ruined.,#MovieNews;#CinemaFail,440,106,66,Los Angeles USA,Negative,-0.68
12378,2026-03-02 13:42:45,USR_3377,user_482,Landing in Tokyo! Super excited to explore the vibrant street food and culture.,#Travel;#Japan;#Wanderlust,609,73,43,Tokyo Japan,Positive,0.92
12379,2026-03-02 13:43:30,USR_3378,user_483,Large language models are transforming modern data processing workflows rapidly.,#AI;#MachineLearning;#BigData,334,43,61,Boston USA,Positive,0.6
12380,2026-03-02 13:44:15,USR_3379,user_484,Servers are down again during the tournament. Extremely frustrating update!,#Gaming;#ServerDown;#Esports,472,140,19,Austin USA,Negative,-0.83
12381,2026-03-02 13:45:00,USR_3380,user_485,Attended the annual cloud computing conference. So many great insights on distributed systems.,#CloudComputing;#DevOps;#TechConference,293,51,34,Seattle USA,Positive,0.75
12382,2026-03-02 13:45:45,USR_3381,user_486,Flight got canceled last minute without any reasonable explanation. Very disappointing service.,#AirlineFail;#TravelProblems,481,110,32,Atlanta USA,Negative,-0.81
12383,2026-03-02 13:46:30,USR_3382,user_487,Started reading a new science fiction novel. The plot is turning out to be super captivating.,#Books;#SciFi;#ReadingList,192,92,44,London UK,Positive,0.82
12384,2026-03-02 13:47:15,USR_3383,user_488,Electric vehicles are becoming more affordable and accessible every year.,#EV;#Automotive;#CleanEnergy,175,168,23,Berlin Germany,Positive,0.69
12385,2026-03-02 13:48:00,USR_3384,user_489,Heavy rain and flooding reported across the southern district. Stay safe everyone!,#WeatherAlert;#SafetyFirst,458,81,30,Mumbai India,Negative,-0.44
12386,2026-03-02 13:48:45,USR_3385,user_490,Upgraded to the new smartphone today! The camera speed and display are absolutely incredible.,#Tech;#NewPhone;#TechTrends,561,98,15,San Francisco USA,Positive,0.8
12387,2026-03-02 13:49:30,USR_3386,user_491,Public transit delayed for the third time this week. Terrible service during peak hours!,#TransitFail;#CityLife,427,84,29,London UK,Negative,-0.69
12388,2026-03-02 13:50:15,USR_3387,user_492,Switching to solar energy for our home. The installation was smooth and efficient.,#GoGreen;#SolarEnergy;#Sustainability,152,128,46,Sydney Australia,Positive,0.75
12389,2026-03-02 13:51:00,USR_3388,user_493,"Tried the new vegan cafe downtown. Food was average, but the iced coffee was good.",#Foodie;#Vegan;#CafeVibes,410,132,33,Toronto Canada,Neutral,0.1
12390,2026-03-02 13:51:45,USR_3389,user_494,Market volatility is extremely high today. Make sure to manage your risks carefully.,#Crypto;#Finance;#Trading,173,179,53,New York USA,Neutral,0.02
12391,2026-03-02 13:52:30,USR_3390,user_495,Morning 10k run completed! Feeling energized and ready to tackle the week ahead.,#Fitness;#RunnersHigh;#Health,461,109,14,Chicago USA,Positive,0.87
12392,2026-03-02 13:53:15,USR_3391,user_496,The movie trailer released today looks completely underwhelming. Expectations ruined.,#MovieNews;#CinemaFail,294,167,45,Los Angeles USA,Negative,-0.67
12393,2026-03-02 13:54:00,USR_3392,user_497,Landing in Tokyo! Super excited to explore the vibrant street food and culture.,#Travel;#Japan;#Wanderlust,415,109,40,Tokyo Japan,Positive,0.93
12394,2026-03-02 13:54:45,USR_3393,user_498,Large language models are transforming modern data processing workflows rapidly.,#AI;#MachineLearning;#BigData,536,192,35,Boston USA,Positive,0.74
12395,2026-03-02 13:55:30,USR_3394,user_499,Servers are down again during the tournament. Extremely frustrating update!,#Gaming;#ServerDown;#Esports,363,97,20,Austin USA,Negative,-0.81
12396,2026-03-02 13:56:15,USR_3395,user_500,Attended the annual cloud computing conference. So many great insights on distributed systems.,#CloudComputing;#DevOps;#TechConference,317,174,53,Seattle USA,Positive,0.83
12397,2026-03-02 13:57:00,USR_3396,user_501,Flight got canceled last minute without any reasonable explanation. Very disappointing service.,#AirlineFail;#TravelProblems,623,40,26,Atlanta USA,Negative,-0.87
12398,2026-03-02 13:57:45,USR_3397,user_502,Started reading a new science fiction novel. The plot is turning out to be super captivating.,#Books;#SciFi;#ReadingList,251,163,31,London UK,Positive,0.79
12399,2026-03-02 13:58:30,USR_3398,user_503,Electric vehicles are becoming more affordable and accessible every year.,#EV;#Automotive;#CleanEnergy,178,59,16,Berlin Germany,Positive,0.74
12400,2026-03-02 13:59:15,USR_3399,user_504,Heavy rain and flooding reported across the southern district. Stay safe everyone!,#WeatherAlert;#SafetyFirst,329,147,52,Mumbai India,Negative,-0.37
12401,2026-03-02 14:00:00,USR_3400,user_505,Upgraded to the new smartphone today! The camera speed and display are absolutely incredible.,#Tech;#NewPhone;#TechTrends,170,122,60,San Francisco USA,Positive,0.84
12402,2026-03-02 14:00:45,USR_3401,user_506,Public transit delayed for the third time this week. Terrible service during peak hours!,#TransitFail;#CityLife,533,174,61,London UK,Negative,-0.71
12403,2026-03-02 14:01:30,USR_3402,user_507,Switching to solar energy for our home. The installation was smooth and efficient.,#GoGreen;#SolarEnergy;#Sustainability,396,171,18,Sydney Australia,Positive,0.79
12404,2026-03-02 14:02:15,USR_3403,user_508,"Tried the new vegan cafe downtown. Food was average, but the iced coffee was good.",#Foodie;#Vegan;#CafeVibes,174,150,56,Toronto Canada,Neutral,0.07
12405,2026-03-02 14:03:00,USR_3404,user_509,Market volatility is extremely high today. Make sure to manage your risks carefully.,#Crypto;#Finance;#Trading,528,64,19,New York USA,Neutral,0.0
12406,2026-03-02 14:03:45,USR_3405,user_510,Morning 10k run completed! Feeling energized and ready to tackle the week ahead.,#Fitness;#RunnersHigh;#Health,247,43,53,Chicago USA,Positive,0.96
12407,2026-03-02 14:04:30,USR_3406,user_511,The movie trailer released today looks completely underwhelming. Expectations ruined.,#MovieNews;#CinemaFail,602,145,31,Los Angeles USA,Negative,-0.58
12408,2026-03-02 14:05:15,USR_3407,user_512,Landing in Tokyo! Super excited to explore the vibrant street food and culture.,#Travel;#Japan;#Wanderlust,518,165,35,Tokyo Japan,Positive,0.95
12409,2026-03-02 14:06:00,USR_3408,user_513,Large language models are transforming modern data processing workflows rapidly.,#AI;#MachineLearning;#BigData,620,163,47,Boston USA,Positive,0.73
12410,2026-03-02 14:06:45,USR_3409,user_514,Servers are down again during the tournament. Extremely frustrating update!,#Gaming;#ServerDown;#Esports,507,146,58,Austin USA,Negative,-0.74
12411,2026-03-02 14:07:30,USR_3410,user_515,Attended the annual cloud computing conference. So many great insights on distributed systems.,#CloudComputing;#DevOps;#TechConference,319,187,20,Seattle USA,Positive,0.87
12412,2026-03-02 14:08:15,USR_3411,user_516,Flight got canceled last minute without any reasonable explanation. Very disappointing service.,#AirlineFail;#TravelProblems,303,115,23,Atlanta USA,Negative,-0.93
12413,2026-03-02 14:09:00,USR_3412,user_517,Started reading a new science fiction novel. The plot is turning out to be super captivating.,#Books;#SciFi;#ReadingList,624,43,60,London UK,Positive,0.76
12414,2026-03-02 14:09:45,USR_3413,user_518,Electric vehicles are becoming more affordable and accessible every year.,#EV;#Automotive;#CleanEnergy,606,44,21,Berlin Germany,Positive,0.75
12415,2026-03-02 14:10:30,USR_3414,user_519,Heavy rain and flooding reported across the southern district. Stay safe everyone!,#WeatherAlert;#SafetyFirst,620,90,64,Mumbai India,Negative,-0.41
12416,2026-03-02 14:11:15,USR_3415,user_520,Upgraded to the new smartphone today! The camera speed and display are absolutely incredible.,#Tech;#NewPhone;#TechTrends,627,77,26,San Francisco USA,Positive,0.86
12417,2026-03-02 14:12:00,USR_3416,user_521,Public transit delayed for the third time this week. Terrible service during peak hours!,#TransitFail;#CityLife,566,58,24,London UK,Negative,-0.72
12418,2026-03-02 14:12:45,USR_3417,user_522,Switching to solar energy for our home. The installation was smooth and efficient.,#GoGreen;#SolarEnergy;#Sustainability,332,122,39,Sydney Australia,Positive,0.83
12419,2026-03-02 14:13:30,USR_3418,user_523,"Tried the new vegan cafe downtown. Food was average, but the iced coffee was good.",#Foodie;#Vegan;#CafeVibes,164,159,29,Toronto Canada,Neutral,0.2
12420,2026-03-02 14:14:15,USR_3419,user_524,Market volatility is extremely high today. Make sure to manage your risks carefully.,#Crypto;#Finance;#Trading,487,155,25,New York USA,Neutral,0.01
12421,2026-03-02 14:15:00,USR_3420,user_525,Morning 10k run completed! Feeling energized and ready to tackle the week ahead.,#Fitness;#RunnersHigh;#Health,434,102,24,Chicago USA,Positive,0.98
12422,2026-03-02 14:15:45,USR_3421,user_526,The movie trailer released today looks completely underwhelming. Expectations ruined.,#MovieNews;#CinemaFail,519,80,44,Los Angeles USA,Negative,-0.65
12423,2026-03-02 14:16:30,USR_3422,user_527,Landing in Tokyo! Super excited to explore the vibrant street food and culture.,#Travel;#Japan;#Wanderlust,614,134,13,Tokyo Japan,Positive,0.87
12424,2026-03-02 14:17:15,USR_3423,user_528,Large language models are transforming modern data processing workflows rapidly.,#AI;#MachineLearning;#BigData,283,56,34,Boston USA,Positive,0.7
12425,2026-03-02 14:18:00,USR_3424,user_529,Servers are down again during the tournament. Extremely frustrating update!,#Gaming;#ServerDown;#Esports,469,86,23,Austin USA,Negative,-0.82
12426,2026-03-02 14:18:45,USR_3425,user_530,Attended the annual cloud computing conference. So many great insights on distributed systems.,#CloudComputing;#DevOps;#TechConference,358,125,33,Seattle USA,Positive,0.85
12427,2026-03-02 14:19:30,USR_3426,user_531,Flight got canceled last minute without any reasonable explanation. Very disappointing service.,#AirlineFail;#TravelProblems,195,106,58,Atlanta USA,Negative,-0.92
12428,2026-03-02 14:20:15,USR_3427,user_532,Started reading a new science fiction novel. The plot is turning out to be super captivating.,#Books;#SciFi;#ReadingList,321,107,40,London UK,Positive,0.71
12429,2026-03-02 14:21:00,USR_3428,user_533,Electric vehicles are becoming more affordable and accessible every year.,#EV;#Automotive;#CleanEnergy,439,86,52,Berlin Germany,Positive,0.7
12430,2026-03-02 14:21:45,USR_3429,user_534,Heavy rain and flooding reported across the southern district. Stay safe everyone!,#WeatherAlert;#SafetyFirst,650,109,63,Mumbai India,Negative,-0.34
12431,2026-03-02 14:22:30,USR_3430,user_535,Upgraded to the new smartphone today! The camera speed and display are absolutely incredible.,#Tech;#NewPhone;#TechTrends,473,116,47,San Francisco USA,Positive,0.85
12432,2026-03-02 14:23:15,USR_3431,user_536,Public transit delayed for the third time this week. Terrible service during peak hours!,#TransitFail;#CityLife,499,183,63,London UK,Negative,-0.65
12433,2026-03-02 14:24:00,USR_3432,user_537,Switching to solar energy for our home. The installation was smooth and efficient.,#GoGreen;#SolarEnergy;#Sustainability,655,141,37,Sydney Australia,Positive,0.86
12434,2026-03-02 14:24:45,USR_3433,user_538,"Tried the new vegan cafe downtown. Food was average, but the iced coffee was good.",#Foodie;#Vegan;#CafeVibes,587,99,52,Toronto Canada,Neutral,0.14
12435,2026-03-02 14:25:30,USR_3434,user_539,Market volatility is extremely high today. Make sure to manage your risks carefully.,#Crypto;#Finance;#Trading,156,130,41,New York USA,Neutral,-0.03
12436,2026-03-02 14:26:15,USR_3435,user_540,Morning 10k run completed! Feeling energized and ready to tackle the week ahead.,#Fitness;#RunnersHigh;#Health,233,176,31,Chicago USA,Positive,0.85
12437,2026-03-02 14:27:00,USR_3436,user_541,The movie trailer released today looks completely underwhelming. Expectations ruined.,#MovieNews;#CinemaFail,455,43,50,Los Angeles USA,Negative,-0.64
12438,2026-03-02 14:27:45,USR_3437,user_542,Landing in Tokyo! Super excited to explore the vibrant street food and culture.,#Travel;#Japan;#Wanderlust,236,121,34,Tokyo Japan,Positive,1.0
12439,2026-03-02 14:28:30,USR_3438,user_543,Large language models are transforming modern data processing workflows rapidly.,#AI;#MachineLearning;#BigData,483,114,43,Boston USA,Positive,0.62
12440,2026-03-02 14:29:15,USR_3439,user_544,Servers are down again during the tournament. Extremely frustrating update!,#Gaming;#ServerDown;#Esports,337,73,34,Austin USA,Negative,-0.88
12441,2026-03-02 14:30:00,USR_3440,user_545,Attended the annual cloud computing conference. So many great insights on distributed systems.,#CloudComputing;#DevOps;#TechConference,436,95,53,Seattle USA,Positive,0.77
12442,2026-03-02 14:30:45,USR_3441,user_546,Flight got canceled last minute without any reasonable explanation. Very disappointing service.,#AirlineFail;#TravelProblems,236,73,35,Atlanta USA,Negative,-0.84
12443,2026-03-02 14:31:30,USR_3442,user_547,Started reading a new science fiction novel. The plot is turning out to be super captivating.,#Books;#SciFi;#ReadingList,499,130,43,London UK,Positive,0.69
12444,2026-03-02 14:32:15,USR_3443,user_548,Electric vehicles are becoming more affordable and accessible every year.,#EV;#Automotive;#CleanEnergy,443,174,59,Berlin Germany,Positive,0.66
12445,2026-03-02 14:33:00,USR_3444,user_549,Heavy rain and flooding reported across the southern district. Stay safe everyone!,#WeatherAlert;#SafetyFirst,286,172,19,Mumbai India,Negative,-0.44
12446,2026-03-02 14:33:45,USR_3445,user_550,Upgraded to the new smartphone today! The camera speed and display are absolutely incredible.,#Tech;#NewPhone;#TechTrends,605,175,29,San Francisco USA,Positive,0.89
12447,2026-03-02 14:34:30,USR_3446,user_551,Public transit delayed for the third time this week. Terrible service during peak hours!,#TransitFail;#CityLife,598,135,42,London UK,Negative,-0.71
12448,2026-03-02 14:35:15,USR_3447,user_552,Switching to solar energy for our home. The installation was smooth and efficient.,#GoGreen;#SolarEnergy;#Sustainability,370,180,14,Sydney Australia,Positive,0.73
12449,2026-03-02 14:36:00,USR_3448,user_553,"Tried the new vegan cafe downtown. Food was average, but the iced coffee was good.",#Foodie;#Vegan;#CafeVibes,390,135,54,Toronto Canada,Neutral,0.18
12450,2026-03-02 14:36:45,USR_3449,user_554,Market volatility is extremely high today. Make sure to manage your risks carefully.,#Crypto;#Finance;#Trading,531,75,32,New York USA,Neutral,-0.11
12451,2026-03-02 14:37:30,USR_3450,user_555,Morning 10k run completed! Feeling energized and ready to tackle the week ahead.,#Fitness;#RunnersHigh;#Health,379,114,18,Chicago USA,Positive,0.87
12452,2026-03-02 14:38:15,USR_3451,user_556,The movie trailer released today looks completely underwhelming. Expectations ruined.,#MovieNews;#CinemaFail,598,99,13,Los Angeles USA,Negative,-0.61
12453,2026-03-02 14:39:00,USR_3452,user_557,Landing in Tokyo! Super excited to explore the vibrant street food and culture.,#Travel;#Japan;#Wanderlust,468,189,33,Tokyo Japan,Positive,0.91
12454,2026-03-02 14:39:45,USR_3453,user_558,Large language models are transforming modern data processing workflows rapidly.,#AI;#MachineLearning;#BigData,489,128,65,Boston USA,Positive,0.74
12455,2026-03-02 14:40:30,USR_3454,user_559,Servers are down again during the tournament. Extremely frustrating update!,#Gaming;#ServerDown;#Esports,370,180,22,Austin USA,Negative,-0.74
12456,2026-03-02 14:41:15,USR_3455,user_560,Attended the annual cloud computing conference. So many great insights on distributed systems.,#CloudComputing;#DevOps;#TechConference,411,126,64,Seattle USA,Positive,0.78
12457,2026-03-02 14:42:00,USR_3456,user_561,Flight got canceled last minute without any reasonable explanation. Very disappointing service.,#AirlineFail;#TravelProblems,581,64,38,Atlanta USA,Negative,-0.87
12458,2026-03-02 14:42:45,USR_3457,user_562,Started reading a new science fiction novel. The plot is turning out to be super captivating.,#Books;#SciFi;#ReadingList,360,181,48,London UK,Positive,0.75
12459,2026-03-02 14:43:30,USR_3458,user_563,Electric vehicles are becoming more affordable and accessible every year.,#EV;#Automotive;#CleanEnergy,166,66,39,Berlin Germany,Positive,0.77
12460,2026-03-02 14:44:15,USR_3459,user_564,Heavy rain and flooding reported across the southern district. Stay safe everyone!,#WeatherAlert;#SafetyFirst,241,173,64,Mumbai India,Negative,-0.33
12461,2026-03-02 14:45:00,USR_3460,user_565,Upgraded to the new smartphone today! The camera speed and display are absolutely incredible.,#Tech;#NewPhone;#TechTrends,156,142,25,San Francisco USA,Positive,0.78
12462,2026-03-02 14:45:45,USR_3461,user_566,Public transit delayed for the third time this week. Terrible service during peak hours!,#TransitFail;#CityLife,542,151,57,London UK,Negative,-0.67
12463,2026-03-02 14:46:30,USR_3462,user_567,Switching to solar energy for our home. The installation was smooth and efficient.,#GoGreen;#SolarEnergy;#Sustainability,387,138,13,Sydney Australia,Positive,0.72
12464,2026-03-02 14:47:15,USR_3463,user_568,"Tried the new vegan cafe downtown. Food was average, but the iced coffee was good.",#Foodie;#Vegan;#CafeVibes,449,157,55,Toronto Canada,Neutral,0.13
12465,2026-03-02 14:48:00,USR_3464,user_569,Market volatility is extremely high today. Make sure to manage your risks carefully.,#Crypto;#Finance;#Trading,626,158,30,New York USA,Neutral,-0.04
12466,2026-03-02 14:48:45,USR_3465,user_570,Morning 10k run completed! Feeling energized and ready to tackle the week ahead.,#Fitness;#RunnersHigh;#Health,555,94,62,Chicago USA,Positive,0.95
12467,2026-03-02 14:49:30,USR_3466,user_571,The movie trailer released today looks completely underwhelming. Expectations ruined.,#MovieNews;#CinemaFail,431,162,52,Los Angeles USA,Negative,-0.6
12468,2026-03-02 14:50:15,USR_3467,user_572,Landing in Tokyo! Super excited to explore the vibrant street food and culture.,#Travel;#Japan;#Wanderlust,150,103,39,Tokyo Japan,Positive,1.0
12469,2026-03-02 14:51:00,USR_3468,user_573,Large language models are transforming modern data processing workflows rapidly.,#AI;#MachineLearning;#BigData,196,184,57,Boston USA,Positive,0.67
12470,2026-03-02 14:51:45,USR_3469,user_574,Servers are down again during the tournament. Extremely frustrating update!,#Gaming;#ServerDown;#Esports,201,66,62,Austin USA,Negative,-0.87
12471,2026-03-02 14:52:30,USR_3470,user_575,Attended the annual cloud computing conference. So many great insights on distributed systems.,#CloudComputing;#DevOps;#TechConference,343,175,22,Seattle USA,Positive,0.78
12472,2026-03-02 14:53:15,USR_3471,user_576,Flight got canceled last minute without any reasonable explanation. Very disappointing service.,#AirlineFail;#TravelProblems,473,126,23,Atlanta USA,Negative,-0.84
12473,2026-03-02 14:54:00,USR_3472,user_577,Started reading a new science fiction novel. The plot is turning out to be super captivating.,#Books;#SciFi;#ReadingList,630,171,58,London UK,Positive,0.78
12474,2026-03-02 14:54:45,USR_3473,user_578,Electric vehicles are becoming more affordable and accessible every year.,#EV;#Automotive;#CleanEnergy,602,105,19,Berlin Germany,Positive,0.76
12475,2026-03-02 14:55:30,USR_3474,user_579,Heavy rain and flooding reported across the southern district. Stay safe everyone!,#WeatherAlert;#SafetyFirst,480,78,34,Mumbai India,Negative,-0.36
12476,2026-03-02 14:56:15,USR_3475,user_580,Upgraded to the new smartphone today! The camera speed and display are absolutely incredible.,#Tech;#NewPhone;#TechTrends,527,57,11,San Francisco USA,Positive,0.8
12477,2026-03-02 14:57:00,USR_3476,user_581,Public transit delayed for the third time this week. Terrible service during peak hours!,#TransitFail;#CityLife,485,48,46,London UK,Negative,-0.76
12478,2026-03-02 14:57:45,USR_3477,user_582,Switching to solar energy for our home. The installation was smooth and efficient.,#GoGreen;#SolarEnergy;#Sustainability,295,150,23,Sydney Australia,Positive,0.74
12479,2026-03-02 14:58:30,USR_3478,user_583,"Tried the new vegan cafe downtown. Food was average, but the iced coffee was good.",#Foodie;#Vegan;#CafeVibes,393,168,68,Toronto Canada,Neutral,0.13
12480,2026-03-02 14:59:15,USR_3479,user_584,Market volatility is extremely high today. Make sure to manage your risks carefully.,#Crypto;#Finance;#Trading,611,138,51,New York USA,Neutral,-0.04
12481,2026-03-02 15:00:00,USR_3480,user_585,Morning 10k run completed! Feeling energized and ready to tackle the week ahead.,#Fitness;#RunnersHigh;#Health,376,178,52,Chicago USA,Positive,0.89
12482,2026-03-02 15:00:45,USR_3481,user_586,The movie trailer released today looks completely underwhelming. Expectations ruined.,#MovieNews;#CinemaFail,332,124,26,Los Angeles USA,Negative,-0.59
12483,2026-03-02 15:01:30,USR_3482,user_587,Landing in Tokyo! Super excited to explore the vibrant street food and culture.,#Travel;#Japan;#Wanderlust,352,173,44,Tokyo Japan,Positive,0.89
12484,2026-03-02 15:02:15,USR_3483,user_588,Large language models are transforming modern data processing workflows rapidly.,#AI;#MachineLearning;#BigData,589,64,27,Boston USA,Positive,0.71
12485,2026-03-02 15:03:00,USR_3484,user_589,Servers are down again during the tournament. Extremely frustrating update!,#Gaming;#ServerDown;#Esports,384,137,46,Austin USA,Negative,-0.78
12486,2026-03-02 15:03:45,USR_3485,user_590,Attended the annual cloud computing conference. So many great insights on distributed systems.,#CloudComputing;#DevOps;#TechConference,291,100,54,Seattle USA,Positive,0.82
12487,2026-03-02 15:04:30,USR_3486,user_591,Flight got canceled last minute without any reasonable explanation. Very disappointing service.,#AirlineFail;#TravelProblems,253,119,39,Atlanta USA,Negative,-0.83
12488,2026-03-02 15:05:15,USR_3487,user_592,Started reading a new science fiction novel. The plot is turning out to be super captivating.,#Books;#SciFi;#ReadingList,431,195,55,London UK,Positive,0.7
12489,2026-03-02 15:06:00,USR_3488,user_593,Electric vehicles are becoming more affordable and accessible every year.,#EV;#Automotive;#CleanEnergy,450,164,25,Berlin Germany,Positive,0.63
12490,2026-03-02 15:06:45,USR_3489,user_594,Heavy rain and flooding reported across the southern district. Stay safe everyone!,#WeatherAlert;#SafetyFirst,582,61,15,Mumbai India,Negative,-0.43
12491,2026-03-02 15:07:30,USR_3490,user_595,Upgraded to the new smartphone today! The camera speed and display are absolutely incredible.,#Tech;#NewPhone;#TechTrends,350,46,55,San Francisco USA,Positive,0.92
12492,2026-03-02 15:08:15,USR_3491,user_596,Public transit delayed for the third time this week. Terrible service during peak hours!,#TransitFail;#CityLife,417,133,48,London UK,Negative,-0.8
12493,2026-03-02 15:09:00,USR_3492,user_597,Switching to solar energy for our home. The installation was smooth and efficient.,#GoGreen;#SolarEnergy;#Sustainability,221,67,44,Sydney Australia,Positive,0.72
12494,2026-03-02 15:09:45,USR_3493,user_598,"Tried the new vegan cafe downtown. Food was average, but the iced coffee was good.",#Foodie;#Vegan;#CafeVibes,166,93,62,Toronto Canada,Neutral,0.21
12495,2026-03-02 15:10:30,USR_3494,user_599,Market volatility is extremely high today. Make sure to manage your risks carefully.,#Crypto;#Finance;#Trading,298,177,58,New York USA,Neutral,-0.0
12496,2026-03-02 15:11:15,USR_3495,user_101,Morning 10k run completed! Feeling energized and ready to tackle the week ahead.,#Fitness;#RunnersHigh;#Health,552,102,48,Chicago USA,Positive,0.95
12497,2026-03-02 15:12:00,USR_3496,user_102,The movie trailer released today looks completely underwhelming. Expectations ruined.,#MovieNews;#CinemaFail,480,84,34,Los Angeles USA,Negative,-0.64
12498,2026-03-02 15:12:45,USR_3497,user_103,Landing in Tokyo! Super excited to explore the vibrant street food and culture.,#Travel;#Japan;#Wanderlust,520,145,28,Tokyo Japan,Positive,0.93
12499,2026-03-02 15:13:30,USR_3498,user_104,Large language models are transforming modern data processing workflows rapidly.,#AI;#MachineLearning;#BigData,597,166,37,Boston USA,Positive,0.71
12500,2026-03-02 15:14:15,USR_3499,user_105,Servers are down again during the tournament. Extremely frustrating update!,#Gaming;#ServerDown;#Esports,364,141,15,Austin USA,Negative,-0.78
12501,2026-03-02 15:15:00,USR_3500,user_106,Attended the annual cloud computing conference. So many great insights on distributed systems.,#CloudComputing;#DevOps;#TechConference,232,58,43,Seattle USA,Positive,0.83
12502,2026-03-02 15:15:45,USR_3501,user_107,Flight got canceled last minute without any reasonable explanation. Very disappointing service.,#AirlineFail;#TravelProblems,256,135,33,Atlanta USA,Negative,-0.9
12503,2026-03-02 15:16:30,USR_3502,user_108,Started reading a new science fiction novel. The plot is turning out to be super captivating.,#Books;#SciFi;#ReadingList,649,115,63,London UK,Positive,0.78
12504,2026-03-02 15:17:15,USR_3503,user_109,Electric vehicles are becoming more affordable and accessible every year.,#EV;#Automotive;#CleanEnergy,332,93,41,Berlin Germany,Positive,0.76
12505,2026-03-02 15:18:00,USR_3504,user_110,Heavy rain and flooding reported across the southern district. Stay safe everyone!,#WeatherAlert;#SafetyFirst,533,104,47,Mumbai India,Negative,-0.32
12506,2026-03-02 15:18:45,USR_3505,user_111,Upgraded to the new smartphone today! The camera speed and display are absolutely incredible.,#Tech;#NewPhone;#TechTrends,174,108,15,San Francisco USA,Positive,0.85
12507,2026-03-02 15:19:30,USR_3506,user_112,Public transit delayed for the third time this week. Terrible service during peak hours!,#TransitFail;#CityLife,173,168,41,London UK,Negative,-0.64
12508,2026-03-02 15:20:15,USR_3507,user_113,Switching to solar energy for our home. The installation was smooth and efficient.,#GoGreen;#SolarEnergy;#Sustainability,192,99,36,Sydney Australia,Positive,0.79
12509,2026-03-02 15:21:00,USR_3508,user_114,"Tried the new vegan cafe downtown. Food was average, but the iced coffee was good.",#Foodie;#Vegan;#CafeVibes,212,46,21,Toronto Canada,Neutral,0.1
12510,2026-03-02 15:21:45,USR_3509,user_115,Market volatility is extremely high today. Make sure to manage your risks carefully.,#Crypto;#Finance;#Trading,478,159,17,New York USA,Neutral,-0.11
12511,2026-03-02 15:22:30,USR_3510,user_116,Morning 10k run completed! Feeling energized and ready to tackle the week ahead.,#Fitness;#RunnersHigh;#Health,278,147,63,Chicago USA,Positive,0.96
12512,2026-03-02 15:23:15,USR_3511,user_117,The movie trailer released today looks completely underwhelming. Expectations ruined.,#MovieNews;#CinemaFail,577,127,27,Los Angeles USA,Negative,-0.69
12513,2026-03-02 15:24:00,USR_3512,user_118,Landing in Tokyo! Super excited to explore the vibrant street food and culture.,#Travel;#Japan;#Wanderlust,459,162,58,Tokyo Japan,Positive,0.87
12514,2026-03-02 15:24:45,USR_3513,user_119,Large language models are transforming modern data processing workflows rapidly.,#AI;#MachineLearning;#BigData,641,156,49,Boston USA,Positive,0.71
12515,2026-03-02 15:25:30,USR_3514,user_120,Servers are down again during the tournament. Extremely frustrating update!,#Gaming;#ServerDown;#Esports,529,155,37,Austin USA,Negative,-0.86
12516,2026-03-02 15:26:15,USR_3515,user_121,Attended the annual cloud computing conference. So many great insights on distributed systems.,#CloudComputing;#DevOps;#TechConference,637,53,55,Seattle USA,Positive,0.77
12517,2026-03-02 15:27:00,USR_3516,user_122,Flight got canceled last minute without any reasonable explanation. Very disappointing service.,#AirlineFail;#TravelProblems,228,95,55,Atlanta USA,Negative,-0.96
12518,2026-03-02 15:27:45,USR_3517,user_123,Started reading a new science fiction novel. The plot is turning out to be super captivating.,#Books;#SciFi;#ReadingList,434,173,30,London UK,Positive,0.78
12519,2026-03-02 15:28:30,USR_3518,user_124,Electric vehicles are becoming more affordable and accessible every year.,#EV;#Automotive;#CleanEnergy,331,154,40,Berlin Germany,Positive,0.65
12520,2026-03-02 15:29:15,USR_3519,user_125,Heavy rain and flooding reported across the southern district. Stay safe everyone!,#WeatherAlert;#SafetyFirst,354,116,49,Mumbai India,Negative,-0.45
12521,2026-03-02 15:30:00,USR_3520,user_126,Upgraded to the new smartphone today! The camera speed and display are absolutely incredible.,#Tech;#NewPhone;#TechTrends,408,192,54,San Francisco USA,Positive,0.84
12522,2026-03-02 15:30:45,USR_3521,user_127,Public transit delayed for the third time this week. Terrible service during peak hours!,#TransitFail;#CityLife,597,143,48,London UK,Negative,-0.74
12523,2026-03-02 15:31:30,USR_3522,user_128,Switching to solar energy for our home. The installation was smooth and efficient.,#GoGreen;#SolarEnergy;#Sustainability,375,139,43,Sydney Australia,Positive,0.71
12524,2026-03-02 15:32:15,USR_3523,user_129,"Tried the new vegan cafe downtown. Food was average, but the iced coffee was good.",#Foodie;#Vegan;#CafeVibes,381,56,25,Toronto Canada,Neutral,0.15
12525,2026-03-02 15:33:00,USR_3524,user_130,Market volatility is extremely high today. Make sure to manage your risks carefully.,#Crypto;#Finance;#Trading,539,54,36,New York USA,Neutral,0.03
12526,2026-03-02 15:33:45,USR_3525,user_131,Morning 10k run completed! Feeling energized and ready to tackle the week ahead.,#Fitness;#RunnersHigh;#Health,576,140,60,Chicago USA,Positive,0.97
12527,2026-03-02 15:34:30,USR_3526,user_132,The movie trailer released today looks completely underwhelming. Expectations ruined.,#MovieNews;#CinemaFail,600,188,31,Los Angeles USA,Negative,-0.69
12528,2026-03-02 15:35:15,USR_3527,user_133,Landing in Tokyo! Super excited to explore the vibrant street food and culture.,#Travel;#Japan;#Wanderlust,505,181,20,Tokyo Japan,Positive,0.87
12529,2026-03-02 15:36:00,USR_3528,user_134,Large language models are transforming modern data processing workflows rapidly.,#AI;#MachineLearning;#BigData,177,184,50,Boston USA,Positive,0.65
12530,2026-03-02 15:36:45,USR_3529,user_135,Servers are down again during the tournament. Extremely frustrating update!,#Gaming;#ServerDown;#Esports,419,105,46,Austin USA,Negative,-0.74
12531,2026-03-02 15:37:30,USR_3530,user_136,Attended the annual cloud computing conference. So many great insights on distributed systems.,#CloudComputing;#DevOps;#TechConference,445,165,42,Seattle USA,Positive,0.79
12532,2026-03-02 15:38:15,USR_3531,user_137,Flight got canceled last minute without any reasonable explanation. Very disappointing service.,#AirlineFail;#TravelProblems,195,128,20,Atlanta USA,Negative,-0.86
12533,2026-03-02 15:39:00,USR_3532,user_138,Started reading a new science fiction novel. The plot is turning out to be super captivating.,#Books;#SciFi;#ReadingList,575,160,29,London UK,Positive,0.8
12534,2026-03-02 15:39:45,USR_3533,user_139,Electric vehicles are becoming more affordable and accessible every year.,#EV;#Automotive;#CleanEnergy,321,143,47,Berlin Germany,Positive,0.63
12535,2026-03-02 15:40:30,USR_3534,user_140,Heavy rain and flooding reported across the southern district. Stay safe everyone!,#WeatherAlert;#SafetyFirst,269,156,27,Mumbai India,Negative,-0.38
12536,2026-03-02 15:41:15,USR_3535,user_141,Upgraded to the new smartphone today! The camera speed and display are absolutely incredible.,#Tech;#NewPhone;#TechTrends,160,184,52,San Francisco USA,Positive,0.85
12537,2026-03-02 15:42:00,USR_3536,user_142,Public transit delayed for the third time this week. Terrible service during peak hours!,#TransitFail;#CityLife,201,125,49,London UK,Negative,-0.65
12538,2026-03-02 15:42:45,USR_3537,user_143,Switching to solar energy for our home. The installation was smooth and efficient.,#GoGreen;#SolarEnergy;#Sustainability,535,87,24,Sydney Australia,Positive,0.83
12539,2026-03-02 15:43:30,USR_3538,user_144,"Tried the new vegan cafe downtown. Food was average, but the iced coffee was good.",#Foodie;#Vegan;#CafeVibes,338,48,53,Toronto Canada,Neutral,0.21
12540,2026-03-02 15:44:15,USR_3539,user_145,Market volatility is extremely high today. Make sure to manage your risks carefully.,#Crypto;#Finance;#Trading,459,128,39,New York USA,Neutral,-0.06
12541,2026-03-02 15:45:00,USR_3540,user_146,Morning 10k run completed! Feeling energized and ready to tackle the week ahead.,#Fitness;#RunnersHigh;#Health,417,67,49,Chicago USA,Positive,0.88
12542,2026-03-02 15:45:45,USR_3541,user_147,The movie trailer released today looks completely underwhelming. Expectations ruined.,#MovieNews;#CinemaFail,298,55,36,Los Angeles USA,Negative,-0.72
12543,2026-03-02 15:46:30,USR_3542,user_148,Landing in Tokyo! Super excited to explore the vibrant street food and culture.,#Travel;#Japan;#Wanderlust,569,173,20,Tokyo Japan,Positive,0.94
12544,2026-03-02 15:47:15,USR_3543,user_149,Large language models are transforming modern data processing workflows rapidly.,#AI;#MachineLearning;#BigData,338,78,35,Boston USA,Positive,0.74
12545,2026-03-02 15:48:00,USR_3544,user_150,Servers are down again during the tournament. Extremely frustrating update!,#Gaming;#ServerDown;#Esports,366,89,39,Austin USA,Negative,-0.8
12546,2026-03-02 15:48:45,USR_3545,user_151,Attended the annual cloud computing conference. So many great insights on distributed systems.,#CloudComputing;#DevOps;#TechConference,300,53,26,Seattle USA,Positive,0.79
12547,2026-03-02 15:49:30,USR_3546,user_152,Flight got canceled last minute without any reasonable explanation. Very disappointing service.,#AirlineFail;#TravelProblems,198,49,16,Atlanta USA,Negative,-0.91
12548,2026-03-02 15:50:15,USR_3547,user_153,Started reading a new science fiction novel. The plot is turning out to be super captivating.,#Books;#SciFi;#ReadingList,238,78,52,London UK,Positive,0.68
12549,2026-03-02 15:51:00,USR_3548,user_154,Electric vehicles are becoming more affordable and accessible every year.,#EV;#Automotive;#CleanEnergy,195,168,55,Berlin Germany,Positive,0.64
12550,2026-03-02 15:51:45,USR_3549,user_155,Heavy rain and flooding reported across the southern district. Stay safe everyone!,#WeatherAlert;#SafetyFirst,215,65,42,Mumbai India,Negative,-0.39
12551,2026-03-02 15:52:30,USR_3550,user_156,Upgraded to the new smartphone today! The camera speed and display are absolutely incredible.,#Tech;#NewPhone;#TechTrends,484,160,29,San Francisco USA,Positive,0.8
12552,2026-03-02 15:53:15,USR_3551,user_157,Public transit delayed for the third time this week. Terrible service during peak hours!,#TransitFail;#CityLife,603,135,45,London UK,Negative,-0.74
12553,2026-03-02 15:54:00,USR_3552,user_158,Switching to solar energy for our home. The installation was smooth and efficient.,#GoGreen;#SolarEnergy;#Sustainability,296,96,39,Sydney Australia,Positive,0.85
12554,2026-03-02 15:54:45,USR_3553,user_159,"Tried the new vegan cafe downtown. Food was average, but the iced coffee was good.",#Foodie;#Vegan;#CafeVibes,255,164,27,Toronto Canada,Neutral,0.22
12555,2026-03-02 15:55:30,USR_3554,user_160,Market volatility is extremely high today. Make sure to manage your risks carefully.,#Crypto;#Finance;#Trading,177,174,42,New York USA,Neutral,-0.0
12556,2026-03-02 15:56:15,USR_3555,user_161,Morning 10k run completed! Feeling energized and ready to tackle the week ahead.,#Fitness;#RunnersHigh;#Health,573,177,32,Chicago USA,Positive,0.99
12557,2026-03-02 15:57:00,USR_3556,user_162,The movie trailer released today looks completely underwhelming. Expectations ruined.,#MovieNews;#CinemaFail,527,140,39,Los Angeles USA,Negative,-0.72
12558,2026-03-02 15:57:45,USR_3557,user_163,Landing in Tokyo! Super excited to explore the vibrant street food and culture.,#Travel;#Japan;#Wanderlust,417,67,26,Tokyo Japan,Positive,1.0
12559,2026-03-02 15:58:30,USR_3558,user_164,Large language models are transforming modern data processing workflows rapidly.,#AI;#MachineLearning;#BigData,178,71,33,Boston USA,Positive,0.64
12560,2026-03-02 15:59:15,USR_3559,user_165,Servers are down again during the tournament. Extremely frustrating update!,#Gaming;#ServerDown;#Esports,321,70,58,Austin USA,Negative,-0.8
12561,2026-03-02 16:00:00,USR_3560,user_166,Attended the annual cloud computing conference. So many great insights on distributed systems.,#CloudComputing;#DevOps;#TechConference,339,80,59,Seattle USA,Positive,0.76
12562,2026-03-02 16:00:45,USR_3561,user_167,Flight got canceled last minute without any reasonable explanation. Very disappointing service.,#AirlineFail;#TravelProblems,180,129,61,Atlanta USA,Negative,-0.88
12563,2026-03-02 16:01:30,USR_3562,user_168,Started reading a new science fiction novel. The plot is turning out to be super captivating.,#Books;#SciFi;#ReadingList,535,72,30,London UK,Positive,0.81
12564,2026-03-02 16:02:15,USR_3563,user_169,Electric vehicles are becoming more affordable and accessible every year.,#EV;#Automotive;#CleanEnergy,349,174,57,Berlin Germany,Positive,0.64
12565,2026-03-02 16:03:00,USR_3564,user_170,Heavy rain and flooding reported across the southern district. Stay safe everyone!,#WeatherAlert;#SafetyFirst,625,51,34,Mumbai India,Negative,-0.35
12566,2026-03-02 16:03:45,USR_3565,user_171,Upgraded to the new smartphone today! The camera speed and display are absolutely incredible.,#Tech;#NewPhone;#TechTrends,613,46,16,San Francisco USA,Positive,0.82
12567,2026-03-02 16:04:30,USR_3566,user_172,Public transit delayed for the third time this week. Terrible service during peak hours!,#TransitFail;#CityLife,565,115,57,London UK,Negative,-0.69
12568,2026-03-02 16:05:15,USR_3567,user_173,Switching to solar energy for our home. The installation was smooth and efficient.,#GoGreen;#SolarEnergy;#Sustainability,363,150,34,Sydney Australia,Positive,0.83
12569,2026-03-02 16:06:00,USR_3568,user_174,"Tried the new vegan cafe downtown. Food was average, but the iced coffee was good.",#Foodie;#Vegan;#CafeVibes,325,175,29,Toronto Canada,Neutral,0.11
12570,2026-03-02 16:06:45,USR_3569,user_175,Market volatility is extremely high today. Make sure to manage your risks carefully.,#Crypto;#Finance;#Trading,336,110,48,New York USA,Neutral,-0.09
12571,2026-03-02 16:07:30,USR_3570,user_176,Morning 10k run completed! Feeling energized and ready to tackle the week ahead.,#Fitness;#RunnersHigh;#Health,180,62,30,Chicago USA,Positive,0.97
12572,2026-03-02 16:08:15,USR_3571,user_177,The movie trailer released today looks completely underwhelming. Expectations ruined.,#MovieNews;#CinemaFail,408,154,34,Los Angeles USA,Negative,-0.6
12573,2026-03-02 16:09:00,USR_3572,user_178,Landing in Tokyo! Super excited to explore the vibrant street food and culture.,#Travel;#Japan;#Wanderlust,296,156,35,Tokyo Japan,Positive,0.96
12574,2026-03-02 16:09:45,USR_3573,user_179,Large language models are transforming modern data processing workflows rapidly.,#AI;#MachineLearning;#BigData,289,90,57,Boston USA,Positive,0.61
12575,2026-03-02 16:10:30,USR_3574,user_180,Servers are down again during the tournament. Extremely frustrating update!,#Gaming;#ServerDown;#Esports,202,87,20,Austin USA,Negative,-0.76
12576,2026-03-02 16:11:15,USR_3575,user_181,Attended the annual cloud computing conference. So many great insights on distributed systems.,#CloudComputing;#DevOps;#TechConference,647,190,13,Seattle USA,Positive,0.8
12577,2026-03-02 16:12:00,USR_3576,user_182,Flight got canceled last minute without any reasonable explanation. Very disappointing service.,#AirlineFail;#TravelProblems,301,60,20,Atlanta USA,Negative,-0.9
12578,2026-03-02 16:12:45,USR_3577,user_183,Started reading a new science fiction novel. The plot is turning out to be super captivating.,#Books;#SciFi;#ReadingList,199,92,48,London UK,Positive,0.73
12579,2026-03-02 16:13:30,USR_3578,user_184,Electric vehicles are becoming more affordable and accessible every year.,#EV;#Automotive;#CleanEnergy,410,152,25,Berlin Germany,Positive,0.64
12580,2026-03-02 16:14:15,USR_3579,user_185,Heavy rain and flooding reported across the southern district. Stay safe everyone!,#WeatherAlert;#SafetyFirst,498,56,45,Mumbai India,Negative,-0.37
12581,2026-03-02 16:15:00,USR_3580,user_186,Upgraded to the new smartphone today! The camera speed and display are absolutely incredible.,#Tech;#NewPhone;#TechTrends,200,81,26,San Francisco USA,Positive,0.85
12582,2026-03-02 16:15:45,USR_3581,user_187,Public transit delayed for the third time this week. Terrible service during peak hours!,#TransitFail;#CityLife,630,66,16,London UK,Negative,-0.67
12583,2026-03-02 16:16:30,USR_3582,user_188,Switching to solar energy for our home. The installation was smooth and efficient.,#GoGreen;#SolarEnergy;#Sustainability,309,181,19,Sydney Australia,Positive,0.73
12584,2026-03-02 16:17:15,USR_3583,user_189,"Tried the new vegan cafe downtown. Food was average, but the iced coffee was good.",#Foodie;#Vegan;#CafeVibes,603,157,45,Toronto Canada,Neutral,0.18
12585,2026-03-02 16:18:00,USR_3584,user_190,Market volatility is extremely high today. Make sure to manage your risks carefully.,#Crypto;#Finance;#Trading,569,104,51,New York USA,Neutral,-0.1
12586,2026-03-02 16:18:45,USR_3585,user_191,Morning 10k run completed! Feeling energized and ready to tackle the week ahead.,#Fitness;#RunnersHigh;#Health,627,128,52,Chicago USA,Positive,0.86
12587,2026-03-02 16:19:30,USR_3586,user_192,The movie trailer released today looks completely underwhelming. Expectations ruined.,#MovieNews;#CinemaFail,644,145,42,Los Angeles USA,Negative,-0.69
12588,2026-03-02 16:20:15,USR_3587,user_193,Landing in Tokyo! Super excited to explore the vibrant street food and culture.,#Travel;#Japan;#Wanderlust,356,72,47,Tokyo Japan,Positive,1.0
12589,2026-03-02 16:21:00,USR_3588,user_194,Large language models are transforming modern data processing workflows rapidly.,#AI;#MachineLearning;#BigData,258,174,48,Boston USA,Positive,0.65
12590,2026-03-02 16:21:45,USR_3589,user_195,Servers are down again during the tournament. Extremely frustrating update!,#Gaming;#ServerDown;#Esports,567,158,57,Austin USA,Negative,-0.88
12591,2026-03-02 16:22:30,USR_3590,user_196,Attended the annual cloud computing conference. So many great insights on distributed systems.,#CloudComputing;#DevOps;#TechConference,191,57,51,Seattle USA,Positive,0.85
12592,2026-03-02 16:23:15,USR_3591,user_197,Flight got canceled last minute without any reasonable explanation. Very disappointing service.,#AirlineFail;#TravelProblems,332,146,61,Atlanta USA,Negative,-0.95
12593,2026-03-02 16:24:00,USR_3592,user_198,Started reading a new science fiction novel. The plot is turning out to be super captivating.,#Books;#SciFi;#ReadingList,637,188,57,London UK,Positive,0.68
12594,2026-03-02 16:24:45,USR_3593,user_199,Electric vehicles are becoming more affordable and accessible every year.,#EV;#Automotive;#CleanEnergy,586,124,35,Berlin Germany,Positive,0.63
12595,2026-03-02 16:25:30,USR_3594,user_200,Heavy rain and flooding reported across the southern district. Stay safe everyone!,#WeatherAlert;#SafetyFirst,489,190,62,Mumbai India,Negative,-0.34
12596,2026-03-02 16:26:15,USR_3595,user_201,Upgraded to the new smartphone today! The camera speed and display are absolutely incredible.,#Tech;#NewPhone;#TechTrends,325,94,22,San Francisco USA,Positive,0.9
12597,2026-03-02 16:27:00,USR_3596,user_202,Public transit delayed for the third time this week. Terrible service during peak hours!,#TransitFail;#CityLife,491,93,50,London UK,Negative,-0.66
12598,2026-03-02 16:27:45,USR_3597,user_203,Switching to solar energy for our home. The installation was smooth and efficient.,#GoGreen;#SolarEnergy;#Sustainability,410,118,30,Sydney Australia,Positive,0.84
12599,2026-03-02 16:28:30,USR_3598,user_204,"Tried the new vegan cafe downtown. Food was average, but the iced coffee was good.",#Foodie;#Vegan;#CafeVibes,371,175,63,Toronto Canada,Neutral,0.22
12600,2026-03-02 16:29:15,USR_3599,user_205,Market volatility is extremely high today. Make sure to manage your risks carefully.,#Crypto;#Finance;#Trading,299,171,59,New York USA,Neutral,-0.09
12601,2026-03-02 16:30:00,USR_3600,user_206,Morning 10k run completed! Feeling energized and ready to tackle the week ahead.,#Fitness;#RunnersHigh;#Health,231,105,43,Chicago USA,Positive,0.93
12602,2026-03-02 16:30:45,USR_3601,user_207,The movie trailer released today looks completely underwhelming. Expectations ruined.,#MovieNews;#CinemaFail,141,33,56,Los Angeles USA,Negative,-0.72
12603,2026-03-02 16:31:30,USR_3602,user_208,Landing in Tokyo! Super excited to explore the vibrant street food and culture.,#Travel;#Japan;#Wanderlust,176,66,43,Tokyo Japan,Positive,0.96
12604,2026-03-02 16:32:15,USR_3603,user_209,Large language models are transforming modern data processing workflows rapidly.,#AI;#MachineLearning;#BigData,339,112,19,Boston USA,Positive,0.71
12605,2026-03-02 16:33:00,USR_3604,user_210,Servers are down again during the tournament. Extremely frustrating update!,#Gaming;#ServerDown;#Esports,385,123,40,Austin USA,Negative,-0.86
12606,2026-03-02 16:33:45,USR_3605,user_211,Attended the annual cloud computing conference. So many great insights on distributed systems.,#CloudComputing;#DevOps;#TechConference,531,169,40,Seattle USA,Positive,0.87
12607,2026-03-02 16:34:30,USR_3606,user_212,Flight got canceled last minute without any reasonable explanation. Very disappointing service.,#AirlineFail;#TravelProblems,239,91,24,Atlanta USA,Negative,-0.94
12608,2026-03-02 16:35:15,USR_3607,user_213,Started reading a new science fiction novel. The plot is turning out to be super captivating.,#Books;#SciFi;#ReadingList,264,154,12,London UK,Positive,0.73
12609,2026-03-02 16:36:00,USR_3608,user_214,Electric vehicles are becoming more affordable and accessible every year.,#EV;#Automotive;#CleanEnergy,242,102,45,Berlin Germany,Positive,0.64
12610,2026-03-02 16:36:45,USR_3609,user_215,Heavy rain and flooding reported across the southern district. Stay safe everyone!,#WeatherAlert;#SafetyFirst,605,106,31,Mumbai India,Negative,-0.35
12611,2026-03-02 16:37:30,USR_3610,user_216,Upgraded to the new smartphone today! The camera speed and display are absolutely incredible.,#Tech;#NewPhone;#TechTrends,199,115,47,San Francisco USA,Positive,0.91
12612,2026-03-02 16:38:15,USR_3611,user_217,Public transit delayed for the third time this week. Terrible service during peak hours!,#TransitFail;#CityLife,226,81,19,London UK,Negative,-0.69
12613,2026-03-02 16:39:00,USR_3612,user_218,Switching to solar energy for our home. The installation was smooth and efficient.,#GoGreen;#SolarEnergy;#Sustainability,366,104,25,Sydney Australia,Positive,0.79
12614,2026-03-02 16:39:45,USR_3613,user_219,"Tried the new vegan cafe downtown. Food was average, but the iced coffee was good.",#Foodie;#Vegan;#CafeVibes,309,159,42,Toronto Canada,Neutral,0.14
12615,2026-03-02 16:40:30,USR_3614,user_220,Market volatility is extremely high today. Make sure to manage your risks carefully.,#Crypto;#Finance;#Trading,582,153,24,New York USA,Neutral,-0.12
12616,2026-03-02 16:41:15,USR_3615,user_221,Morning 10k run completed! Feeling energized and ready to tackle the week ahead.,#Fitness;#RunnersHigh;#Health,353,105,16,Chicago USA,Positive,0.87
12617,2026-03-02 16:42:00,USR_3616,user_222,The movie trailer released today looks completely underwhelming. Expectations ruined.,#MovieNews;#CinemaFail,194,141,67,Los Angeles USA,Negative,-0.71
12618,2026-03-02 16:42:45,USR_3617,user_223,Landing in Tokyo! Super excited to explore the vibrant street food and culture.,#Travel;#Japan;#Wanderlust,431,58,24,Tokyo Japan,Positive,0.93
12619,2026-03-02 16:43:30,USR_3618,user_224,Large language models are transforming modern data processing workflows rapidly.,#AI;#MachineLearning;#BigData,193,169,53,Boston USA,Positive,0.67
12620,2026-03-02 16:44:15,USR_3619,user_225,Servers are down again during the tournament. Extremely frustrating update!,#Gaming;#ServerDown;#Esports,515,78,62,Austin USA,Negative,-0.89
12621,2026-03-02 16:45:00,USR_3620,user_226,Attended the annual cloud computing conference. So many great insights on distributed systems.,#CloudComputing;#DevOps;#TechConference,571,136,44,Seattle USA,Positive,0.83
12622,2026-03-02 16:45:45,USR_3621,user_227,Flight got canceled last minute without any reasonable explanation. Very disappointing service.,#AirlineFail;#TravelProblems,181,189,36,Atlanta USA,Negative,-0.96
12623,2026-03-02 16:46:30,USR_3622,user_228,Started reading a new science fiction novel. The plot is turning out to be super captivating.,#Books;#SciFi;#ReadingList,219,108,13,London UK,Positive,0.82
12624,2026-03-02 16:47:15,USR_3623,user_229,Electric vehicles are becoming more affordable and accessible every year.,#EV;#Automotive;#CleanEnergy,466,112,40,Berlin Germany,Positive,0.67
12625,2026-03-02 16:48:00,USR_3624,user_230,Heavy rain and flooding reported across the southern district. Stay safe everyone!,#WeatherAlert;#SafetyFirst,294,100,33,Mumbai India,Negative,-0.38
12626,2026-03-02 16:48:45,USR_3625,user_231,Upgraded to the new smartphone today! The camera speed and display are absolutely incredible.,#Tech;#NewPhone;#TechTrends,245,127,47,San Francisco USA,Positive,0.77
12627,2026-03-02 16:49:30,USR_3626,user_232,Public transit delayed for the third time this week. Terrible service during peak hours!,#TransitFail;#CityLife,595,122,31,London UK,Negative,-0.75
12628,2026-03-02 16:50:15,USR_3627,user_233,Switching to solar energy for our home. The installation was smooth and efficient.,#GoGreen;#SolarEnergy;#Sustainability,202,96,32,Sydney Australia,Positive,0.84
12629,2026-03-02 16:51:00,USR_3628,user_234,"Tried the new vegan cafe downtown. Food was average, but the iced coffee was good.",#Foodie;#Vegan;#CafeVibes,608,147,28,Toronto Canada,Neutral,0.09
12630,2026-03-02 16:51:45,USR_3629,user_235,Market volatility is extremely high today. Make sure to manage your risks carefully.,#Crypto;#Finance;#Trading,453,99,35,New York USA,Neutral,-0.06
12631,2026-03-02 16:52:30,USR_3630,user_236,Morning 10k run completed! Feeling energized and ready to tackle the week ahead.,#Fitness;#RunnersHigh;#Health,268,76,30,Chicago USA,Positive,0.86
12632,2026-03-02 16:53:15,USR_3631,user_237,The movie trailer released today looks completely underwhelming. Expectations ruined.,#MovieNews;#CinemaFail,274,154,57,Los Angeles USA,Negative,-0.64
12633,2026-03-02 16:54:00,USR_3632,user_238,Landing in Tokyo! Super excited to explore the vibrant street food and culture.,#Travel;#Japan;#Wanderlust,145,41,15,Tokyo Japan,Positive,0.99
12634,2026-03-02 16:54:45,USR_3633,user_239,Large language models are transforming modern data processing workflows rapidly.,#AI;#MachineLearning;#BigData,210,170,34,Boston USA,Positive,0.69
12635,2026-03-02 16:55:30,USR_3634,user_240,Servers are down again during the tournament. Extremely frustrating update!,#Gaming;#ServerDown;#Esports,167,65,22,Austin USA,Negative,-0.81
12636,2026-03-02 16:56:15,USR_3635,user_241,Attended the annual cloud computing conference. So many great insights on distributed systems.,#CloudComputing;#DevOps;#TechConference,633,77,41,Seattle USA,Positive,0.88
12637,2026-03-02 16:57:00,USR_3636,user_242,Flight got canceled last minute without any reasonable explanation. Very disappointing service.,#AirlineFail;#TravelProblems,495,61,48,Atlanta USA,Negative,-0.88
12638,2026-03-02 16:57:45,USR_3637,user_243,Started reading a new science fiction novel. The plot is turning out to be super captivating.,#Books;#SciFi;#ReadingList,292,135,29,London UK,Positive,0.69
12639,2026-03-02 16:58:30,USR_3638,user_244,Electric vehicles are becoming more affordable and accessible every year.,#EV;#Automotive;#CleanEnergy,447,187,49,Berlin Germany,Positive,0.7
12640,2026-03-02 16:59:15,USR_3639,user_245,Heavy rain and flooding reported across the southern district. Stay safe everyone!,#WeatherAlert;#SafetyFirst,633,176,52,Mumbai India,Negative,-0.37
12641,2026-03-02 17:00:00,USR_3640,user_246,Upgraded to the new smartphone today! The camera speed and display are absolutely incredible.,#Tech;#NewPhone;#TechTrends,630,70,27,San Francisco USA,Positive,0.77
12642,2026-03-02 17:00:45,USR_3641,user_247,Public transit delayed for the third time this week. Terrible service during peak hours!,#TransitFail;#CityLife,400,88,43,London UK,Negative,-0.69
12643,2026-03-02 17:01:30,USR_3642,user_248,Switching to solar energy for our home. The installation was smooth and efficient.,#GoGreen;#SolarEnergy;#Sustainability,232,144,45,Sydney Australia,Positive,0.81
12644,2026-03-02 17:02:15,USR_3643,user_249,"Tried the new vegan cafe downtown. Food was average, but the iced coffee was good.",#Foodie;#Vegan;#CafeVibes,373,107,29,Toronto Canada,Neutral,0.21
12645,2026-03-02 17:03:00,USR_3644,user_250,Market volatility is extremely high today. Make sure to manage your risks carefully.,#Crypto;#Finance;#Trading,227,113,52,New York USA,Neutral,-0.07
12646,2026-03-02 17:03:45,USR_3645,user_251,Morning 10k run completed! Feeling energized and ready to tackle the week ahead.,#Fitness;#RunnersHigh;#Health,173,181,32,Chicago USA,Positive,0.85
12647,2026-03-02 17:04:30,USR_3646,user_252,The movie trailer released today looks completely underwhelming. Expectations ruined.,#MovieNews;#CinemaFail,311,61,21,Los Angeles USA,Negative,-0.68
12648,2026-03-02 17:05:15,USR_3647,user_253,Landing in Tokyo! Super excited to explore the vibrant street food and culture.,#Travel;#Japan;#Wanderlust,467,49,21,Tokyo Japan,Positive,0.95
12649,2026-03-02 17:06:00,USR_3648,user_254,Large language models are transforming modern data processing workflows rapidly.,#AI;#MachineLearning;#BigData,539,143,53,Boston USA,Positive,0.69
12650,2026-03-02 17:06:45,USR_3649,user_255,Servers are down again during the tournament. Extremely frustrating update!,#Gaming;#ServerDown;#Esports,582,51,28,Austin USA,Negative,-0.82
12651,2026-03-02 17:07:30,USR_3650,user_256,Attended the annual cloud computing conference. So many great insights on distributed systems.,#CloudComputing;#DevOps;#TechConference,189,100,22,Seattle USA,Positive,0.8
12652,2026-03-02 17:08:15,USR_3651,user_257,Flight got canceled last minute without any reasonable explanation. Very disappointing service.,#AirlineFail;#TravelProblems,222,120,61,Atlanta USA,Negative,-0.87
12653,2026-03-02 17:09:00,USR_3652,user_258,Started reading a new science fiction novel. The plot is turning out to be super captivating.,#Books;#SciFi;#ReadingList,377,167,24,London UK,Positive,0.69
12654,2026-03-02 17:09:45,USR_3653,user_259,Electric vehicles are becoming more affordable and accessible every year.,#EV;#Automotive;#CleanEnergy,599,166,44,Berlin Germany,Positive,0.76
12655,2026-03-02 17:10:30,USR_3654,user_260,Heavy rain and flooding reported across the southern district. Stay safe everyone!,#WeatherAlert;#SafetyFirst,195,84,19,Mumbai India,Negative,-0.48
12656,2026-03-02 17:11:15,USR_3655,user_261,Upgraded to the new smartphone today! The camera speed and display are absolutely incredible.,#Tech;#NewPhone;#TechTrends,277,72,50,San Francisco USA,Positive,0.77
12657,2026-03-02 17:12:00,USR_3656,user_262,Public transit delayed for the third time this week. Terrible service during peak hours!,#TransitFail;#CityLife,514,152,56,London UK,Negative,-0.78
12658,2026-03-02 17:12:45,USR_3657,user_263,Switching to solar energy for our home. The installation was smooth and efficient.,#GoGreen;#SolarEnergy;#Sustainability,631,163,38,Sydney Australia,Positive,0.78
12659,2026-03-02 17:13:30,USR_3658,user_264,"Tried the new vegan cafe downtown. Food was average, but the iced coffee was good.",#Foodie;#Vegan;#CafeVibes,478,101,19,Toronto Canada,Neutral,0.19
12660,2026-03-02 17:14:15,USR_3659,user_265,Market volatility is extremely high today. Make sure to manage your risks carefully.,#Crypto;#Finance;#Trading,351,108,48,New York USA,Neutral,-0.12
12661,2026-03-02 17:15:00,USR_3660,user_266,Morning 10k run completed! Feeling energized and ready to tackle the week ahead.,#Fitness;#RunnersHigh;#Health,337,145,17,Chicago USA,Positive,0.96
12662,2026-03-02 17:15:45,USR_3661,user_267,The movie trailer released today looks completely underwhelming. Expectations ruined.,#MovieNews;#CinemaFail,367,101,66,Los Angeles USA,Negative,-0.65
12663,2026-03-02 17:16:30,USR_3662,user_268,Landing in Tokyo! Super excited to explore the vibrant street food and culture.,#Travel;#Japan;#Wanderlust,459,114,56,Tokyo Japan,Positive,1.0
12664,2026-03-02 17:17:15,USR_3663,user_269,Large language models are transforming modern data processing workflows rapidly.,#AI;#MachineLearning;#BigData,152,86,33,Boston USA,Positive,0.73
12665,2026-03-02 17:18:00,USR_3664,user_270,Servers are down again during the tournament. Extremely frustrating update!,#Gaming;#ServerDown;#Esports,215,134,57,Austin USA,Negative,-0.85
12666,2026-03-02 17:18:45,USR_3665,user_271,Attended the annual cloud computing conference. So many great insights on distributed systems.,#CloudComputing;#DevOps;#TechConference,617,126,35,Seattle USA,Positive,0.8
12667,2026-03-02 17:19:30,USR_3666,user_272,Flight got canceled last minute without any reasonable explanation. Very disappointing service.,#AirlineFail;#TravelProblems,186,161,56,Atlanta USA,Negative,-0.81
12668,2026-03-02 17:20:15,USR_3667,user_273,Started reading a new science fiction novel. The plot is turning out to be super captivating.,#Books;#SciFi;#ReadingList,185,62,36,London UK,Positive,0.72
12669,2026-03-02 17:21:00,USR_3668,user_274,Electric vehicles are becoming more affordable and accessible every year.,#EV;#Automotive;#CleanEnergy,463,167,56,Berlin Germany,Positive,0.73
12670,2026-03-02 17:21:45,USR_3669,user_275,Heavy rain and flooding reported across the southern district. Stay safe everyone!,#WeatherAlert;#SafetyFirst,282,142,46,Mumbai India,Negative,-0.35
12671,2026-03-02 17:22:30,USR_3670,user_276,Upgraded to the new smartphone today! The camera speed and display are absolutely incredible.,#Tech;#NewPhone;#TechTrends,428,58,36,San Francisco USA,Positive,0.82
12672,2026-03-02 17:23:15,USR_3671,user_277,Public transit delayed for the third time this week. Terrible service during peak hours!,#TransitFail;#CityLife,595,147,16,London UK,Negative,-0.75
12673,2026-03-02 17:24:00,USR_3672,user_278,Switching to solar energy for our home. The installation was smooth and efficient.,#GoGreen;#SolarEnergy;#Sustainability,201,186,43,Sydney Australia,Positive,0.84
12674,2026-03-02 17:24:45,USR_3673,user_279,"Tried the new vegan cafe downtown. Food was average, but the iced coffee was good.",#Foodie;#Vegan;#CafeVibes,377,91,35,Toronto Canada,Neutral,0.17
12675,2026-03-02 17:25:30,USR_3674,user_280,Market volatility is extremely high today. Make sure to manage your risks carefully.,#Crypto;#Finance;#Trading,253,184,26,New York USA,Neutral,-0.07
12676,2026-03-02 17:26:15,USR_3675,user_281,Morning 10k run completed! Feeling energized and ready to tackle the week ahead.,#Fitness;#RunnersHigh;#Health,299,114,25,Chicago USA,Positive,0.88
12677,2026-03-02 17:27:00,USR_3676,user_282,The movie trailer released today looks completely underwhelming. Expectations ruined.,#MovieNews;#CinemaFail,218,53,46,Los Angeles USA,Negative,-0.58
12678,2026-03-02 17:27:45,USR_3677,user_283,Landing in Tokyo! Super excited to explore the vibrant street food and culture.,#Travel;#Japan;#Wanderlust,651,122,27,Tokyo Japan,Positive,0.97
12679,2026-03-02 17:28:30,USR_3678,user_284,Large language models are transforming modern data processing workflows rapidly.,#AI;#MachineLearning;#BigData,314,75,54,Boston USA,Positive,0.7
12680,2026-03-02 17:29:15,USR_3679,user_285,Servers are down again during the tournament. Extremely frustrating update!,#Gaming;#ServerDown;#Esports,419,195,33,Austin USA,Negative,-0.83
12681,2026-03-02 17:30:00,USR_3680,user_286,Attended the annual cloud computing conference. So many great insights on distributed systems.,#CloudComputing;#DevOps;#TechConference,503,107,38,Seattle USA,Positive,0.76
12682,2026-03-02 17:30:45,USR_3681,user_287,Flight got canceled last minute without any reasonable explanation. Very disappointing service.,#AirlineFail;#TravelProblems,550,163,44,Atlanta USA,Negative,-0.81
12683,2026-03-02 17:31:30,USR_3682,user_288,Started reading a new science fiction novel. The plot is turning out to be super captivating.,#Books;#SciFi;#ReadingList,421,118,43,London UK,Positive,0.8
12684,2026-03-02 17:32:15,USR_3683,user_289,Electric vehicles are becoming more affordable and accessible every year.,#EV;#Automotive;#CleanEnergy,534,75,35,Berlin Germany,Positive,0.7
12685,2026-03-02 17:33:00,USR_3684,user_290,Heavy rain and flooding reported across the southern district. Stay safe everyone!,#WeatherAlert;#SafetyFirst,266,68,59,Mumbai India,Negative,-0.47
12686,2026-03-02 17:33:45,USR_3685,user_291,Upgraded to the new smartphone today! The camera speed and display are absolutely incredible.,#Tech;#NewPhone;#TechTrends,225,142,32,San Francisco USA,Positive,0.83
12687,2026-03-02 17:34:30,USR_3686,user_292,Public transit delayed for the third time this week. Terrible service during peak hours!,#TransitFail;#CityLife,312,46,67,London UK,Negative,-0.73
12688,2026-03-02 17:35:15,USR_3687,user_293,Switching to solar energy for our home. The installation was smooth and efficient.,#GoGreen;#SolarEnergy;#Sustainability,393,142,38,Sydney Australia,Positive,0.8
12689,2026-03-02 17:36:00,USR_3688,user_294,"Tried the new vegan cafe downtown. Food was average, but the iced coffee was good.",#Foodie;#Vegan;#CafeVibes,573,89,45,Toronto Canada,Neutral,0.14
12690,2026-03-02 17:36:45,USR_3689,user_295,Market volatility is extremely high today. Make sure to manage your risks carefully.,#Crypto;#Finance;#Trading,155,166,65,New York USA,Neutral,-0.13
12691,2026-03-02 17:37:30,USR_3690,user_296,Morning 10k run completed! Feeling energized and ready to tackle the week ahead.,#Fitness;#RunnersHigh;#Health,305,168,17,Chicago USA,Positive,0.89
12692,2026-03-02 17:38:15,USR_3691,user_297,The movie trailer released today looks completely underwhelming. Expectations ruined.,#MovieNews;#CinemaFail,483,112,17,Los Angeles USA,Negative,-0.58
12693,2026-03-02 17:39:00,USR_3692,user_298,Landing in Tokyo! Super excited to explore the vibrant street food and culture.,#Travel;#Japan;#Wanderlust,591,127,62,Tokyo Japan,Positive,1.0
12694,2026-03-02 17:39:45,USR_3693,user_299,Large language models are transforming modern data processing workflows rapidly.,#AI;#MachineLearning;#BigData,304,91,67,Boston USA,Positive,0.73
12695,2026-03-02 17:40:30,USR_3694,user_300,Servers are down again during the tournament. Extremely frustrating update!,#Gaming;#ServerDown;#Esports,189,35,52,Austin USA,Negative,-0.74
12696,2026-03-02 17:41:15,USR_3695,user_301,Attended the annual cloud computing conference. So many great insights on distributed systems.,#CloudComputing;#DevOps;#TechConference,332,88,55,Seattle USA,Positive,0.79
12697,2026-03-02 17:42:00,USR_3696,user_302,Flight got canceled last minute without any reasonable explanation. Very disappointing service.,#AirlineFail;#TravelProblems,404,151,76,Atlanta USA,Negative,-0.94
12698,2026-03-02 17:42:45,USR_3697,user_303,Started reading a new science fiction novel. The plot is turning out to be super captivating.,#Books;#SciFi;#ReadingList,218,96,14,London UK,Positive,0.8
12699,2026-03-02 17:43:30,USR_3698,user_304,Electric vehicles are becoming more affordable and accessible every year.,#EV;#Automotive;#CleanEnergy,244,83,16,Berlin Germany,Positive,0.7
12700,2026-03-02 17:44:15,USR_3699,user_305,Heavy rain and flooding reported across the southern district. Stay safe everyone!,#WeatherAlert;#SafetyFirst,305,71,63,Mumbai India,Negative,-0.35
12701,2026-03-02 17:45:00,USR_3700,user_306,Upgraded to the new smartphone today! The camera speed and display are absolutely incredible.,#Tech;#NewPhone;#TechTrends,610,83,22,San Francisco USA,Positive,0.89
12702,2026-03-02 17:45:45,USR_3701,user_307,Public transit delayed for the third time this week. Terrible service during peak hours!,#TransitFail;#CityLife,566,47,50,London UK,Negative,-0.73
12703,2026-03-02 17:46:30,USR_3702,user_308,Switching to solar energy for our home. The installation was smooth and efficient.,#GoGreen;#SolarEnergy;#Sustainability,498,170,58,Sydney Australia,Positive,0.75
12704,2026-03-02 17:47:15,USR_3703,user_309,"Tried the new vegan cafe downtown. Food was average, but the iced coffee was good.",#Foodie;#Vegan;#CafeVibes,576,165,65,Toronto Canada,Neutral,0.18
12705,2026-03-02 17:48:00,USR_3704,user_310,Market volatility is extremely high today. Make sure to manage your risks carefully.,#Crypto;#Finance;#Trading,516,54,41,New York USA,Neutral,0.03
12706,2026-03-02 17:48:45,USR_3705,user_311,Morning 10k run completed! Feeling energized and ready to tackle the week ahead.,#Fitness;#RunnersHigh;#Health,551,92,35,Chicago USA,Positive,0.92
12707,2026-03-02 17:49:30,USR_3706,user_312,The movie trailer released today looks completely underwhelming. Expectations ruined.,#MovieNews;#CinemaFail,357,88,27,Los Angeles USA,Negative,-0.68
12708,2026-03-02 17:50:15,USR_3707,user_313,Landing in Tokyo! Super excited to explore the vibrant street food and culture.,#Travel;#Japan;#Wanderlust,270,180,28,Tokyo Japan,Positive,0.92
12709,2026-03-02 17:51:00,USR_3708,user_314,Large language models are transforming modern data processing workflows rapidly.,#AI;#MachineLearning;#BigData,403,164,20,Boston USA,Positive,0.66
12710,2026-03-02 17:51:45,USR_3709,user_315,Servers are down again during the tournament. Extremely frustrating update!,#Gaming;#ServerDown;#Esports,498,114,41,Austin USA,Negative,-0.85
12711,2026-03-02 17:52:30,USR_3710,user_316,Attended the annual cloud computing conference. So many great insights on distributed systems.,#CloudComputing;#DevOps;#TechConference,198,129,54,Seattle USA,Positive,0.89
12712,2026-03-02 17:53:15,USR_3711,user_317,Flight got canceled last minute without any reasonable explanation. Very disappointing service.,#AirlineFail;#TravelProblems,572,91,62,Atlanta USA,Negative,-0.84
12713,2026-03-02 17:54:00,USR_3712,user_318,Started reading a new science fiction novel. The plot is turning out to be super captivating.,#Books;#SciFi;#ReadingList,275,109,17,London UK,Positive,0.76
12714,2026-03-02 17:54:45,USR_3713,user_319,Electric vehicles are becoming more affordable and accessible every year.,#EV;#Automotive;#CleanEnergy,425,91,52,Berlin Germany,Positive,0.65
12715,2026-03-02 17:55:30,USR_3714,user_320,Heavy rain and flooding reported across the southern district. Stay safe everyone!,#WeatherAlert;#SafetyFirst,521,119,65,Mumbai India,Negative,-0.45
12716,2026-03-02 17:56:15,USR_3715,user_321,Upgraded to the new smartphone today! The camera speed and display are absolutely incredible.,#Tech;#NewPhone;#TechTrends,579,188,50,San Francisco USA,Positive,0.79
12717,2026-03-02 17:57:00,USR_3716,user_322,Public transit delayed for the third time this week. Terrible service during peak hours!,#TransitFail;#CityLife,419,116,64,London UK,Negative,-0.77
12718,2026-03-02 17:57:45,USR_3717,user_323,Switching to solar energy for our home. The installation was smooth and efficient.,#GoGreen;#SolarEnergy;#Sustainability,423,132,29,Sydney Australia,Positive,0.71
12719,2026-03-02 17:58:30,USR_3718,user_324,"Tried the new vegan cafe downtown. Food was average, but the iced coffee was good.",#Foodie;#Vegan;#CafeVibes,503,175,25,Toronto Canada,Neutral,0.15
12720,2026-03-02 17:59:15,USR_3719,user_325,Market volatility is extremely high today. Make sure to manage your risks carefully.,#Crypto;#Finance;#Trading,630,113,25,New York USA,Neutral,0.01
12721,2026-03-02 18:00:00,USR_3720,user_326,Morning 10k run completed! Feeling energized and ready to tackle the week ahead.,#Fitness;#RunnersHigh;#Health,560,114,41,Chicago USA,Positive,0.9
12722,2026-03-02 18:00:45,USR_3721,user_327,The movie trailer released today looks completely underwhelming. Expectations ruined.,#MovieNews;#CinemaFail,470,112,19,Los Angeles USA,Negative,-0.68
12723,2026-03-02 18:01:30,USR_3722,user_328,Landing in Tokyo! Super excited to explore the vibrant street food and culture.,#Travel;#Japan;#Wanderlust,638,126,39,Tokyo Japan,Positive,0.95
12724,2026-03-02 18:02:15,USR_3723,user_329,Large language models are transforming modern data processing workflows rapidly.,#AI;#MachineLearning;#BigData,519,86,13,Boston USA,Positive,0.68
12725,2026-03-02 18:03:00,USR_3724,user_330,Servers are down again during the tournament. Extremely frustrating update!,#Gaming;#ServerDown;#Esports,539,153,41,Austin USA,Negative,-0.74
12726,2026-03-02 18:03:45,USR_3725,user_331,Attended the annual cloud computing conference. So many great insights on distributed systems.,#CloudComputing;#DevOps;#TechConference,230,160,40,Seattle USA,Positive,0.86
12727,2026-03-02 18:04:30,USR_3726,user_332,Flight got canceled last minute without any reasonable explanation. Very disappointing service.,#AirlineFail;#TravelProblems,178,39,29,Atlanta USA,Negative,-0.92
12728,2026-03-02 18:05:15,USR_3727,user_333,Started reading a new science fiction novel. The plot is turning out to be super captivating.,#Books;#SciFi;#ReadingList,391,78,63,London UK,Positive,0.68
12729,2026-03-02 18:06:00,USR_3728,user_334,Electric vehicles are becoming more affordable and accessible every year.,#EV;#Automotive;#CleanEnergy,610,186,59,Berlin Germany,Positive,0.73
12730,2026-03-02 18:06:45,USR_3729,user_335,Heavy rain and flooding reported across the southern district. Stay safe everyone!,#WeatherAlert;#SafetyFirst,137,36,49,Mumbai India,Negative,-0.33
12731,2026-03-02 18:07:30,USR_3730,user_336,Upgraded to the new smartphone today! The camera speed and display are absolutely incredible.,#Tech;#NewPhone;#TechTrends,581,137,38,San Francisco USA,Positive,0.87
12732,2026-03-02 18:08:15,USR_3731,user_337,Public transit delayed for the third time this week. Terrible service during peak hours!,#TransitFail;#CityLife,175,159,30,London UK,Negative,-0.69
12733,2026-03-02 18:09:00,USR_3732,user_338,Switching to solar energy for our home. The installation was smooth and efficient.,#GoGreen;#SolarEnergy;#Sustainability,449,99,60,Sydney Australia,Positive,0.83
12734,2026-03-02 18:09:45,USR_3733,user_339,"Tried the new vegan cafe downtown. Food was average, but the iced coffee was good.",#Foodie;#Vegan;#CafeVibes,208,87,43,Toronto Canada,Neutral,0.11
12735,2026-03-02 18:10:30,USR_3734,user_340,Market volatility is extremely high today. Make sure to manage your risks carefully.,#Crypto;#Finance;#Trading,248,70,39,New York USA,Neutral,-0.04
12736,2026-03-02 18:11:15,USR_3735,user_341,Morning 10k run completed! Feeling energized and ready to tackle the week ahead.,#Fitness;#RunnersHigh;#Health,390,143,30,Chicago USA,Positive,0.89
12737,2026-03-02 18:12:00,USR_3736,user_342,The movie trailer released today looks completely underwhelming. Expectations ruined.,#MovieNews;#CinemaFail,503,102,58,Los Angeles USA,Negative,-0.64
12738,2026-03-02 18:12:45,USR_3737,user_343,Landing in Tokyo! Super excited to explore the vibrant street food and culture.,#Travel;#Japan;#Wanderlust,459,71,59,Tokyo Japan,Positive,0.92
12739,2026-03-02 18:13:30,USR_3738,user_344,Large language models are transforming modern data processing workflows rapidly.,#AI;#MachineLearning;#BigData,543,117,51,Boston USA,Positive,0.65
12740,2026-03-02 18:14:15,USR_3739,user_345,Servers are down again during the tournament. Extremely frustrating update!,#Gaming;#ServerDown;#Esports,553,62,22,Austin USA,Negative,-0.83
12741,2026-03-02 18:15:00,USR_3740,user_346,Attended the annual cloud computing conference. So many great insights on distributed systems.,#CloudComputing;#DevOps;#TechConference,626,94,40,Seattle USA,Positive,0.88
12742,2026-03-02 18:15:45,USR_3741,user_347,Flight got canceled last minute without any reasonable explanation. Very disappointing service.,#AirlineFail;#TravelProblems,343,131,12,Atlanta USA,Negative,-0.93
12743,2026-03-02 18:16:30,USR_3742,user_348,Started reading a new science fiction novel. The plot is turning out to be super captivating.,#Books;#SciFi;#ReadingList,255,169,11,London UK,Positive,0.71
12744,2026-03-02 18:17:15,USR_3743,user_349,Electric vehicles are becoming more affordable and accessible every year.,#EV;#Automotive;#CleanEnergy,424,192,31,Berlin Germany,Positive,0.74
12745,2026-03-02 18:18:00,USR_3744,user_350,Heavy rain and flooding reported across the southern district. Stay safe everyone!,#WeatherAlert;#SafetyFirst,134,129,43,Mumbai India,Negative,-0.47
12746,2026-03-02 18:18:45,USR_3745,user_351,Upgraded to the new smartphone today! The camera speed and display are absolutely incredible.,#Tech;#NewPhone;#TechTrends,598,54,54,San Francisco USA,Positive,0.9
12747,2026-03-02 18:19:30,USR_3746,user_352,Public transit delayed for the third time this week. Terrible service during peak hours!,#TransitFail;#CityLife,150,62,52,London UK,Negative,-0.67
12748,2026-03-02 18:20:15,USR_3747,user_353,Switching to solar energy for our home. The installation was smooth and efficient.,#GoGreen;#SolarEnergy;#Sustainability,438,56,57,Sydney Australia,Positive,0.8
12749,2026-03-02 18:21:00,USR_3748,user_354,"Tried the new vegan cafe downtown. Food was average, but the iced coffee was good.",#Foodie;#Vegan;#CafeVibes,244,108,17,Toronto Canada,Neutral,0.09
12750,2026-03-02 18:21:45,USR_3749,user_355,Market volatility is extremely high today. Make sure to manage your risks carefully.,#Crypto;#Finance;#Trading,426,161,30,New York USA,Neutral,-0.07
12751,2026-03-02 18:22:30,USR_3750,user_356,Morning 10k run completed! Feeling energized and ready to tackle the week ahead.,#Fitness;#RunnersHigh;#Health,447,70,20,Chicago USA,Positive,0.92
12752,2026-03-02 18:23:15,USR_3751,user_357,The movie trailer released today looks completely underwhelming. Expectations ruined.,#MovieNews;#CinemaFail,472,135,49,Los Angeles USA,Negative,-0.64
12753,2026-03-02 18:24:00,USR_3752,user_358,Landing in Tokyo! Super excited to explore the vibrant street food and culture.,#Travel;#Japan;#Wanderlust,318,144,47,Tokyo Japan,Positive,1.0
12754,2026-03-02 18:24:45,USR_3753,user_359,Large language models are transforming modern data processing workflows rapidly.,#AI;#MachineLearning;#BigData,539,182,20,Boston USA,Positive,0.68
12755,2026-03-02 18:25:30,USR_3754,user_360,Servers are down again during the tournament. Extremely frustrating update!,#Gaming;#ServerDown;#Esports,568,99,36,Austin USA,Negative,-0.78
12756,2026-03-02 18:26:15,USR_3755,user_361,Attended the annual cloud computing conference. So many great insights on distributed systems.,#CloudComputing;#DevOps;#TechConference,509,130,18,Seattle USA,Positive,0.88
12757,2026-03-02 18:27:00,USR_3756,user_362,Flight got canceled last minute without any reasonable explanation. Very disappointing service.,#AirlineFail;#TravelProblems,388,85,44,Atlanta USA,Negative,-0.89
12758,2026-03-02 18:27:45,USR_3757,user_363,Started reading a new science fiction novel. The plot is turning out to be super captivating.,#Books;#SciFi;#ReadingList,555,38,38,London UK,Positive,0.81
12759,2026-03-02 18:28:30,USR_3758,user_364,Electric vehicles are becoming more affordable and accessible every year.,#EV;#Automotive;#CleanEnergy,480,42,17,Berlin Germany,Positive,0.67
12760,2026-03-02 18:29:15,USR_3759,user_365,Heavy rain and flooding reported across the southern district. Stay safe everyone!,#WeatherAlert;#SafetyFirst,168,179,20,Mumbai India,Negative,-0.39
12761,2026-03-02 18:30:00,USR_3760,user_366,Upgraded to the new smartphone today! The camera speed and display are absolutely incredible.,#Tech;#NewPhone;#TechTrends,343,139,60,San Francisco USA,Positive,0.78
12762,2026-03-02 18:30:45,USR_3761,user_367,Public transit delayed for the third time this week. Terrible service during peak hours!,#TransitFail;#CityLife,556,125,19,London UK,Negative,-0.77
12763,2026-03-02 18:31:30,USR_3762,user_368,Switching to solar energy for our home. The installation was smooth and efficient.,#GoGreen;#SolarEnergy;#Sustainability,376,153,12,Sydney Australia,Positive,0.73
12764,2026-03-02 18:32:15,USR_3763,user_369,"Tried the new vegan cafe downtown. Food was average, but the iced coffee was good.",#Foodie;#Vegan;#CafeVibes,441,122,18,Toronto Canada,Neutral,0.22
12765,2026-03-02 18:33:00,USR_3764,user_370,Market volatility is extremely high today. Make sure to manage your risks carefully.,#Crypto;#Finance;#Trading,536,189,17,New York USA,Neutral,0.01
12766,2026-03-02 18:33:45,USR_3765,user_371,Morning 10k run completed! Feeling energized and ready to tackle the week ahead.,#Fitness;#RunnersHigh;#Health,486,103,61,Chicago USA,Positive,0.99
12767,2026-03-02 18:34:30,USR_3766,user_372,The movie trailer released today looks completely underwhelming. Expectations ruined.,#MovieNews;#CinemaFail,629,100,34,Los Angeles USA,Negative,-0.67
12768,2026-03-02 18:35:15,USR_3767,user_373,Landing in Tokyo! Super excited to explore the vibrant street food and culture.,#Travel;#Japan;#Wanderlust,374,111,61,Tokyo Japan,Positive,0.97
12769,2026-03-02 18:36:00,USR_3768,user_374,Large language models are transforming modern data processing workflows rapidly.,#AI;#MachineLearning;#BigData,387,159,37,Boston USA,Positive,0.69
12770,2026-03-02 18:36:45,USR_3769,user_375,Servers are down again during the tournament. Extremely frustrating update!,#Gaming;#ServerDown;#Esports,624,70,48,Austin USA,Negative,-0.83
12771,2026-03-02 18:37:30,USR_3770,user_376,Attended the annual cloud computing conference. So many great insights on distributed systems.,#CloudComputing;#DevOps;#TechConference,528,67,41,Seattle USA,Positive,0.76
12772,2026-03-02 18:38:15,USR_3771,user_377,Flight got canceled last minute without any reasonable explanation. Very disappointing service.,#AirlineFail;#TravelProblems,292,134,38,Atlanta USA,Negative,-0.83
12773,2026-03-02 18:39:00,USR_3772,user_378,Started reading a new science fiction novel. The plot is turning out to be super captivating.,#Books;#SciFi;#ReadingList,420,148,34,London UK,Positive,0.79
12774,2026-03-02 18:39:45,USR_3773,user_379,Electric vehicles are becoming more affordable and accessible every year.,#EV;#Automotive;#CleanEnergy,498,43,28,Berlin Germany,Positive,0.73
12775,2026-03-02 18:40:30,USR_3774,user_380,Heavy rain and flooding reported across the southern district. Stay safe everyone!,#WeatherAlert;#SafetyFirst,570,46,61,Mumbai India,Negative,-0.34
12776,2026-03-02 18:41:15,USR_3775,user_381,Upgraded to the new smartphone today! The camera speed and display are absolutely incredible.,#Tech;#NewPhone;#TechTrends,170,60,19,San Francisco USA,Positive,0.87
12777,2026-03-02 18:42:00,USR_3776,user_382,Public transit delayed for the third time this week. Terrible service during peak hours!,#TransitFail;#CityLife,366,86,34,London UK,Negative,-0.64
12778,2026-03-02 18:42:45,USR_3777,user_383,Switching to solar energy for our home. The installation was smooth and efficient.,#GoGreen;#SolarEnergy;#Sustainability,263,183,41,Sydney Australia,Positive,0.81
12779,2026-03-02 18:43:30,USR_3778,user_384,"Tried the new vegan cafe downtown. Food was average, but the iced coffee was good.",#Foodie;#Vegan;#CafeVibes,246,88,23,Toronto Canada,Neutral,0.16
12780,2026-03-02 18:44:15,USR_3779,user_385,Market volatility is extremely high today. Make sure to manage your risks carefully.,#Crypto;#Finance;#Trading,578,50,29,New York USA,Neutral,-0.01
12781,2026-03-02 18:45:00,USR_3780,user_386,Morning 10k run completed! Feeling energized and ready to tackle the week ahead.,#Fitness;#RunnersHigh;#Health,176,113,39,Chicago USA,Positive,0.92
12782,2026-03-02 18:45:45,USR_3781,user_387,The movie trailer released today looks completely underwhelming. Expectations ruined.,#MovieNews;#CinemaFail,241,91,16,Los Angeles USA,Negative,-0.65
12783,2026-03-02 18:46:30,USR_3782,user_388,Landing in Tokyo! Super excited to explore the vibrant street food and culture.,#Travel;#Japan;#Wanderlust,473,157,60,Tokyo Japan,Positive,0.97
12784,2026-03-02 18:47:15,USR_3783,user_389,Large language models are transforming modern data processing workflows rapidly.,#AI;#MachineLearning;#BigData,165,164,37,Boston USA,Positive,0.72
12785,2026-03-02 18:48:00,USR_3784,user_390,Servers are down again during the tournament. Extremely frustrating update!,#Gaming;#ServerDown;#Esports,592,144,16,Austin USA,Negative,-0.84
12786,2026-03-02 18:48:45,USR_3785,user_391,Attended the annual cloud computing conference. So many great insights on distributed systems.,#CloudComputing;#DevOps;#TechConference,587,65,63,Seattle USA,Positive,0.82
12787,2026-03-02 18:49:30,USR_3786,user_392,Flight got canceled last minute without any reasonable explanation. Very disappointing service.,#AirlineFail;#TravelProblems,548,53,61,Atlanta USA,Negative,-0.91
12788,2026-03-02 18:50:15,USR_3787,user_393,Started reading a new science fiction novel. The plot is turning out to be super captivating.,#Books;#SciFi;#ReadingList,521,118,27,London UK,Positive,0.7
12789,2026-03-02 18:51:00,USR_3788,user_394,Electric vehicles are becoming more affordable and accessible every year.,#EV;#Automotive;#CleanEnergy,536,44,43,Berlin Germany,Positive,0.63
12790,2026-03-02 18:51:45,USR_3789,user_395,Heavy rain and flooding reported across the southern district. Stay safe everyone!,#WeatherAlert;#SafetyFirst,425,191,47,Mumbai India,Negative,-0.47
12791,2026-03-02 18:52:30,USR_3790,user_396,Upgraded to the new smartphone today! The camera speed and display are absolutely incredible.,#Tech;#NewPhone;#TechTrends,365,65,36,San Francisco USA,Positive,0.85
12792,2026-03-02 18:53:15,USR_3791,user_397,Public transit delayed for the third time this week. Terrible service during peak hours!,#TransitFail;#CityLife,406,109,59,London UK,Negative,-0.74
12793,2026-03-02 18:54:00,USR_3792,user_398,Switching to solar energy for our home. The installation was smooth and efficient.,#GoGreen;#SolarEnergy;#Sustainability,430,83,65,Sydney Australia,Positive,0.83
12794,2026-03-02 18:54:45,USR_3793,user_399,"Tried the new vegan cafe downtown. Food was average, but the iced coffee was good.",#Foodie;#Vegan;#CafeVibes,233,114,65,Toronto Canada,Neutral,0.13
12795,2026-03-02 18:55:30,USR_3794,user_400,Market volatility is extremely high today. Make sure to manage your risks carefully.,#Crypto;#Finance;#Trading,318,74,25,New York USA,Neutral,-0.08
12796,2026-03-02 18:56:15,USR_3795,user_401,Morning 10k run completed! Feeling energized and ready to tackle the week ahead.,#Fitness;#RunnersHigh;#Health,317,131,50,Chicago USA,Positive,0.84
12797,2026-03-02 18:57:00,USR_3796,user_402,The movie trailer released today looks completely underwhelming. Expectations ruined.,#MovieNews;#CinemaFail,309,168,31,Los Angeles USA,Negative,-0.58
12798,2026-03-02 18:57:45,USR_3797,user_403,Landing in Tokyo! Super excited to explore the vibrant street food and culture.,#Travel;#Japan;#Wanderlust,313,88,34,Tokyo Japan,Positive,0.94
12799,2026-03-02 18:58:30,USR_3798,user_404,Large language models are transforming modern data processing workflows rapidly.,#AI;#MachineLearning;#BigData,514,180,48,Boston USA,Positive,0.76
12800,2026-03-02 18:59:15,USR_3799,user_405,Servers are down again during the tournament. Extremely frustrating update!,#Gaming;#ServerDown;#Esports,268,99,53,Austin USA,Negative,-0.81
12801,2026-03-02 19:00:00,USR_3800,user_406,Attended the annual cloud computing conference. So many great insights on distributed systems.,#CloudComputing;#DevOps;#TechConference,566,167,41,Seattle USA,Positive,0.85
12802,2026-03-02 19:00:45,USR_3801,user_407,Flight got canceled last minute without any reasonable explanation. Very disappointing service.,#AirlineFail;#TravelProblems,501,101,55,Atlanta USA,Negative,-0.84
12803,2026-03-02 19:01:30,USR_3802,user_408,Started reading a new science fiction novel. The plot is turning out to be super captivating.,#Books;#SciFi;#ReadingList,161,90,51,London UK,Positive,0.74
12804,2026-03-02 19:02:15,USR_3803,user_409,Electric vehicles are becoming more affordable and accessible every year.,#EV;#Automotive;#CleanEnergy,541,116,55,Berlin Germany,Positive,0.72
12805,2026-03-02 19:03:00,USR_3804,user_410,Heavy rain and flooding reported across the southern district. Stay safe everyone!,#WeatherAlert;#SafetyFirst,657,153,52,Mumbai India,Negative,-0.35
12806,2026-03-02 19:03:45,USR_3805,user_411,Upgraded to the new smartphone today! The camera speed and display are absolutely incredible.,#Tech;#NewPhone;#TechTrends,336,55,64,San Francisco USA,Positive,0.83
12807,2026-03-02 19:04:30,USR_3806,user_412,Public transit delayed for the third time this week. Terrible service during peak hours!,#TransitFail;#CityLife,250,148,42,London UK,Negative,-0.68
12808,2026-03-02 19:05:15,USR_3807,user_413,Switching to solar energy for our home. The installation was smooth and efficient.,#GoGreen;#SolarEnergy;#Sustainability,228,173,57,Sydney Australia,Positive,0.84
12809,2026-03-02 19:06:00,USR_3808,user_414,"Tried the new vegan cafe downtown. Food was average, but the iced coffee was good.",#Foodie;#Vegan;#CafeVibes,174,133,48,Toronto Canada,Neutral,0.09
12810,2026-03-02 19:06:45,USR_3809,user_415,Market volatility is extremely high today. Make sure to manage your risks carefully.,#Crypto;#Finance;#Trading,401,74,24,New York USA,Neutral,-0.07
12811,2026-03-02 19:07:30,USR_3810,user_416,Morning 10k run completed! Feeling energized and ready to tackle the week ahead.,#Fitness;#RunnersHigh;#Health,650,61,19,Chicago USA,Positive,0.97
12812,2026-03-02 19:08:15,USR_3811,user_417,The movie trailer released today looks completely underwhelming. Expectations ruined.,#MovieNews;#CinemaFail,170,69,54,Los Angeles USA,Negative,-0.71
12813,2026-03-02 19:09:00,USR_3812,user_418,Landing in Tokyo! Super excited to explore the vibrant street food and culture.,#Travel;#Japan;#Wanderlust,455,88,18,Tokyo Japan,Positive,0.96
12814,2026-03-02 19:09:45,USR_3813,user_419,Large language models are transforming modern data processing workflows rapidly.,#AI;#MachineLearning;#BigData,393,72,24,Boston USA,Positive,0.62
12815,2026-03-02 19:10:30,USR_3814,user_420,Servers are down again during the tournament. Extremely frustrating update!,#Gaming;#ServerDown;#Esports,415,176,33,Austin USA,Negative,-0.84
12816,2026-03-02 19:11:15,USR_3815,user_421,Attended the annual cloud computing conference. So many great insights on distributed systems.,#CloudComputing;#DevOps;#TechConference,634,163,68,Seattle USA,Positive,0.81
12817,2026-03-02 19:12:00,USR_3816,user_422,Flight got canceled last minute without any reasonable explanation. Very disappointing service.,#AirlineFail;#TravelProblems,483,97,49,Atlanta USA,Negative,-0.93
12818,2026-03-02 19:12:45,USR_3817,user_423,Started reading a new science fiction novel. The plot is turning out to be super captivating.,#Books;#SciFi;#ReadingList,604,128,52,London UK,Positive,0.7
12819,2026-03-02 19:13:30,USR_3818,user_424,Electric vehicles are becoming more affordable and accessible every year.,#EV;#Automotive;#CleanEnergy,334,169,53,Berlin Germany,Positive,0.78
12820,2026-03-02 19:14:15,USR_3819,user_425,Heavy rain and flooding reported across the southern district. Stay safe everyone!,#WeatherAlert;#SafetyFirst,536,114,65,Mumbai India,Negative,-0.38
12821,2026-03-02 19:15:00,USR_3820,user_426,Upgraded to the new smartphone today! The camera speed and display are absolutely incredible.,#Tech;#NewPhone;#TechTrends,264,101,48,San Francisco USA,Positive,0.84
12822,2026-03-02 19:15:45,USR_3821,user_427,Public transit delayed for the third time this week. Terrible service during peak hours!,#TransitFail;#CityLife,423,179,51,London UK,Negative,-0.66
12823,2026-03-02 19:16:30,USR_3822,user_428,Switching to solar energy for our home. The installation was smooth and efficient.,#GoGreen;#SolarEnergy;#Sustainability,304,85,39,Sydney Australia,Positive,0.81
12824,2026-03-02 19:17:15,USR_3823,user_429,"Tried the new vegan cafe downtown. Food was average, but the iced coffee was good.",#Foodie;#Vegan;#CafeVibes,332,99,56,Toronto Canada,Neutral,0.22
12825,2026-03-02 19:18:00,USR_3824,user_430,Market volatility is extremely high today. Make sure to manage your risks carefully.,#Crypto;#Finance;#Trading,192,142,66,New York USA,Neutral,-0.1
12826,2026-03-02 19:18:45,USR_3825,user_431,Morning 10k run completed! Feeling energized and ready to tackle the week ahead.,#Fitness;#RunnersHigh;#Health,457,51,33,Chicago USA,Positive,0.97
12827,2026-03-02 19:19:30,USR_3826,user_432,The movie trailer released today looks completely underwhelming. Expectations ruined.,#MovieNews;#CinemaFail,358,176,36,Los Angeles USA,Negative,-0.63
12828,2026-03-02 19:20:15,USR_3827,user_433,Landing in Tokyo! Super excited to explore the vibrant street food and culture.,#Travel;#Japan;#Wanderlust,284,94,39,Tokyo Japan,Positive,0.94
12829,2026-03-02 19:21:00,USR_3828,user_434,Large language models are transforming modern data processing workflows rapidly.,#AI;#MachineLearning;#BigData,255,61,32,Boston USA,Positive,0.72
12830,2026-03-02 19:21:45,USR_3829,user_435,Servers are down again during the tournament. Extremely frustrating update!,#Gaming;#ServerDown;#Esports,413,106,36,Austin USA,Negative,-0.76
12831,2026-03-02 19:22:30,USR_3830,user_436,Attended the annual cloud computing conference. So many great insights on distributed systems.,#CloudComputing;#DevOps;#TechConference,559,71,33,Seattle USA,Positive,0.89
12832,2026-03-02 19:23:15,USR_3831,user_437,Flight got canceled last minute without any reasonable explanation. Very disappointing service.,#AirlineFail;#TravelProblems,663,67,41,Atlanta USA,Negative,-0.88
12833,2026-03-02 19:24:00,USR_3832,user_438,Started reading a new science fiction novel. The plot is turning out to be super captivating.,#Books;#SciFi;#ReadingList,515,47,24,London UK,Positive,0.76
12834,2026-03-02 19:24:45,USR_3833,user_439,Electric vehicles are becoming more affordable and accessible every year.,#EV;#Automotive;#CleanEnergy,247,176,31,Berlin Germany,Positive,0.67
12835,2026-03-02 19:25:30,USR_3834,user_440,Heavy rain and flooding reported across the southern district. Stay safe everyone!,#WeatherAlert;#SafetyFirst,466,179,50,Mumbai India,Negative,-0.36
12836,2026-03-02 19:26:15,USR_3835,user_441,Upgraded to the new smartphone today! The camera speed and display are absolutely incredible.,#Tech;#NewPhone;#TechTrends,323,73,17,San Francisco USA,Positive,0.82
12837,2026-03-02 19:27:00,USR_3836,user_442,Public transit delayed for the third time this week. Terrible service during peak hours!,#TransitFail;#CityLife,462,175,47,London UK,Negative,-0.78
12838,2026-03-02 19:27:45,USR_3837,user_443,Switching to solar energy for our home. The installation was smooth and efficient.,#GoGreen;#SolarEnergy;#Sustainability,240,193,37,Sydney Australia,Positive,0.74
12839,2026-03-02 19:28:30,USR_3838,user_444,"Tried the new vegan cafe downtown. Food was average, but the iced coffee was good.",#Foodie;#Vegan;#CafeVibes,466,169,35,Toronto Canada,Neutral,0.1
12840,2026-03-02 19:29:15,USR_3839,user_445,Market volatility is extremely high today. Make sure to manage your risks carefully.,#Crypto;#Finance;#Trading,331,191,12,New York USA,Neutral,-0.11
12841,2026-03-02 19:30:00,USR_3840,user_446,Morning 10k run completed! Feeling energized and ready to tackle the week ahead.,#Fitness;#RunnersHigh;#Health,368,74,58,Chicago USA,Positive,0.85
12842,2026-03-02 19:30:45,USR_3841,user_447,The movie trailer released today looks completely underwhelming. Expectations ruined.,#MovieNews;#CinemaFail,603,101,40,Los Angeles USA,Negative,-0.72
12843,2026-03-02 19:31:30,USR_3842,user_448,Landing in Tokyo! Super excited to explore the vibrant street food and culture.,#Travel;#Japan;#Wanderlust,541,116,26,Tokyo Japan,Positive,1.0
12844,2026-03-02 19:32:15,USR_3843,user_449,Large language models are transforming modern data processing workflows rapidly.,#AI;#MachineLearning;#BigData,532,156,59,Boston USA,Positive,0.66
12845,2026-03-02 19:33:00,USR_3844,user_450,Servers are down again during the tournament. Extremely frustrating update!,#Gaming;#ServerDown;#Esports,481,85,20,Austin USA,Negative,-0.86
12846,2026-03-02 19:33:45,USR_3845,user_451,Attended the annual cloud computing conference. So many great insights on distributed systems.,#CloudComputing;#DevOps;#TechConference,425,68,55,Seattle USA,Positive,0.88
12847,2026-03-02 19:34:30,USR_3846,user_452,Flight got canceled last minute without any reasonable explanation. Very disappointing service.,#AirlineFail;#TravelProblems,505,77,54,Atlanta USA,Negative,-0.83
12848,2026-03-02 19:35:15,USR_3847,user_453,Started reading a new science fiction novel. The plot is turning out to be super captivating.,#Books;#SciFi;#ReadingList,173,52,13,London UK,Positive,0.77
12849,2026-03-02 19:36:00,USR_3848,user_454,Electric vehicles are becoming more affordable and accessible every year.,#EV;#Automotive;#CleanEnergy,391,58,37,Berlin Germany,Positive,0.75
12850,2026-03-02 19:36:45,USR_3849,user_455,Heavy rain and flooding reported across the southern district. Stay safe everyone!,#WeatherAlert;#SafetyFirst,615,57,35,Mumbai India,Negative,-0.4
12851,2026-03-02 19:37:30,USR_3850,user_456,Upgraded to the new smartphone today! The camera speed and display are absolutely incredible.,#Tech;#NewPhone;#TechTrends,450,71,59,San Francisco USA,Positive,0.79
12852,2026-03-02 19:38:15,USR_3851,user_457,Public transit delayed for the third time this week. Terrible service during peak hours!,#TransitFail;#CityLife,213,71,31,London UK,Negative,-0.72
12853,2026-03-02 19:39:00,USR_3852,user_458,Switching to solar energy for our home. The installation was smooth and efficient.,#GoGreen;#SolarEnergy;#Sustainability,411,121,50,Sydney Australia,Positive,0.75
12854,2026-03-02 19:39:45,USR_3853,user_459,"Tried the new vegan cafe downtown. Food was average, but the iced coffee was good.",#Foodie;#Vegan;#CafeVibes,365,113,39,Toronto Canada,Neutral,0.1
12855,2026-03-02 19:40:30,USR_3854,user_460,Market volatility is extremely high today. Make sure to manage your risks carefully.,#Crypto;#Finance;#Trading,344,117,31,New York USA,Neutral,-0.09
12856,2026-03-02 19:41:15,USR_3855,user_461,Morning 10k run completed! Feeling energized and ready to tackle the week ahead.,#Fitness;#RunnersHigh;#Health,302,156,56,Chicago USA,Positive,0.97
12857,2026-03-02 19:42:00,USR_3856,user_462,The movie trailer released today looks completely underwhelming. Expectations ruined.,#MovieNews;#CinemaFail,304,118,19,Los Angeles USA,Negative,-0.69
12858,2026-03-02 19:42:45,USR_3857,user_463,Landing in Tokyo! Super excited to explore the vibrant street food and culture.,#Travel;#Japan;#Wanderlust,184,138,45,Tokyo Japan,Positive,0.89
12859,2026-03-02 19:43:30,USR_3858,user_464,Large language models are transforming modern data processing workflows rapidly.,#AI;#MachineLearning;#BigData,366,92,63,Boston USA,Positive,0.74
12860,2026-03-02 19:44:15,USR_3859,user_465,Servers are down again during the tournament. Extremely frustrating update!,#Gaming;#ServerDown;#Esports,329,85,57,Austin USA,Negative,-0.75
12861,2026-03-02 19:45:00,USR_3860,user_466,Attended the annual cloud computing conference. So many great insights on distributed systems.,#CloudComputing;#DevOps;#TechConference,557,74,47,Seattle USA,Positive,0.87
12862,2026-03-02 19:45:45,USR_3861,user_467,Flight got canceled last minute without any reasonable explanation. Very disappointing service.,#AirlineFail;#TravelProblems,231,151,29,Atlanta USA,Negative,-0.94
12863,2026-03-02 19:46:30,USR_3862,user_468,Started reading a new science fiction novel. The plot is turning out to be super captivating.,#Books;#SciFi;#ReadingList,540,62,13,London UK,Positive,0.76
12864,2026-03-02 19:47:15,USR_3863,user_469,Electric vehicles are becoming more affordable and accessible every year.,#EV;#Automotive;#CleanEnergy,571,164,54,Berlin Germany,Positive,0.64
12865,2026-03-02 19:48:00,USR_3864,user_470,Heavy rain and flooding reported across the southern district. Stay safe everyone!,#WeatherAlert;#SafetyFirst,486,182,45,Mumbai India,Negative,-0.35
12866,2026-03-02 19:48:45,USR_3865,user_471,Upgraded to the new smartphone today! The camera speed and display are absolutely incredible.,#Tech;#NewPhone;#TechTrends,213,53,41,San Francisco USA,Positive,0.84
12867,2026-03-02 19:49:30,USR_3866,user_472,Public transit delayed for the third time this week. Terrible service during peak hours!,#TransitFail;#CityLife,379,151,27,London UK,Negative,-0.74
12868,2026-03-02 19:50:15,USR_3867,user_473,Switching to solar energy for our home. The installation was smooth and efficient.,#GoGreen;#SolarEnergy;#Sustainability,620,129,42,Sydney Australia,Positive,0.8
12869,2026-03-02 19:51:00,USR_3868,user_474,"Tried the new vegan cafe downtown. Food was average, but the iced coffee was good.",#Foodie;#Vegan;#CafeVibes,634,133,11,Toronto Canada,Neutral,0.13
12870,2026-03-02 19:51:45,USR_3869,user_475,Market volatility is extremely high today. Make sure to manage your risks carefully.,#Crypto;#Finance;#Trading,171,86,30,New York USA,Neutral,-0.07
12871,2026-03-02 19:52:30,USR_3870,user_476,Morning 10k run completed! Feeling energized and ready to tackle the week ahead.,#Fitness;#RunnersHigh;#Health,235,79,28,Chicago USA,Positive,0.95
12872,2026-03-02 19:53:15,USR_3871,user_477,The movie trailer released today looks completely underwhelming. Expectations ruined.,#MovieNews;#CinemaFail,337,104,57,Los Angeles USA,Negative,-0.62
12873,2026-03-02 19:54:00,USR_3872,user_478,Landing in Tokyo! Super excited to explore the vibrant street food and culture.,#Travel;#Japan;#Wanderlust,353,133,30,Tokyo Japan,Positive,0.87
12874,2026-03-02 19:54:45,USR_3873,user_479,Large language models are transforming modern data processing workflows rapidly.,#AI;#MachineLearning;#BigData,159,111,28,Boston USA,Positive,0.62
12875,2026-03-02 19:55:30,USR_3874,user_480,Servers are down again during the tournament. Extremely frustrating update!,#Gaming;#ServerDown;#Esports,152,55,41,Austin USA,Negative,-0.8
12876,2026-03-02 19:56:15,USR_3875,user_481,Attended the annual cloud computing conference. So many great insights on distributed systems.,#CloudComputing;#DevOps;#TechConference,351,147,31,Seattle USA,Positive,0.87
12877,2026-03-02 19:57:00,USR_3876,user_482,Flight got canceled last minute without any reasonable explanation. Very disappointing service.,#AirlineFail;#TravelProblems,352,97,64,Atlanta USA,Negative,-0.84
12878,2026-03-02 19:57:45,USR_3877,user_483,Started reading a new science fiction novel. The plot is turning out to be super captivating.,#Books;#SciFi;#ReadingList,210,120,28,London UK,Positive,0.73
12879,2026-03-02 19:58:30,USR_3878,user_484,Electric vehicles are becoming more affordable and accessible every year.,#EV;#Automotive;#CleanEnergy,418,175,16,Berlin Germany,Positive,0.67
12880,2026-03-02 19:59:15,USR_3879,user_485,Heavy rain and flooding reported across the southern district. Stay safe everyone!,#WeatherAlert;#SafetyFirst,169,105,49,Mumbai India,Negative,-0.36
12881,2026-03-02 20:00:00,USR_3880,user_486,Upgraded to the new smartphone today! The camera speed and display are absolutely incredible.,#Tech;#NewPhone;#TechTrends,225,53,31,San Francisco USA,Positive,0.82
12882,2026-03-02 20:00:45,USR_3881,user_487,Public transit delayed for the third time this week. Terrible service during peak hours!,#TransitFail;#CityLife,178,132,51,London UK,Negative,-0.69
12883,2026-03-02 20:01:30,USR_3882,user_488,Switching to solar energy for our home. The installation was smooth and efficient.,#GoGreen;#SolarEnergy;#Sustainability,422,72,45,Sydney Australia,Positive,0.85
12884,2026-03-02 20:02:15,USR_3883,user_489,"Tried the new vegan cafe downtown. Food was average, but the iced coffee was good.",#Foodie;#Vegan;#CafeVibes,325,187,65,Toronto Canada,Neutral,0.22
12885,2026-03-02 20:03:00,USR_3884,user_490,Market volatility is extremely high today. Make sure to manage your risks carefully.,#Crypto;#Finance;#Trading,608,114,56,New York USA,Neutral,-0.09
12886,2026-03-02 20:03:45,USR_3885,user_491,Morning 10k run completed! Feeling energized and ready to tackle the week ahead.,#Fitness;#RunnersHigh;#Health,337,115,28,Chicago USA,Positive,0.99
12887,2026-03-02 20:04:30,USR_3886,user_492,The movie trailer released today looks completely underwhelming. Expectations ruined.,#MovieNews;#CinemaFail,365,123,31,Los Angeles USA,Negative,-0.71
12888,2026-03-02 20:05:15,USR_3887,user_493,Landing in Tokyo! Super excited to explore the vibrant street food and culture.,#Travel;#Japan;#Wanderlust,256,172,17,Tokyo Japan,Positive,0.93
12889,2026-03-02 20:06:00,USR_3888,user_494,Large language models are transforming modern data processing workflows rapidly.,#AI;#MachineLearning;#BigData,493,175,33,Boston USA,Positive,0.71
12890,2026-03-02 20:06:45,USR_3889,user_495,Servers are down again during the tournament. Extremely frustrating update!,#Gaming;#ServerDown;#Esports,347,153,63,Austin USA,Negative,-0.89
12891,2026-03-02 20:07:30,USR_3890,user_496,Attended the annual cloud computing conference. So many great insights on distributed systems.,#CloudComputing;#DevOps;#TechConference,599,55,65,Seattle USA,Positive,0.82
12892,2026-03-02 20:08:15,USR_3891,user_497,Flight got canceled last minute without any reasonable explanation. Very disappointing service.,#AirlineFail;#TravelProblems,187,115,54,Atlanta USA,Negative,-0.84
12893,2026-03-02 20:09:00,USR_3892,user_498,Started reading a new science fiction novel. The plot is turning out to be super captivating.,#Books;#SciFi;#ReadingList,366,48,33,London UK,Positive,0.67
12894,2026-03-02 20:09:45,USR_3893,user_499,Electric vehicles are becoming more affordable and accessible every year.,#EV;#Automotive;#CleanEnergy,172,99,66,Berlin Germany,Positive,0.69
12895,2026-03-02 20:10:30,USR_3894,user_500,Heavy rain and flooding reported across the southern district. Stay safe everyone!,#WeatherAlert;#SafetyFirst,612,149,46,Mumbai India,Negative,-0.45
12896,2026-03-02 20:11:15,USR_3895,user_501,Upgraded to the new smartphone today! The camera speed and display are absolutely incredible.,#Tech;#NewPhone;#TechTrends,183,62,42,San Francisco USA,Positive,0.83
12897,2026-03-02 20:12:00,USR_3896,user_502,Public transit delayed for the third time this week. Terrible service during peak hours!,#TransitFail;#CityLife,391,156,56,London UK,Negative,-0.68
12898,2026-03-02 20:12:45,USR_3897,user_503,Switching to solar energy for our home. The installation was smooth and efficient.,#GoGreen;#SolarEnergy;#Sustainability,270,142,35,Sydney Australia,Positive,0.73
12899,2026-03-02 20:13:30,USR_3898,user_504,"Tried the new vegan cafe downtown. Food was average, but the iced coffee was good.",#Foodie;#Vegan;#CafeVibes,451,51,35,Toronto Canada,Neutral,0.08
12900,2026-03-02 20:14:15,USR_3899,user_505,Market volatility is extremely high today. Make sure to manage your risks carefully.,#Crypto;#Finance;#Trading,162,117,51,New York USA,Neutral,-0.02
12901,2026-03-02 20:15:00,USR_3900,user_506,Morning 10k run completed! Feeling energized and ready to tackle the week ahead.,#Fitness;#RunnersHigh;#Health,622,115,55,Chicago USA,Positive,0.87
12902,2026-03-02 20:15:45,USR_3901,user_507,The movie trailer released today looks completely underwhelming. Expectations ruined.,#MovieNews;#CinemaFail,565,101,20,Los Angeles USA,Negative,-0.62
12903,2026-03-02 20:16:30,USR_3902,user_508,Landing in Tokyo! Super excited to explore the vibrant street food and culture.,#Travel;#Japan;#Wanderlust,589,143,33,Tokyo Japan,Positive,0.98
12904,2026-03-02 20:17:15,USR_3903,user_509,Large language models are transforming modern data processing workflows rapidly.,#AI;#MachineLearning;#BigData,642,181,20,Boston USA,Positive,0.62
12905,2026-03-02 20:18:00,USR_3904,user_510,Servers are down again during the tournament. Extremely frustrating update!,#Gaming;#ServerDown;#Esports,514,91,48,Austin USA,Negative,-0.87
12906,2026-03-02 20:18:45,USR_3905,user_511,Attended the annual cloud computing conference. So many great insights on distributed systems.,#CloudComputing;#DevOps;#TechConference,464,125,48,Seattle USA,Positive,0.75
12907,2026-03-02 20:19:30,USR_3906,user_512,Flight got canceled last minute without any reasonable explanation. Very disappointing service.,#AirlineFail;#TravelProblems,447,63,32,Atlanta USA,Negative,-0.9
12908,2026-03-02 20:20:15,USR_3907,user_513,Started reading a new science fiction novel. The plot is turning out to be super captivating.,#Books;#SciFi;#ReadingList,431,130,43,London UK,Positive,0.69
12909,2026-03-02 20:21:00,USR_3908,user_514,Electric vehicles are becoming more affordable and accessible every year.,#EV;#Automotive;#CleanEnergy,156,73,62,Berlin Germany,Positive,0.63
12910,2026-03-02 20:21:45,USR_3909,user_515,Heavy rain and flooding reported across the southern district. Stay safe everyone!,#WeatherAlert;#SafetyFirst,561,152,20,Mumbai India,Negative,-0.4
12911,2026-03-02 20:22:30,USR_3910,user_516,Upgraded to the new smartphone today! The camera speed and display are absolutely incredible.,#Tech;#NewPhone;#TechTrends,192,91,40,San Francisco USA,Positive,0.86
12912,2026-03-02 20:23:15,USR_3911,user_517,Public transit delayed for the third time this week. Terrible service during peak hours!,#TransitFail;#CityLife,298,174,14,London UK,Negative,-0.71
12913,2026-03-02 20:24:00,USR_3912,user_518,Switching to solar energy for our home. The installation was smooth and efficient.,#GoGreen;#SolarEnergy;#Sustainability,496,133,35,Sydney Australia,Positive,0.73
12914,2026-03-02 20:24:45,USR_3913,user_519,"Tried the new vegan cafe downtown. Food was average, but the iced coffee was good.",#Foodie;#Vegan;#CafeVibes,441,173,55,Toronto Canada,Neutral,0.18
12915,2026-03-02 20:25:30,USR_3914,user_520,Market volatility is extremely high today. Make sure to manage your risks carefully.,#Crypto;#Finance;#Trading,274,107,41,New York USA,Neutral,-0.09
12916,2026-03-02 20:26:15,USR_3915,user_521,Morning 10k run completed! Feeling energized and ready to tackle the week ahead.,#Fitness;#RunnersHigh;#Health,571,145,40,Chicago USA,Positive,0.95
12917,2026-03-02 20:27:00,USR_3916,user_522,The movie trailer released today looks completely underwhelming. Expectations ruined.,#MovieNews;#CinemaFail,270,80,14,Los Angeles USA,Negative,-0.58
12918,2026-03-02 20:27:45,USR_3917,user_523,Landing in Tokyo! Super excited to explore the vibrant street food and culture.,#Travel;#Japan;#Wanderlust,153,192,53,Tokyo Japan,Positive,1.0
12919,2026-03-02 20:28:30,USR_3918,user_524,Large language models are transforming modern data processing workflows rapidly.,#AI;#MachineLearning;#BigData,184,93,38,Boston USA,Positive,0.73
12920,2026-03-02 20:29:15,USR_3919,user_525,Servers are down again during the tournament. Extremely frustrating update!,#Gaming;#ServerDown;#Esports,398,52,15,Austin USA,Negative,-0.86
12921,2026-03-02 20:30:00,USR_3920,user_526,Attended the annual cloud computing conference. So many great insights on distributed systems.,#CloudComputing;#DevOps;#TechConference,259,111,35,Seattle USA,Positive,0.82
12922,2026-03-02 20:30:45,USR_3921,user_527,Flight got canceled last minute without any reasonable explanation. Very disappointing service.,#AirlineFail;#TravelProblems,369,116,27,Atlanta USA,Negative,-0.86
12923,2026-03-02 20:31:30,USR_3922,user_528,Started reading a new science fiction novel. The plot is turning out to be super captivating.,#Books;#SciFi;#ReadingList,229,145,39,London UK,Positive,0.71
12924,2026-03-02 20:32:15,USR_3923,user_529,Electric vehicles are becoming more affordable and accessible every year.,#EV;#Automotive;#CleanEnergy,253,126,65,Berlin Germany,Positive,0.76
12925,2026-03-02 20:33:00,USR_3924,user_530,Heavy rain and flooding reported across the southern district. Stay safe everyone!,#WeatherAlert;#SafetyFirst,540,131,51,Mumbai India,Negative,-0.33
12926,2026-03-02 20:33:45,USR_3925,user_531,Upgraded to the new smartphone today! The camera speed and display are absolutely incredible.,#Tech;#NewPhone;#TechTrends,274,59,50,San Francisco USA,Positive,0.79
12927,2026-03-02 20:34:30,USR_3926,user_532,Public transit delayed for the third time this week. Terrible service during peak hours!,#TransitFail;#CityLife,220,60,35,London UK,Negative,-0.69
12928,2026-03-02 20:35:15,USR_3927,user_533,Switching to solar energy for our home. The installation was smooth and efficient.,#GoGreen;#SolarEnergy;#Sustainability,205,158,31,Sydney Australia,Positive,0.7
12929,2026-03-02 20:36:00,USR_3928,user_534,"Tried the new vegan cafe downtown. Food was average, but the iced coffee was good.",#Foodie;#Vegan;#CafeVibes,572,77,27,Toronto Canada,Neutral,0.09
12930,2026-03-02 20:36:45,USR_3929,user_535,Market volatility is extremely high today. Make sure to manage your risks carefully.,#Crypto;#Finance;#Trading,549,134,31,New York USA,Neutral,-0.05
12931,2026-03-02 20:37:30,USR_3930,user_536,Morning 10k run completed! Feeling energized and ready to tackle the week ahead.,#Fitness;#RunnersHigh;#Health,348,46,13,Chicago USA,Positive,0.96
12932,2026-03-02 20:38:15,USR_3931,user_537,The movie trailer released today looks completely underwhelming. Expectations ruined.,#MovieNews;#CinemaFail,635,181,22,Los Angeles USA,Negative,-0.65
12933,2026-03-02 20:39:00,USR_3932,user_538,Landing in Tokyo! Super excited to explore the vibrant street food and culture.,#Travel;#Japan;#Wanderlust,433,86,42,Tokyo Japan,Positive,0.96
12934,2026-03-02 20:39:45,USR_3933,user_539,Large language models are transforming modern data processing workflows rapidly.,#AI;#MachineLearning;#BigData,586,192,59,Boston USA,Positive,0.72
12935,2026-03-02 20:40:30,USR_3934,user_540,Servers are down again during the tournament. Extremely frustrating update!,#Gaming;#ServerDown;#Esports,359,138,21,Austin USA,Negative,-0.77
12936,2026-03-02 20:41:15,USR_3935,user_541,Attended the annual cloud computing conference. So many great insights on distributed systems.,#CloudComputing;#DevOps;#TechConference,249,82,28,Seattle USA,Positive,0.78
12937,2026-03-02 20:42:00,USR_3936,user_542,Flight got canceled last minute without any reasonable explanation. Very disappointing service.,#AirlineFail;#TravelProblems,402,137,15,Atlanta USA,Negative,-0.88
12938,2026-03-02 20:42:45,USR_3937,user_543,Started reading a new science fiction novel. The plot is turning out to be super captivating.,#Books;#SciFi;#ReadingList,429,145,48,London UK,Positive,0.8
12939,2026-03-02 20:43:30,USR_3938,user_544,Electric vehicles are becoming more affordable and accessible every year.,#EV;#Automotive;#CleanEnergy,247,90,58,Berlin Germany,Positive,0.74
12940,2026-03-02 20:44:15,USR_3939,user_545,Heavy rain and flooding reported across the southern district. Stay safe everyone!,#WeatherAlert;#SafetyFirst,259,108,54,Mumbai India,Negative,-0.36
12941,2026-03-02 20:45:00,USR_3940,user_546,Upgraded to the new smartphone today! The camera speed and display are absolutely incredible.,#Tech;#NewPhone;#TechTrends,203,51,50,San Francisco USA,Positive,0.88
12942,2026-03-02 20:45:45,USR_3941,user_547,Public transit delayed for the third time this week. Terrible service during peak hours!,#TransitFail;#CityLife,602,176,23,London UK,Negative,-0.76
12943,2026-03-02 20:46:30,USR_3942,user_548,Switching to solar energy for our home. The installation was smooth and efficient.,#GoGreen;#SolarEnergy;#Sustainability,430,139,36,Sydney Australia,Positive,0.77
12944,2026-03-02 20:47:15,USR_3943,user_549,"Tried the new vegan cafe downtown. Food was average, but the iced coffee was good.",#Foodie;#Vegan;#CafeVibes,277,113,27,Toronto Canada,Neutral,0.17
12945,2026-03-02 20:48:00,USR_3944,user_550,Market volatility is extremely high today. Make sure to manage your risks carefully.,#Crypto;#Finance;#Trading,426,126,34,New York USA,Neutral,0.0
12946,2026-03-02 20:48:45,USR_3945,user_551,Morning 10k run completed! Feeling energized and ready to tackle the week ahead.,#Fitness;#RunnersHigh;#Health,193,84,65,Chicago USA,Positive,0.88
12947,2026-03-02 20:49:30,USR_3946,user_552,The movie trailer released today looks completely underwhelming. Expectations ruined.,#MovieNews;#CinemaFail,398,113,39,Los Angeles USA,Negative,-0.57
12948,2026-03-02 20:50:15,USR_3947,user_553,Landing in Tokyo! Super excited to explore the vibrant street food and culture.,#Travel;#Japan;#Wanderlust,177,77,53,Tokyo Japan,Positive,0.97
12949,2026-03-02 20:51:00,USR_3948,user_554,Large language models are transforming modern data processing workflows rapidly.,#AI;#MachineLearning;#BigData,392,51,59,Boston USA,Positive,0.71
12950,2026-03-02 20:51:45,USR_3949,user_555,Servers are down again during the tournament. Extremely frustrating update!,#Gaming;#ServerDown;#Esports,588,113,22,Austin USA,Negative,-0.74
12951,2026-03-02 20:52:30,USR_3950,user_556,Attended the annual cloud computing conference. So many great insights on distributed systems.,#CloudComputing;#DevOps;#TechConference,481,140,41,Seattle USA,Positive,0.79
12952,2026-03-02 20:53:15,USR_3951,user_557,Flight got canceled last minute without any reasonable explanation. Very disappointing service.,#AirlineFail;#TravelProblems,204,130,19,Atlanta USA,Negative,-0.93
12953,2026-03-02 20:54:00,USR_3952,user_558,Started reading a new science fiction novel. The plot is turning out to be super captivating.,#Books;#SciFi;#ReadingList,439,177,29,London UK,Positive,0.81
12954,2026-03-02 20:54:45,USR_3953,user_559,Electric vehicles are becoming more affordable and accessible every year.,#EV;#Automotive;#CleanEnergy,226,54,54,Berlin Germany,Positive,0.73
12955,2026-03-02 20:55:30,USR_3954,user_560,Heavy rain and flooding reported across the southern district. Stay safe everyone!,#WeatherAlert;#SafetyFirst,537,133,22,Mumbai India,Negative,-0.43
12956,2026-03-02 20:56:15,USR_3955,user_561,Upgraded to the new smartphone today! The camera speed and display are absolutely incredible.,#Tech;#NewPhone;#TechTrends,624,194,22,San Francisco USA,Positive,0.89
12957,2026-03-02 20:57:00,USR_3956,user_562,Public transit delayed for the third time this week. Terrible service during peak hours!,#TransitFail;#CityLife,509,112,41,London UK,Negative,-0.65
12958,2026-03-02 20:57:45,USR_3957,user_563,Switching to solar energy for our home. The installation was smooth and efficient.,#GoGreen;#SolarEnergy;#Sustainability,497,152,31,Sydney Australia,Positive,0.77
12959,2026-03-02 20:58:30,USR_3958,user_564,"Tried the new vegan cafe downtown. Food was average, but the iced coffee was good.",#Foodie;#Vegan;#CafeVibes,378,93,21,Toronto Canada,Neutral,0.21
12960,2026-03-02 20:59:15,USR_3959,user_565,Market volatility is extremely high today. Make sure to manage your risks carefully.,#Crypto;#Finance;#Trading,622,87,25,New York USA,Neutral,-0.07
12961,2026-03-02 21:00:00,USR_3960,user_566,Morning 10k run completed! Feeling energized and ready to tackle the week ahead.,#Fitness;#RunnersHigh;#Health,471,151,20,Chicago USA,Positive,1.0
12962,2026-03-02 21:00:45,USR_3961,user_567,The movie trailer released today looks completely underwhelming. Expectations ruined.,#MovieNews;#CinemaFail,437,146,20,Los Angeles USA,Negative,-0.64
12963,2026-03-02 21:01:30,USR_3962,user_568,Landing in Tokyo! Super excited to explore the vibrant street food and culture.,#Travel;#Japan;#Wanderlust,639,168,24,Tokyo Japan,Positive,0.92
12964,2026-03-02 21:02:15,USR_3963,user_569,Large language models are transforming modern data processing workflows rapidly.,#AI;#MachineLearning;#BigData,536,132,39,Boston USA,Positive,0.68
12965,2026-03-02 21:03:00,USR_3964,user_570,Servers are down again during the tournament. Extremely frustrating update!,#Gaming;#ServerDown;#Esports,226,166,51,Austin USA,Negative,-0.79
12966,2026-03-02 21:03:45,USR_3965,user_571,Attended the annual cloud computing conference. So many great insights on distributed systems.,#CloudComputing;#DevOps;#TechConference,623,186,51,Seattle USA,Positive,0.86
12967,2026-03-02 21:04:30,USR_3966,user_572,Flight got canceled last minute without any reasonable explanation. Very disappointing service.,#AirlineFail;#TravelProblems,285,53,20,Atlanta USA,Negative,-0.95
12968,2026-03-02 21:05:15,USR_3967,user_573,Started reading a new science fiction novel. The plot is turning out to be super captivating.,#Books;#SciFi;#ReadingList,604,163,69,London UK,Positive,0.78
12969,2026-03-02 21:06:00,USR_3968,user_574,Electric vehicles are becoming more affordable and accessible every year.,#EV;#Automotive;#CleanEnergy,204,110,33,Berlin Germany,Positive,0.74
12970,2026-03-02 21:06:45,USR_3969,user_575,Heavy rain and flooding reported across the southern district. Stay safe everyone!,#WeatherAlert;#SafetyFirst,214,135,10,Mumbai India,Negative,-0.47
12971,2026-03-02 21:07:30,USR_3970,user_576,Upgraded to the new smartphone today! The camera speed and display are absolutely incredible.,#Tech;#NewPhone;#TechTrends,246,64,44,San Francisco USA,Positive,0.92
12972,2026-03-02 21:08:15,USR_3971,user_577,Public transit delayed for the third time this week. Terrible service during peak hours!,#TransitFail;#CityLife,157,142,33,London UK,Negative,-0.75
12973,2026-03-02 21:09:00,USR_3972,user_578,Switching to solar energy for our home. The installation was smooth and efficient.,#GoGreen;#SolarEnergy;#Sustainability,273,160,44,Sydney Australia,Positive,0.79
12974,2026-03-02 21:09:45,USR_3973,user_579,"Tried the new vegan cafe downtown. Food was average, but the iced coffee was good.",#Foodie;#Vegan;#CafeVibes,454,45,51,Toronto Canada,Neutral,0.08
12975,2026-03-02 21:10:30,USR_3974,user_580,Market volatility is extremely high today. Make sure to manage your risks carefully.,#Crypto;#Finance;#Trading,189,101,25,New York USA,Neutral,-0.12
12976,2026-03-02 21:11:15,USR_3975,user_581,Morning 10k run completed! Feeling energized and ready to tackle the week ahead.,#Fitness;#RunnersHigh;#Health,550,109,67,Chicago USA,Positive,0.96
12977,2026-03-02 21:12:00,USR_3976,user_582,The movie trailer released today looks completely underwhelming. Expectations ruined.,#MovieNews;#CinemaFail,597,64,31,Los Angeles USA,Negative,-0.72
12978,2026-03-02 21:12:45,USR_3977,user_583,Landing in Tokyo! Super excited to explore the vibrant street food and culture.,#Travel;#Japan;#Wanderlust,349,120,49,Tokyo Japan,Positive,1.0
12979,2026-03-02 21:13:30,USR_3978,user_584,Large language models are transforming modern data processing workflows rapidly.,#AI;#MachineLearning;#BigData,528,62,64,Boston USA,Positive,0.71
12980,2026-03-02 21:14:15,USR_3979,user_585,Servers are down again during the tournament. Extremely frustrating update!,#Gaming;#ServerDown;#Esports,623,106,32,Austin USA,Negative,-0.87
12981,2026-03-02 21:15:00,USR_3980,user_586,Attended the annual cloud computing conference. So many great insights on distributed systems.,#CloudComputing;#DevOps;#TechConference,163,184,27,Seattle USA,Positive,0.74
12982,2026-03-02 21:15:45,USR_3981,user_587,Flight got canceled last minute without any reasonable explanation. Very disappointing service.,#AirlineFail;#TravelProblems,314,117,30,Atlanta USA,Negative,-0.83
12983,2026-03-02 21:16:30,USR_3982,user_588,Started reading a new science fiction novel. The plot is turning out to be super captivating.,#Books;#SciFi;#ReadingList,551,70,64,London UK,Positive,0.8
12984,2026-03-02 21:17:15,USR_3983,user_589,Electric vehicles are becoming more affordable and accessible every year.,#EV;#Automotive;#CleanEnergy,564,38,41,Berlin Germany,Positive,0.62
12985,2026-03-02 21:18:00,USR_3984,user_590,Heavy rain and flooding reported across the southern district. Stay safe everyone!,#WeatherAlert;#SafetyFirst,194,36,38,Mumbai India,Negative,-0.34
12986,2026-03-02 21:18:45,USR_3985,user_591,Upgraded to the new smartphone today! The camera speed and display are absolutely incredible.,#Tech;#NewPhone;#TechTrends,485,137,60,San Francisco USA,Positive,0.9
12987,2026-03-02 21:19:30,USR_3986,user_592,Public transit delayed for the third time this week. Terrible service during peak hours!,#TransitFail;#CityLife,264,62,64,London UK,Negative,-0.73
12988,2026-03-02 21:20:15,USR_3987,user_593,Switching to solar energy for our home. The installation was smooth and efficient.,#GoGreen;#SolarEnergy;#Sustainability,221,113,52,Sydney Australia,Positive,0.79
12989,2026-03-02 21:21:00,USR_3988,user_594,"Tried the new vegan cafe downtown. Food was average, but the iced coffee was good.",#Foodie;#Vegan;#CafeVibes,161,149,42,Toronto Canada,Neutral,0.14
12990,2026-03-02 21:21:45,USR_3989,user_595,Market volatility is extremely high today. Make sure to manage your risks carefully.,#Crypto;#Finance;#Trading,603,94,41,New York USA,Neutral,-0.13
12991,2026-03-02 21:22:30,USR_3990,user_596,Morning 10k run completed! Feeling energized and ready to tackle the week ahead.,#Fitness;#RunnersHigh;#Health,288,63,22,Chicago USA,Positive,0.87
12992,2026-03-02 21:23:15,USR_3991,user_597,The movie trailer released today looks completely underwhelming. Expectations ruined.,#MovieNews;#CinemaFail,359,120,23,Los Angeles USA,Negative,-0.59
12993,2026-03-02 21:24:00,USR_3992,user_598,Landing in Tokyo! Super excited to explore the vibrant street food and culture.,#Travel;#Japan;#Wanderlust,352,97,34,Tokyo Japan,Positive,0.99
12994,2026-03-02 21:24:45,USR_3993,user_599,Large language models are transforming modern data processing workflows rapidly.,#AI;#MachineLearning;#BigData,177,158,23,Boston USA,Positive,0.75
12995,2026-03-02 21:25:30,USR_3994,user_101,Servers are down again during the tournament. Extremely frustrating update!,#Gaming;#ServerDown;#Esports,387,38,33,Austin USA,Negative,-0.8
12996,2026-03-02 21:26:15,USR_3995,user_102,Attended the annual cloud computing conference. So many great insights on distributed systems.,#CloudComputing;#DevOps;#TechConference,424,54,38,Seattle USA,Positive,0.89
12997,2026-03-02 21:27:00,USR_3996,user_103,Flight got canceled last minute without any reasonable explanation. Very disappointing service.,#AirlineFail;#TravelProblems,236,167,44,Atlanta USA,Negative,-0.94
12998,2026-03-02 21:27:45,USR_3997,user_104,Started reading a new science fiction novel. The plot is turning out to be super captivating.,#Books;#SciFi;#ReadingList,645,161,36,London UK,Positive,0.68
12999,2026-03-02 21:28:30,USR_3998,user_105,Electric vehicles are becoming more affordable and accessible every year.,#EV;#Automotive;#CleanEnergy,424,53,41,Berlin Germany,Positive,0.62
13000,2026-03-02 21:29:15,USR_3999,user_106,Heavy rain and flooding reported across the southern district. Stay safe everyone!,#WeatherAlert;#SafetyFirst,479,41,62,Mumbai India,Negative,-0.35
13001,2026-03-02 21:30:00,USR_4000,user_107,Upgraded to the new smartphone today! The camera speed and display are absolutely incredible.,#Tech;#NewPhone;#TechTrends,580,39,43,San Francisco USA,Positive,0.81
13002,2026-03-02 21:30:45,USR_4001,user_108,Public transit delayed for the third time this week. Terrible service during peak hours!,#TransitFail;#CityLife,515,165,45,London UK,Negative,-0.64
13003,2026-03-02 21:31:30,USR_4002,user_109,Switching to solar energy for our home. The installation was smooth and efficient.,#GoGreen;#SolarEnergy;#Sustainability,322,104,48,Sydney Australia,Positive,0.78
13004,2026-03-02 21:32:15,USR_4003,user_110,"Tried the new vegan cafe downtown. Food was average, but the iced coffee was good.",#Foodie;#Vegan;#CafeVibes,554,150,34,Toronto Canada,Neutral,0.2
13005,2026-03-02 21:33:00,USR_4004,user_111,Market volatility is extremely high today. Make sure to manage your risks carefully.,#Crypto;#Finance;#Trading,251,95,24,New York USA,Neutral,-0.0
13006,2026-03-02 21:33:45,USR_4005,user_112,Morning 10k run completed! Feeling energized and ready to tackle the week ahead.,#Fitness;#RunnersHigh;#Health,262,41,38,Chicago USA,Positive,0.92
13007,2026-03-02 21:34:30,USR_4006,user_113,The movie trailer released today looks completely underwhelming. Expectations ruined.,#MovieNews;#CinemaFail,197,84,22,Los Angeles USA,Negative,-0.7
13008,2026-03-02 21:35:15,USR_4007,user_114,Landing in Tokyo! Super excited to explore the vibrant street food and culture.,#Travel;#Japan;#Wanderlust,538,89,15,Tokyo Japan,Positive,0.98
13009,2026-03-02 21:36:00,USR_4008,user_115,Large language models are transforming modern data processing workflows rapidly.,#AI;#MachineLearning;#BigData,397,160,25,Boston USA,Positive,0.67
13010,2026-03-02 21:36:45,USR_4009,user_116,Servers are down again during the tournament. Extremely frustrating update!,#Gaming;#ServerDown;#Esports,561,105,38,Austin USA,Negative,-0.77
13011,2026-03-02 21:37:30,USR_4010,user_117,Attended the annual cloud computing conference. So many great insights on distributed systems.,#CloudComputing;#DevOps;#TechConference,334,161,27,Seattle USA,Positive,0.89
13012,2026-03-02 21:38:15,USR_4011,user_118,Flight got canceled last minute without any reasonable explanation. Very disappointing service.,#AirlineFail;#TravelProblems,335,112,52,Atlanta USA,Negative,-0.81
13013,2026-03-02 21:39:00,USR_4012,user_119,Started reading a new science fiction novel. The plot is turning out to be super captivating.,#Books;#SciFi;#ReadingList,258,57,49,London UK,Positive,0.71
13014,2026-03-02 21:39:45,USR_4013,user_120,Electric vehicles are becoming more affordable and accessible every year.,#EV;#Automotive;#CleanEnergy,317,138,19,Berlin Germany,Positive,0.72
13015,2026-03-02 21:40:30,USR_4014,user_121,Heavy rain and flooding reported across the southern district. Stay safe everyone!,#WeatherAlert;#SafetyFirst,476,100,40,Mumbai India,Negative,-0.38
13016,2026-03-02 21:41:15,USR_4015,user_122,Upgraded to the new smartphone today! The camera speed and display are absolutely incredible.,#Tech;#NewPhone;#TechTrends,412,51,29,San Francisco USA,Positive,0.92
13017,2026-03-02 21:42:00,USR_4016,user_123,Public transit delayed for the third time this week. Terrible service during peak hours!,#TransitFail;#CityLife,641,137,36,London UK,Negative,-0.65
13018,2026-03-02 21:42:45,USR_4017,user_124,Switching to solar energy for our home. The installation was smooth and efficient.,#GoGreen;#SolarEnergy;#Sustainability,509,68,58,Sydney Australia,Positive,0.81
13019,2026-03-02 21:43:30,USR_4018,user_125,"Tried the new vegan cafe downtown. Food was average, but the iced coffee was good.",#Foodie;#Vegan;#CafeVibes,562,75,42,Toronto Canada,Neutral,0.21
13020,2026-03-02 21:44:15,USR_4019,user_126,Market volatility is extremely high today. Make sure to manage your risks carefully.,#Crypto;#Finance;#Trading,448,70,59,New York USA,Neutral,-0.01
13021,2026-03-02 21:45:00,USR_4020,user_127,Morning 10k run completed! Feeling energized and ready to tackle the week ahead.,#Fitness;#RunnersHigh;#Health,464,145,51,Chicago USA,Positive,0.91
13022,2026-03-02 21:45:45,USR_4021,user_128,The movie trailer released today looks completely underwhelming. Expectations ruined.,#MovieNews;#CinemaFail,276,140,47,Los Angeles USA,Negative,-0.58
13023,2026-03-02 21:46:30,USR_4022,user_129,Landing in Tokyo! Super excited to explore the vibrant street food and culture.,#Travel;#Japan;#Wanderlust,226,119,20,Tokyo Japan,Positive,0.89
13024,2026-03-02 21:47:15,USR_4023,user_130,Large language models are transforming modern data processing workflows rapidly.,#AI;#MachineLearning;#BigData,211,67,55,Boston USA,Positive,0.72
13025,2026-03-02 21:48:00,USR_4024,user_131,Servers are down again during the tournament. Extremely frustrating update!,#Gaming;#ServerDown;#Esports,637,50,32,Austin USA,Negative,-0.81
13026,2026-03-02 21:48:45,USR_4025,user_132,Attended the annual cloud computing conference. So many great insights on distributed systems.,#CloudComputing;#DevOps;#TechConference,228,86,24,Seattle USA,Positive,0.84
13027,2026-03-02 21:49:30,USR_4026,user_133,Flight got canceled last minute without any reasonable explanation. Very disappointing service.,#AirlineFail;#TravelProblems,458,45,54,Atlanta USA,Negative,-0.86
13028,2026-03-02 21:50:15,USR_4027,user_134,Started reading a new science fiction novel. The plot is turning out to be super captivating.,#Books;#SciFi;#ReadingList,207,69,64,London UK,Positive,0.82
13029,2026-03-02 21:51:00,USR_4028,user_135,Electric vehicles are becoming more affordable and accessible every year.,#EV;#Automotive;#CleanEnergy,303,50,39,Berlin Germany,Positive,0.76
13030,2026-03-02 21:51:45,USR_4029,user_136,Heavy rain and flooding reported across the southern district. Stay safe everyone!,#WeatherAlert;#SafetyFirst,631,52,44,Mumbai India,Negative,-0.45
13031,2026-03-02 21:52:30,USR_4030,user_137,Upgraded to the new smartphone today! The camera speed and display are absolutely incredible.,#Tech;#NewPhone;#TechTrends,245,163,33,San Francisco USA,Positive,0.79
13032,2026-03-02 21:53:15,USR_4031,user_138,Public transit delayed for the third time this week. Terrible service during peak hours!,#TransitFail;#CityLife,176,121,52,London UK,Negative,-0.67
13033,2026-03-02 21:54:00,USR_4032,user_139,Switching to solar energy for our home. The installation was smooth and efficient.,#GoGreen;#SolarEnergy;#Sustainability,415,84,52,Sydney Australia,Positive,0.76
13034,2026-03-02 21:54:45,USR_4033,user_140,"Tried the new vegan cafe downtown. Food was average, but the iced coffee was good.",#Foodie;#Vegan;#CafeVibes,403,90,31,Toronto Canada,Neutral,0.16
13035,2026-03-02 21:55:30,USR_4034,user_141,Market volatility is extremely high today. Make sure to manage your risks carefully.,#Crypto;#Finance;#Trading,496,31,63,New York USA,Neutral,-0.08
13036,2026-03-02 21:56:15,USR_4035,user_142,Morning 10k run completed! Feeling energized and ready to tackle the week ahead.,#Fitness;#RunnersHigh;#Health,485,124,51,Chicago USA,Positive,0.93
13037,2026-03-02 21:57:00,USR_4036,user_143,The movie trailer released today looks completely underwhelming. Expectations ruined.,#MovieNews;#CinemaFail,222,126,23,Los Angeles USA,Negative,-0.6
13038,2026-03-02 21:57:45,USR_4037,user_144,Landing in Tokyo! Super excited to explore the vibrant street food and culture.,#Travel;#Japan;#Wanderlust,350,93,47,Tokyo Japan,Positive,1.0
13039,2026-03-02 21:58:30,USR_4038,user_145,Large language models are transforming modern data processing workflows rapidly.,#AI;#MachineLearning;#BigData,237,124,33,Boston USA,Positive,0.69
13040,2026-03-02 21:59:15,USR_4039,user_146,Servers are down again during the tournament. Extremely frustrating update!,#Gaming;#ServerDown;#Esports,424,111,43,Austin USA,Negative,-0.86
13041,2026-03-02 22:00:00,USR_4040,user_147,Attended the annual cloud computing conference. So many great insights on distributed systems.,#CloudComputing;#DevOps;#TechConference,288,68,50,Seattle USA,Positive,0.81
13042,2026-03-02 22:00:45,USR_4041,user_148,Flight got canceled last minute without any reasonable explanation. Very disappointing service.,#AirlineFail;#TravelProblems,564,182,46,Atlanta USA,Negative,-0.87
13043,2026-03-02 22:01:30,USR_4042,user_149,Started reading a new science fiction novel. The plot is turning out to be super captivating.,#Books;#SciFi;#ReadingList,387,59,41,London UK,Positive,0.76
13044,2026-03-02 22:02:15,USR_4043,user_150,Electric vehicles are becoming more affordable and accessible every year.,#EV;#Automotive;#CleanEnergy,208,127,25,Berlin Germany,Positive,0.72
13045,2026-03-02 22:03:00,USR_4044,user_151,Heavy rain and flooding reported across the southern district. Stay safe everyone!,#WeatherAlert;#SafetyFirst,220,194,51,Mumbai India,Negative,-0.47
13046,2026-03-02 22:03:45,USR_4045,user_152,Upgraded to the new smartphone today! The camera speed and display are absolutely incredible.,#Tech;#NewPhone;#TechTrends,391,170,30,San Francisco USA,Positive,0.88
13047,2026-03-02 22:04:30,USR_4046,user_153,Public transit delayed for the third time this week. Terrible service during peak hours!,#TransitFail;#CityLife,273,117,63,London UK,Negative,-0.76
13048,2026-03-02 22:05:15,USR_4047,user_154,Switching to solar energy for our home. The installation was smooth and efficient.,#GoGreen;#SolarEnergy;#Sustainability,494,154,57,Sydney Australia,Positive,0.79
13049,2026-03-02 22:06:00,USR_4048,user_155,"Tried the new vegan cafe downtown. Food was average, but the iced coffee was good.",#Foodie;#Vegan;#CafeVibes,590,153,10,Toronto Canada,Neutral,0.23
13050,2026-03-02 22:06:45,USR_4049,user_156,Market volatility is extremely high today. Make sure to manage your risks carefully.,#Crypto;#Finance;#Trading,566,151,33,New York USA,Neutral,-0.12
13051,2026-03-02 22:07:30,USR_4050,user_157,Morning 10k run completed! Feeling energized and ready to tackle the week ahead.,#Fitness;#RunnersHigh;#Health,345,71,41,Chicago USA,Positive,0.95
13052,2026-03-02 22:08:15,USR_4051,user_158,The movie trailer released today looks completely underwhelming. Expectations ruined.,#MovieNews;#CinemaFail,328,161,58,Los Angeles USA,Negative,-0.65
13053,2026-03-02 22:09:00,USR_4052,user_159,Landing in Tokyo! Super excited to explore the vibrant street food and culture.,#Travel;#Japan;#Wanderlust,260,136,34,Tokyo Japan,Positive,0.93
13054,2026-03-02 22:09:45,USR_4053,user_160,Large language models are transforming modern data processing workflows rapidly.,#AI;#MachineLearning;#BigData,309,182,19,Boston USA,Positive,0.71
13055,2026-03-02 22:10:30,USR_4054,user_161,Servers are down again during the tournament. Extremely frustrating update!,#Gaming;#ServerDown;#Esports,227,164,48,Austin USA,Negative,-0.8
13056,2026-03-02 22:11:15,USR_4055,user_162,Attended the annual cloud computing conference. So many great insights on distributed systems.,#CloudComputing;#DevOps;#TechConference,610,130,61,Seattle USA,Positive,0.77
13057,2026-03-02 22:12:00,USR_4056,user_163,Flight got canceled last minute without any reasonable explanation. Very disappointing service.,#AirlineFail;#TravelProblems,301,150,54,Atlanta USA,Negative,-0.86
13058,2026-03-02 22:12:45,USR_4057,user_164,Started reading a new science fiction novel. The plot is turning out to be super captivating.,#Books;#SciFi;#ReadingList,256,61,54,London UK,Positive,0.79
13059,2026-03-02 22:13:30,USR_4058,user_165,Electric vehicles are becoming more affordable and accessible every year.,#EV;#Automotive;#CleanEnergy,522,118,57,Berlin Germany,Positive,0.78
13060,2026-03-02 22:14:15,USR_4059,user_166,Heavy rain and flooding reported across the southern district. Stay safe everyone!,#WeatherAlert;#SafetyFirst,261,136,35,Mumbai India,Negative,-0.36
13061,2026-03-02 22:15:00,USR_4060,user_167,Upgraded to the new smartphone today! The camera speed and display are absolutely incredible.,#Tech;#NewPhone;#TechTrends,661,83,49,San Francisco USA,Positive,0.89
13062,2026-03-02 22:15:45,USR_4061,user_168,Public transit delayed for the third time this week. Terrible service during peak hours!,#TransitFail;#CityLife,218,166,56,London UK,Negative,-0.7
13063,2026-03-02 22:16:30,USR_4062,user_169,Switching to solar energy for our home. The installation was smooth and efficient.,#GoGreen;#SolarEnergy;#Sustainability,523,161,34,Sydney Australia,Positive,0.82
13064,2026-03-02 22:17:15,USR_4063,user_170,"Tried the new vegan cafe downtown. Food was average, but the iced coffee was good.",#Foodie;#Vegan;#CafeVibes,587,90,33,Toronto Canada,Neutral,0.13
13065,2026-03-02 22:18:00,USR_4064,user_171,Market volatility is extremely high today. Make sure to manage your risks carefully.,#Crypto;#Finance;#Trading,612,125,63,New York USA,Neutral,-0.1
13066,2026-03-02 22:18:45,USR_4065,user_172,Morning 10k run completed! Feeling energized and ready to tackle the week ahead.,#Fitness;#RunnersHigh;#Health,332,68,43,Chicago USA,Positive,0.95
13067,2026-03-02 22:19:30,USR_4066,user_173,The movie trailer released today looks completely underwhelming. Expectations ruined.,#MovieNews;#CinemaFail,536,176,22,Los Angeles USA,Negative,-0.64
13068,2026-03-02 22:20:15,USR_4067,user_174,Landing in Tokyo! Super excited to explore the vibrant street food and culture.,#Travel;#Japan;#Wanderlust,387,151,47,Tokyo Japan,Positive,0.9
13069,2026-03-02 22:21:00,USR_4068,user_175,Large language models are transforming modern data processing workflows rapidly.,#AI;#MachineLearning;#BigData,613,137,29,Boston USA,Positive,0.61
13070,2026-03-02 22:21:45,USR_4069,user_176,Servers are down again during the tournament. Extremely frustrating update!,#Gaming;#ServerDown;#Esports,570,83,60,Austin USA,Negative,-0.84
13071,2026-03-02 22:22:30,USR_4070,user_177,Attended the annual cloud computing conference. So many great insights on distributed systems.,#CloudComputing;#DevOps;#TechConference,465,138,51,Seattle USA,Positive,0.86
13072,2026-03-02 22:23:15,USR_4071,user_178,Flight got canceled last minute without any reasonable explanation. Very disappointing service.,#AirlineFail;#TravelProblems,335,81,18,Atlanta USA,Negative,-0.83
13073,2026-03-02 22:24:00,USR_4072,user_179,Started reading a new science fiction novel. The plot is turning out to be super captivating.,#Books;#SciFi;#ReadingList,636,39,26,London UK,Positive,0.78
13074,2026-03-02 22:24:45,USR_4073,user_180,Electric vehicles are becoming more affordable and accessible every year.,#EV;#Automotive;#CleanEnergy,526,179,21,Berlin Germany,Positive,0.63
13075,2026-03-02 22:25:30,USR_4074,user_181,Heavy rain and flooding reported across the southern district. Stay safe everyone!,#WeatherAlert;#SafetyFirst,385,78,22,Mumbai India,Negative,-0.36
13076,2026-03-02 22:26:15,USR_4075,user_182,Upgraded to the new smartphone today! The camera speed and display are absolutely incredible.,#Tech;#NewPhone;#TechTrends,610,150,36,San Francisco USA,Positive,0.89
13077,2026-03-02 22:27:00,USR_4076,user_183,Public transit delayed for the third time this week. Terrible service during peak hours!,#TransitFail;#CityLife,172,76,31,London UK,Negative,-0.75
13078,2026-03-02 22:27:45,USR_4077,user_184,Switching to solar energy for our home. The installation was smooth and efficient.,#GoGreen;#SolarEnergy;#Sustainability,439,181,25,Sydney Australia,Positive,0.84
13079,2026-03-02 22:28:30,USR_4078,user_185,"Tried the new vegan cafe downtown. Food was average, but the iced coffee was good.",#Foodie;#Vegan;#CafeVibes,235,44,58,Toronto Canada,Neutral,0.09
13080,2026-03-02 22:29:15,USR_4079,user_186,Market volatility is extremely high today. Make sure to manage your risks carefully.,#Crypto;#Finance;#Trading,561,121,49,New York USA,Neutral,-0.07
13081,2026-03-02 22:30:00,USR_4080,user_187,Morning 10k run completed! Feeling energized and ready to tackle the week ahead.,#Fitness;#RunnersHigh;#Health,444,71,42,Chicago USA,Positive,0.87
13082,2026-03-02 22:30:45,USR_4081,user_188,The movie trailer released today looks completely underwhelming. Expectations ruined.,#MovieNews;#CinemaFail,231,145,61,Los Angeles USA,Negative,-0.63
13083,2026-03-02 22:31:30,USR_4082,user_189,Landing in Tokyo! Super excited to explore the vibrant street food and culture.,#Travel;#Japan;#Wanderlust,332,44,37,Tokyo Japan,Positive,0.92
13084,2026-03-02 22:32:15,USR_4083,user_190,Large language models are transforming modern data processing workflows rapidly.,#AI;#MachineLearning;#BigData,314,112,51,Boston USA,Positive,0.73
13085,2026-03-02 22:33:00,USR_4084,user_191,Servers are down again during the tournament. Extremely frustrating update!,#Gaming;#ServerDown;#Esports,210,100,44,Austin USA,Negative,-0.78
13086,2026-03-02 22:33:45,USR_4085,user_192,Attended the annual cloud computing conference. So many great insights on distributed systems.,#CloudComputing;#DevOps;#TechConference,516,173,39,Seattle USA,Positive,0.79
13087,2026-03-02 22:34:30,USR_4086,user_193,Flight got canceled last minute without any reasonable explanation. Very disappointing service.,#AirlineFail;#TravelProblems,163,105,54,Atlanta USA,Negative,-0.9
13088,2026-03-02 22:35:15,USR_4087,user_194,Started reading a new science fiction novel. The plot is turning out to be super captivating.,#Books;#SciFi;#ReadingList,615,153,64,London UK,Positive,0.83
13089,2026-03-02 22:36:00,USR_4088,user_195,Electric vehicles are becoming more affordable and accessible every year.,#EV;#Automotive;#CleanEnergy,286,177,25,Berlin Germany,Positive,0.71
13090,2026-03-02 22:36:45,USR_4089,user_196,Heavy rain and flooding reported across the southern district. Stay safe everyone!,#WeatherAlert;#SafetyFirst,262,125,40,Mumbai India,Negative,-0.41
13091,2026-03-02 22:37:30,USR_4090,user_197,Upgraded to the new smartphone today! The camera speed and display are absolutely incredible.,#Tech;#NewPhone;#TechTrends,246,155,33,San Francisco USA,Positive,0.81
13092,2026-03-02 22:38:15,USR_4091,user_198,Public transit delayed for the third time this week. Terrible service during peak hours!,#TransitFail;#CityLife,388,125,38,London UK,Negative,-0.76
13093,2026-03-02 22:39:00,USR_4092,user_199,Switching to solar energy for our home. The installation was smooth and efficient.,#GoGreen;#SolarEnergy;#Sustainability,370,180,15,Sydney Australia,Positive,0.76
13094,2026-03-02 22:39:45,USR_4093,user_200,"Tried the new vegan cafe downtown. Food was average, but the iced coffee was good.",#Foodie;#Vegan;#CafeVibes,489,57,25,Toronto Canada,Neutral,0.09
13095,2026-03-02 22:40:30,USR_4094,user_201,Market volatility is extremely high today. Make sure to manage your risks carefully.,#Crypto;#Finance;#Trading,231,170,14,New York USA,Neutral,-0.06
13096,2026-03-02 22:41:15,USR_4095,user_202,Morning 10k run completed! Feeling energized and ready to tackle the week ahead.,#Fitness;#RunnersHigh;#Health,557,163,51,Chicago USA,Positive,0.94
13097,2026-03-02 22:42:00,USR_4096,user_203,The movie trailer released today looks completely underwhelming. Expectations ruined.,#MovieNews;#CinemaFail,186,94,26,Los Angeles USA,Negative,-0.68
13098,2026-03-02 22:42:45,USR_4097,user_204,Landing in Tokyo! Super excited to explore the vibrant street food and culture.,#Travel;#Japan;#Wanderlust,428,114,55,Tokyo Japan,Positive,0.96
13099,2026-03-02 22:43:30,USR_4098,user_205,Large language models are transforming modern data processing workflows rapidly.,#AI;#MachineLearning;#BigData,220,69,28,Boston USA,Positive,0.64
13100,2026-03-02 22:44:15,USR_4099,user_206,Servers are down again during the tournament. Extremely frustrating update!,#Gaming;#ServerDown;#Esports,383,169,60,Austin USA,Negative,-0.82
13101,2026-03-02 22:45:00,USR_4100,user_207,Attended the annual cloud computing conference. So many great insights on distributed systems.,#CloudComputing;#DevOps;#TechConference,210,84,54,Seattle USA,Positive,0.8
13102,2026-03-02 22:45:45,USR_4101,user_208,Flight got canceled last minute without any reasonable explanation. Very disappointing service.,#AirlineFail;#TravelProblems,449,173,31,Atlanta USA,Negative,-0.95
13103,2026-03-02 22:46:30,USR_4102,user_209,Started reading a new science fiction novel. The plot is turning out to be super captivating.,#Books;#SciFi;#ReadingList,431,132,58,London UK,Positive,0.69
13104,2026-03-02 22:47:15,USR_4103,user_210,Electric vehicles are becoming more affordable and accessible every year.,#EV;#Automotive;#CleanEnergy,659,147,49,Berlin Germany,Positive,0.68
13105,2026-03-02 22:48:00,USR_4104,user_211,Heavy rain and flooding reported across the southern district. Stay safe everyone!,#WeatherAlert;#SafetyFirst,367,83,57,Mumbai India,Negative,-0.45
13106,2026-03-02 22:48:45,USR_4105,user_212,Upgraded to the new smartphone today! The camera speed and display are absolutely incredible.,#Tech;#NewPhone;#TechTrends,377,131,46,San Francisco USA,Positive,0.78
13107,2026-03-02 22:49:30,USR_4106,user_213,Public transit delayed for the third time this week. Terrible service during peak hours!,#TransitFail;#CityLife,425,112,15,London UK,Negative,-0.77
13108,2026-03-02 22:50:15,USR_4107,user_214,Switching to solar energy for our home. The installation was smooth and efficient.,#GoGreen;#SolarEnergy;#Sustainability,485,103,58,Sydney Australia,Positive,0.73
13109,2026-03-02 22:51:00,USR_4108,user_215,"Tried the new vegan cafe downtown. Food was average, but the iced coffee was good.",#Foodie;#Vegan;#CafeVibes,284,114,30,Toronto Canada,Neutral,0.18
13110,2026-03-02 22:51:45,USR_4109,user_216,Market volatility is extremely high today. Make sure to manage your risks carefully.,#Crypto;#Finance;#Trading,360,83,25,New York USA,Neutral,-0.01
13111,2026-03-02 22:52:30,USR_4110,user_217,Morning 10k run completed! Feeling energized and ready to tackle the week ahead.,#Fitness;#RunnersHigh;#Health,141,129,18,Chicago USA,Positive,0.85
13112,2026-03-02 22:53:15,USR_4111,user_218,The movie trailer released today looks completely underwhelming. Expectations ruined.,#MovieNews;#CinemaFail,341,180,29,Los Angeles USA,Negative,-0.66
13113,2026-03-02 22:54:00,USR_4112,user_219,Landing in Tokyo! Super excited to explore the vibrant street food and culture.,#Travel;#Japan;#Wanderlust,446,159,61,Tokyo Japan,Positive,0.99
13114,2026-03-02 22:54:45,USR_4113,user_220,Large language models are transforming modern data processing workflows rapidly.,#AI;#MachineLearning;#BigData,535,60,63,Boston USA,Positive,0.76
13115,2026-03-02 22:55:30,USR_4114,user_221,Servers are down again during the tournament. Extremely frustrating update!,#Gaming;#ServerDown;#Esports,378,101,50,Austin USA,Negative,-0.88
13116,2026-03-02 22:56:15,USR_4115,user_222,Attended the annual cloud computing conference. So many great insights on distributed systems.,#CloudComputing;#DevOps;#TechConference,402,165,28,Seattle USA,Positive,0.86
13117,2026-03-02 22:57:00,USR_4116,user_223,Flight got canceled last minute without any reasonable explanation. Very disappointing service.,#AirlineFail;#TravelProblems,182,187,46,Atlanta USA,Negative,-0.93
13118,2026-03-02 22:57:45,USR_4117,user_224,Started reading a new science fiction novel. The plot is turning out to be super captivating.,#Books;#SciFi;#ReadingList,283,176,61,London UK,Positive,0.75
13119,2026-03-02 22:58:30,USR_4118,user_225,Electric vehicles are becoming more affordable and accessible every year.,#EV;#Automotive;#CleanEnergy,200,49,34,Berlin Germany,Positive,0.74
13120,2026-03-02 22:59:15,USR_4119,user_226,Heavy rain and flooding reported across the southern district. Stay safe everyone!,#WeatherAlert;#SafetyFirst,188,161,35,Mumbai India,Negative,-0.36
13121,2026-03-02 23:00:00,USR_4120,user_227,Upgraded to the new smartphone today! The camera speed and display are absolutely incredible.,#Tech;#NewPhone;#TechTrends,148,78,53,San Francisco USA,Positive,0.83
13122,2026-03-02 23:00:45,USR_4121,user_228,Public transit delayed for the third time this week. Terrible service during peak hours!,#TransitFail;#CityLife,323,184,16,London UK,Negative,-0.71
13123,2026-03-02 23:01:30,USR_4122,user_229,Switching to solar energy for our home. The installation was smooth and efficient.,#GoGreen;#SolarEnergy;#Sustainability,323,79,52,Sydney Australia,Positive,0.72
13124,2026-03-02 23:02:15,USR_4123,user_230,"Tried the new vegan cafe downtown. Food was average, but the iced coffee was good.",#Foodie;#Vegan;#CafeVibes,283,52,17,Toronto Canada,Neutral,0.17
13125,2026-03-02 23:03:00,USR_4124,user_231,Market volatility is extremely high today. Make sure to manage your risks carefully.,#Crypto;#Finance;#Trading,448,73,38,New York USA,Neutral,-0.0
13126,2026-03-02 23:03:45,USR_4125,user_232,Morning 10k run completed! Feeling energized and ready to tackle the week ahead.,#Fitness;#RunnersHigh;#Health,184,161,31,Chicago USA,Positive,0.9
13127,2026-03-02 23:04:30,USR_4126,user_233,The movie trailer released today looks completely underwhelming. Expectations ruined.,#MovieNews;#CinemaFail,486,95,67,Los Angeles USA,Negative,-0.65
13128,2026-03-02 23:05:15,USR_4127,user_234,Landing in Tokyo! Super excited to explore the vibrant street food and culture.,#Travel;#Japan;#Wanderlust,186,49,29,Tokyo Japan,Positive,0.88
13129,2026-03-02 23:06:00,USR_4128,user_235,Large language models are transforming modern data processing workflows rapidly.,#AI;#MachineLearning;#BigData,337,181,48,Boston USA,Positive,0.6
13130,2026-03-02 23:06:45,USR_4129,user_236,Servers are down again during the tournament. Extremely frustrating update!,#Gaming;#ServerDown;#Esports,582,94,68,Austin USA,Negative,-0.89
13131,2026-03-02 23:07:30,USR_4130,user_237,Attended the annual cloud computing conference. So many great insights on distributed systems.,#CloudComputing;#DevOps;#TechConference,640,73,52,Seattle USA,Positive,0.89
13132,2026-03-02 23:08:15,USR_4131,user_238,Flight got canceled last minute without any reasonable explanation. Very disappointing service.,#AirlineFail;#TravelProblems,397,87,25,Atlanta USA,Negative,-0.93
13133,2026-03-02 23:09:00,USR_4132,user_239,Started reading a new science fiction novel. The plot is turning out to be super captivating.,#Books;#SciFi;#ReadingList,502,192,21,London UK,Positive,0.73
13134,2026-03-02 23:09:45,USR_4133,user_240,Electric vehicles are becoming more affordable and accessible every year.,#EV;#Automotive;#CleanEnergy,547,142,37,Berlin Germany,Positive,0.69
13135,2026-03-02 23:10:30,USR_4134,user_241,Heavy rain and flooding reported across the southern district. Stay safe everyone!,#WeatherAlert;#SafetyFirst,497,95,39,Mumbai India,Negative,-0.47
13136,2026-03-02 23:11:15,USR_4135,user_242,Upgraded to the new smartphone today! The camera speed and display are absolutely incredible.,#Tech;#NewPhone;#TechTrends,493,120,50,San Francisco USA,Positive,0.91
13137,2026-03-02 23:12:00,USR_4136,user_243,Public transit delayed for the third time this week. Terrible service during peak hours!,#TransitFail;#CityLife,304,104,65,London UK,Negative,-0.78
13138,2026-03-02 23:12:45,USR_4137,user_244,Switching to solar energy for our home. The installation was smooth and efficient.,#GoGreen;#SolarEnergy;#Sustainability,200,117,46,Sydney Australia,Positive,0.74
13139,2026-03-02 23:13:30,USR_4138,user_245,"Tried the new vegan cafe downtown. Food was average, but the iced coffee was good.",#Foodie;#Vegan;#CafeVibes,466,151,16,Toronto Canada,Neutral,0.22
13140,2026-03-02 23:14:15,USR_4139,user_246,Market volatility is extremely high today. Make sure to manage your risks carefully.,#Crypto;#Finance;#Trading,395,107,42,New York USA,Neutral,-0.02
13141,2026-03-02 23:15:00,USR_4140,user_247,Morning 10k run completed! Feeling energized and ready to tackle the week ahead.,#Fitness;#RunnersHigh;#Health,576,58,63,Chicago USA,Positive,0.95
13142,2026-03-02 23:15:45,USR_4141,user_248,The movie trailer released today looks completely underwhelming. Expectations ruined.,#MovieNews;#CinemaFail,214,155,18,Los Angeles USA,Negative,-0.68
13143,2026-03-02 23:16:30,USR_4142,user_249,Landing in Tokyo! Super excited to explore the vibrant street food and culture.,#Travel;#Japan;#Wanderlust,287,116,16,Tokyo Japan,Positive,1.0
13144,2026-03-02 23:17:15,USR_4143,user_250,Large language models are transforming modern data processing workflows rapidly.,#AI;#MachineLearning;#BigData,319,112,55,Boston USA,Positive,0.71
13145,2026-03-02 23:18:00,USR_4144,user_251,Servers are down again during the tournament. Extremely frustrating update!,#Gaming;#ServerDown;#Esports,578,136,31,Austin USA,Negative,-0.88
13146,2026-03-02 23:18:45,USR_4145,user_252,Attended the annual cloud computing conference. So many great insights on distributed systems.,#CloudComputing;#DevOps;#TechConference,463,172,33,Seattle USA,Positive,0.86
13147,2026-03-02 23:19:30,USR_4146,user_253,Flight got canceled last minute without any reasonable explanation. Very disappointing service.,#AirlineFail;#TravelProblems,393,77,30,Atlanta USA,Negative,-0.9
13148,2026-03-02 23:20:15,USR_4147,user_254,Started reading a new science fiction novel. The plot is turning out to be super captivating.,#Books;#SciFi;#ReadingList,501,143,40,London UK,Positive,0.74
13149,2026-03-02 23:21:00,USR_4148,user_255,Electric vehicles are becoming more affordable and accessible every year.,#EV;#Automotive;#CleanEnergy,238,71,38,Berlin Germany,Positive,0.73
13150,2026-03-02 23:21:45,USR_4149,user_256,Heavy rain and flooding reported across the southern district. Stay safe everyone!,#WeatherAlert;#SafetyFirst,477,149,38,Mumbai India,Negative,-0.46
13151,2026-03-02 23:22:30,USR_4150,user_257,Upgraded to the new smartphone today! The camera speed and display are absolutely incredible.,#Tech;#NewPhone;#TechTrends,191,186,27,San Francisco USA,Positive,0.91
13152,2026-03-02 23:23:15,USR_4151,user_258,Public transit delayed for the third time this week. Terrible service during peak hours!,#TransitFail;#CityLife,486,186,58,London UK,Negative,-0.71
13153,2026-03-02 23:24:00,USR_4152,user_259,Switching to solar energy for our home. The installation was smooth and efficient.,#GoGreen;#SolarEnergy;#Sustainability,285,148,49,Sydney Australia,Positive,0.81
13154,2026-03-02 23:24:45,USR_4153,user_260,"Tried the new vegan cafe downtown. Food was average, but the iced coffee was good.",#Foodie;#Vegan;#CafeVibes,612,128,52,Toronto Canada,Neutral,0.2
13155,2026-03-02 23:25:30,USR_4154,user_261,Market volatility is extremely high today. Make sure to manage your risks carefully.,#Crypto;#Finance;#Trading,481,100,30,New York USA,Neutral,-0.01
13156,2026-03-02 23:26:15,USR_4155,user_262,Morning 10k run completed! Feeling energized and ready to tackle the week ahead.,#Fitness;#RunnersHigh;#Health,488,179,21,Chicago USA,Positive,0.94
13157,2026-03-02 23:27:00,USR_4156,user_263,The movie trailer released today looks completely underwhelming. Expectations ruined.,#MovieNews;#CinemaFail,514,179,48,Los Angeles USA,Negative,-0.72
13158,2026-03-02 23:27:45,USR_4157,user_264,Landing in Tokyo! Super excited to explore the vibrant street food and culture.,#Travel;#Japan;#Wanderlust,549,169,46,Tokyo Japan,Positive,1.0
13159,2026-03-02 23:28:30,USR_4158,user_265,Large language models are transforming modern data processing workflows rapidly.,#AI;#MachineLearning;#BigData,343,175,24,Boston USA,Positive,0.65
13160,2026-03-02 23:29:15,USR_4159,user_266,Servers are down again during the tournament. Extremely frustrating update!,#Gaming;#ServerDown;#Esports,576,75,56,Austin USA,Negative,-0.88
13161,2026-03-02 23:30:00,USR_4160,user_267,Attended the annual cloud computing conference. So many great insights on distributed systems.,#CloudComputing;#DevOps;#TechConference,511,173,34,Seattle USA,Positive,0.86
13162,2026-03-02 23:30:45,USR_4161,user_268,Flight got canceled last minute without any reasonable explanation. Very disappointing service.,#AirlineFail;#TravelProblems,398,70,54,Atlanta USA,Negative,-0.84
13163,2026-03-02 23:31:30,USR_4162,user_269,Started reading a new science fiction novel. The plot is turning out to be super captivating.,#Books;#SciFi;#ReadingList,494,151,30,London UK,Positive,0.82
13164,2026-03-02 23:32:15,USR_4163,user_270,Electric vehicles are becoming more affordable and accessible every year.,#EV;#Automotive;#CleanEnergy,592,51,22,Berlin Germany,Positive,0.74
13165,2026-03-02 23:33:00,USR_4164,user_271,Heavy rain and flooding reported across the southern district. Stay safe everyone!,#WeatherAlert;#SafetyFirst,324,145,62,Mumbai India,Negative,-0.39
13166,2026-03-02 23:33:45,USR_4165,user_272,Upgraded to the new smartphone today! The camera speed and display are absolutely incredible.,#Tech;#NewPhone;#TechTrends,166,155,43,San Francisco USA,Positive,0.9
13167,2026-03-02 23:34:30,USR_4166,user_273,Public transit delayed for the third time this week. Terrible service during peak hours!,#TransitFail;#CityLife,511,166,31,London UK,Negative,-0.7
13168,2026-03-02 23:35:15,USR_4167,user_274,Switching to solar energy for our home. The installation was smooth and efficient.,#GoGreen;#SolarEnergy;#Sustainability,566,54,51,Sydney Australia,Positive,0.83
13169,2026-03-02 23:36:00,USR_4168,user_275,"Tried the new vegan cafe downtown. Food was average, but the iced coffee was good.",#Foodie;#Vegan;#CafeVibes,423,178,44,Toronto Canada,Neutral,0.23
13170,2026-03-02 23:36:45,USR_4169,user_276,Market volatility is extremely high today. Make sure to manage your risks carefully.,#Crypto;#Finance;#Trading,521,149,33,New York USA,Neutral,-0.09
13171,2026-03-02 23:37:30,USR_4170,user_277,Morning 10k run completed! Feeling energized and ready to tackle the week ahead.,#Fitness;#RunnersHigh;#Health,576,178,29,Chicago USA,Positive,0.99
13172,2026-03-02 23:38:15,USR_4171,user_278,The movie trailer released today looks completely underwhelming. Expectations ruined.,#MovieNews;#CinemaFail,376,49,22,Los Angeles USA,Negative,-0.73
13173,2026-03-02 23:39:00,USR_4172,user_279,Landing in Tokyo! Super excited to explore the vibrant street food and culture.,#Travel;#Japan;#Wanderlust,377,98,54,Tokyo Japan,Positive,0.97
13174,2026-03-02 23:39:45,USR_4173,user_280,Large language models are transforming modern data processing workflows rapidly.,#AI;#MachineLearning;#BigData,553,142,37,Boston USA,Positive,0.61
13175,2026-03-02 23:40:30,USR_4174,user_281,Servers are down again during the tournament. Extremely frustrating update!,#Gaming;#ServerDown;#Esports,449,198,24,Austin USA,Negative,-0.79
13176,2026-03-02 23:41:15,USR_4175,user_282,Attended the annual cloud computing conference. So many great insights on distributed systems.,#CloudComputing;#DevOps;#TechConference,394,135,48,Seattle USA,Positive,0.82
13177,2026-03-02 23:42:00,USR_4176,user_283,Flight got canceled last minute without any reasonable explanation. Very disappointing service.,#AirlineFail;#TravelProblems,575,103,48,Atlanta USA,Negative,-0.87
13178,2026-03-02 23:42:45,USR_4177,user_284,Started reading a new science fiction novel. The plot is turning out to be super captivating.,#Books;#SciFi;#ReadingList,365,113,22,London UK,Positive,0.77
13179,2026-03-02 23:43:30,USR_4178,user_285,Electric vehicles are becoming more affordable and accessible every year.,#EV;#Automotive;#CleanEnergy,593,68,65,Berlin Germany,Positive,0.74
13180,2026-03-02 23:44:15,USR_4179,user_286,Heavy rain and flooding reported across the southern district. Stay safe everyone!,#WeatherAlert;#SafetyFirst,366,188,36,Mumbai India,Negative,-0.41
13181,2026-03-02 23:45:00,USR_4180,user_287,Upgraded to the new smartphone today! The camera speed and display are absolutely incredible.,#Tech;#NewPhone;#TechTrends,334,74,41,San Francisco USA,Positive,0.87
13182,2026-03-02 23:45:45,USR_4181,user_288,Public transit delayed for the third time this week. Terrible service during peak hours!,#TransitFail;#CityLife,175,115,66,London UK,Negative,-0.71
13183,2026-03-02 23:46:30,USR_4182,user_289,Switching to solar energy for our home. The installation was smooth and efficient.,#GoGreen;#SolarEnergy;#Sustainability,204,197,59,Sydney Australia,Positive,0.74
13184,2026-03-02 23:47:15,USR_4183,user_290,"Tried the new vegan cafe downtown. Food was average, but the iced coffee was good.",#Foodie;#Vegan;#CafeVibes,603,98,49,Toronto Canada,Neutral,0.17
13185,2026-03-02 23:48:00,USR_4184,user_291,Market volatility is extremely high today. Make sure to manage your risks carefully.,#Crypto;#Finance;#Trading,193,75,45,New York USA,Neutral,0.0
13186,2026-03-02 23:48:45,USR_4185,user_292,Morning 10k run completed! Feeling energized and ready to tackle the week ahead.,#Fitness;#RunnersHigh;#Health,418,86,37,Chicago USA,Positive,0.88
13187,2026-03-02 23:49:30,USR_4186,user_293,The movie trailer released today looks completely underwhelming. Expectations ruined.,#MovieNews;#CinemaFail,643,92,61,Los Angeles USA,Negative,-0.68
13188,2026-03-02 23:50:15,USR_4187,user_294,Landing in Tokyo! Super excited to explore the vibrant street food and culture.,#Travel;#Japan;#Wanderlust,442,80,39,Tokyo Japan,Positive,1.0
13189,2026-03-02 23:51:00,USR_4188,user_295,Large language models are transforming modern data processing workflows rapidly.,#AI;#MachineLearning;#BigData,330,150,33,Boston USA,Positive,0.63
13190,2026-03-02 23:51:45,USR_4189,user_296,Servers are down again during the tournament. Extremely frustrating update!,#Gaming;#ServerDown;#Esports,239,112,20,Austin USA,Negative,-0.74
13191,2026-03-02 23:52:30,USR_4190,user_297,Attended the annual cloud computing conference. So many great insights on distributed systems.,#CloudComputing;#DevOps;#TechConference,222,170,52,Seattle USA,Positive,0.79
13192,2026-03-02 23:53:15,USR_4191,user_298,Flight got canceled last minute without any reasonable explanation. Very disappointing service.,#AirlineFail;#TravelProblems,222,144,44,Atlanta USA,Negative,-0.92
13193,2026-03-02 23:54:00,USR_4192,user_299,Started reading a new science fiction novel. The plot is turning out to be super captivating.,#Books;#SciFi;#ReadingList,523,129,29,London UK,Positive,0.8
13194,2026-03-02 23:54:45,USR_4193,user_300,Electric vehicles are becoming more affordable and accessible every year.,#EV;#Automotive;#CleanEnergy,198,162,32,Berlin Germany,Positive,0.72
13195,2026-03-02 23:55:30,USR_4194,user_301,Heavy rain and flooding reported across the southern district. Stay safe everyone!,#WeatherAlert;#SafetyFirst,624,55,63,Mumbai India,Negative,-0.42
13196,2026-03-02 23:56:15,USR_4195,user_302,Upgraded to the new smartphone today! The camera speed and display are absolutely incredible.,#Tech;#NewPhone;#TechTrends,465,113,50,San Francisco USA,Positive,0.83
13197,2026-03-02 23:57:00,USR_4196,user_303,Public transit delayed for the third time this week. Terrible service during peak hours!,#TransitFail;#CityLife,657,60,37,London UK,Negative,-0.75
13198,2026-03-02 23:57:45,USR_4197,user_304,Switching to solar energy for our home. The installation was smooth and efficient.,#GoGreen;#SolarEnergy;#Sustainability,599,116,48,Sydney Australia,Positive,0.78
13199,2026-03-02 23:58:30,USR_4198,user_305,"Tried the new vegan cafe downtown. Food was average, but the iced coffee was good.",#Foodie;#Vegan;#CafeVibes,387,116,60,Toronto Canada,Neutral,0.2
13200,2026-03-02 23:59:15,USR_4199,user_306,Market volatility is extremely high today. Make sure to manage your risks carefully.,#Crypto;#Finance;#Trading,178,167,23,New York USA,Neutral,-0.02
13201,2026-03-03 00:00:00,USR_4200,user_307,Morning 10k run completed! Feeling energized and ready to tackle the week ahead.,#Fitness;#RunnersHigh;#Health,415,138,23,Chicago USA,Positive,0.88
13202,2026-03-03 00:00:45,USR_4201,user_308,The movie trailer released today looks completely underwhelming. Expectations ruined.,#MovieNews;#CinemaFail,530,113,52,Los Angeles USA,Negative,-0.67
13203,2026-03-03 00:01:30,USR_4202,user_309,Landing in Tokyo! Super excited to explore the vibrant street food and culture.,#Travel;#Japan;#Wanderlust,444,118,17,Tokyo Japan,Positive,1.0
13204,2026-03-03 00:02:15,USR_4203,user_310,Large language models are transforming modern data processing workflows rapidly.,#AI;#MachineLearning;#BigData,543,128,22,Boston USA,Positive,0.63
13205,2026-03-03 00:03:00,USR_4204,user_311,Servers are down again during the tournament. Extremely frustrating update!,#Gaming;#ServerDown;#Esports,263,45,29,Austin USA,Negative,-0.77
13206,2026-03-03 00:03:45,USR_4205,user_312,Attended the annual cloud computing conference. So many great insights on distributed systems.,#CloudComputing;#DevOps;#TechConference,278,142,60,Seattle USA,Positive,0.75
13207,2026-03-03 00:04:30,USR_4206,user_313,Flight got canceled last minute without any reasonable explanation. Very disappointing service.,#AirlineFail;#TravelProblems,339,179,61,Atlanta USA,Negative,-0.94
13208,2026-03-03 00:05:15,USR_4207,user_314,Started reading a new science fiction novel. The plot is turning out to be super captivating.,#Books;#SciFi;#ReadingList,522,147,31,London UK,Positive,0.69
13209,2026-03-03 00:06:00,USR_4208,user_315,Electric vehicles are becoming more affordable and accessible every year.,#EV;#Automotive;#CleanEnergy,241,84,30,Berlin Germany,Positive,0.71
13210,2026-03-03 00:06:45,USR_4209,user_316,Heavy rain and flooding reported across the southern district. Stay safe everyone!,#WeatherAlert;#SafetyFirst,198,143,50,Mumbai India,Negative,-0.45
13211,2026-03-03 00:07:30,USR_4210,user_317,Upgraded to the new smartphone today! The camera speed and display are absolutely incredible.,#Tech;#NewPhone;#TechTrends,383,160,58,San Francisco USA,Positive,0.84
13212,2026-03-03 00:08:15,USR_4211,user_318,Public transit delayed for the third time this week. Terrible service during peak hours!,#TransitFail;#CityLife,463,96,40,London UK,Negative,-0.77
13213,2026-03-03 00:09:00,USR_4212,user_319,Switching to solar energy for our home. The installation was smooth and efficient.,#GoGreen;#SolarEnergy;#Sustainability,578,100,27,Sydney Australia,Positive,0.71
13214,2026-03-03 00:09:45,USR_4213,user_320,"Tried the new vegan cafe downtown. Food was average, but the iced coffee was good.",#Foodie;#Vegan;#CafeVibes,577,126,20,Toronto Canada,Neutral,0.15
13215,2026-03-03 00:10:30,USR_4214,user_321,Market volatility is extremely high today. Make sure to manage your risks carefully.,#Crypto;#Finance;#Trading,496,144,45,New York USA,Neutral,-0.06
13216,2026-03-03 00:11:15,USR_4215,user_322,Morning 10k run completed! Feeling energized and ready to tackle the week ahead.,#Fitness;#RunnersHigh;#Health,163,158,55,Chicago USA,Positive,0.98
13217,2026-03-03 00:12:00,USR_4216,user_323,The movie trailer released today looks completely underwhelming. Expectations ruined.,#MovieNews;#CinemaFail,385,126,28,Los Angeles USA,Negative,-0.7
13218,2026-03-03 00:12:45,USR_4217,user_324,Landing in Tokyo! Super excited to explore the vibrant street food and culture.,#Travel;#Japan;#Wanderlust,451,188,25,Tokyo Japan,Positive,0.91
13219,2026-03-03 00:13:30,USR_4218,user_325,Large language models are transforming modern data processing workflows rapidly.,#AI;#MachineLearning;#BigData,252,115,48,Boston USA,Positive,0.66
13220,2026-03-03 00:14:15,USR_4219,user_326,Servers are down again during the tournament. Extremely frustrating update!,#Gaming;#ServerDown;#Esports,324,161,21,Austin USA,Negative,-0.89
13221,2026-03-03 00:15:00,USR_4220,user_327,Attended the annual cloud computing conference. So many great insights on distributed systems.,#CloudComputing;#DevOps;#TechConference,417,112,62,Seattle USA,Positive,0.89
13222,2026-03-03 00:15:45,USR_4221,user_328,Flight got canceled last minute without any reasonable explanation. Very disappointing service.,#AirlineFail;#TravelProblems,212,115,45,Atlanta USA,Negative,-0.92
13223,2026-03-03 00:16:30,USR_4222,user_329,Started reading a new science fiction novel. The plot is turning out to be super captivating.,#Books;#SciFi;#ReadingList,381,104,30,London UK,Positive,0.72
13224,2026-03-03 00:17:15,USR_4223,user_330,Electric vehicles are becoming more affordable and accessible every year.,#EV;#Automotive;#CleanEnergy,265,171,29,Berlin Germany,Positive,0.73
13225,2026-03-03 00:18:00,USR_4224,user_331,Heavy rain and flooding reported across the southern district. Stay safe everyone!,#WeatherAlert;#SafetyFirst,594,191,25,Mumbai India,Negative,-0.43
13226,2026-03-03 00:18:45,USR_4225,user_332,Upgraded to the new smartphone today! The camera speed and display are absolutely incredible.,#Tech;#NewPhone;#TechTrends,476,132,51,San Francisco USA,Positive,0.79
13227,2026-03-03 00:19:30,USR_4226,user_333,Public transit delayed for the third time this week. Terrible service during peak hours!,#TransitFail;#CityLife,356,155,32,London UK,Negative,-0.66
13228,2026-03-03 00:20:15,USR_4227,user_334,Switching to solar energy for our home. The installation was smooth and efficient.,#GoGreen;#SolarEnergy;#Sustainability,156,182,48,Sydney Australia,Positive,0.77
13229,2026-03-03 00:21:00,USR_4228,user_335,"Tried the new vegan cafe downtown. Food was average, but the iced coffee was good.",#Foodie;#Vegan;#CafeVibes,465,168,51,Toronto Canada,Neutral,0.1
13230,2026-03-03 00:21:45,USR_4229,user_336,Market volatility is extremely high today. Make sure to manage your risks carefully.,#Crypto;#Finance;#Trading,315,172,26,New York USA,Neutral,0.0
13231,2026-03-03 00:22:30,USR_4230,user_337,Morning 10k run completed! Feeling energized and ready to tackle the week ahead.,#Fitness;#RunnersHigh;#Health,214,120,38,Chicago USA,Positive,0.93
13232,2026-03-03 00:23:15,USR_4231,user_338,The movie trailer released today looks completely underwhelming. Expectations ruined.,#MovieNews;#CinemaFail,311,42,64,Los Angeles USA,Negative,-0.59
13233,2026-03-03 00:24:00,USR_4232,user_339,Landing in Tokyo! Super excited to explore the vibrant street food and culture.,#Travel;#Japan;#Wanderlust,437,172,63,Tokyo Japan,Positive,0.89
13234,2026-03-03 00:24:45,USR_4233,user_340,Large language models are transforming modern data processing workflows rapidly.,#AI;#MachineLearning;#BigData,306,110,43,Boston USA,Positive,0.71
13235,2026-03-03 00:25:30,USR_4234,user_341,Servers are down again during the tournament. Extremely frustrating update!,#Gaming;#ServerDown;#Esports,345,73,40,Austin USA,Negative,-0.73
13236,2026-03-03 00:26:15,USR_4235,user_342,Attended the annual cloud computing conference. So many great insights on distributed systems.,#CloudComputing;#DevOps;#TechConference,573,38,35,Seattle USA,Positive,0.78
13237,2026-03-03 00:27:00,USR_4236,user_343,Flight got canceled last minute without any reasonable explanation. Very disappointing service.,#AirlineFail;#TravelProblems,351,59,28,Atlanta USA,Negative,-0.84
13238,2026-03-03 00:27:45,USR_4237,user_344,Started reading a new science fiction novel. The plot is turning out to be super captivating.,#Books;#SciFi;#ReadingList,588,163,23,London UK,Positive,0.72
13239,2026-03-03 00:28:30,USR_4238,user_345,Electric vehicles are becoming more affordable and accessible every year.,#EV;#Automotive;#CleanEnergy,199,151,29,Berlin Germany,Positive,0.73
13240,2026-03-03 00:29:15,USR_4239,user_346,Heavy rain and flooding reported across the southern district. Stay safe everyone!,#WeatherAlert;#SafetyFirst,359,174,27,Mumbai India,Negative,-0.46
13241,2026-03-03 00:30:00,USR_4240,user_347,Upgraded to the new smartphone today! The camera speed and display are absolutely incredible.,#Tech;#NewPhone;#TechTrends,321,148,15,San Francisco USA,Positive,0.8
13242,2026-03-03 00:30:45,USR_4241,user_348,Public transit delayed for the third time this week. Terrible service during peak hours!,#TransitFail;#CityLife,396,191,36,London UK,Negative,-0.66
13243,2026-03-03 00:31:30,USR_4242,user_349,Switching to solar energy for our home. The installation was smooth and efficient.,#GoGreen;#SolarEnergy;#Sustainability,514,115,16,Sydney Australia,Positive,0.8
13244,2026-03-03 00:32:15,USR_4243,user_350,"Tried the new vegan cafe downtown. Food was average, but the iced coffee was good.",#Foodie;#Vegan;#CafeVibes,188,89,18,Toronto Canada,Neutral,0.09
13245,2026-03-03 00:33:00,USR_4244,user_351,Market volatility is extremely high today. Make sure to manage your risks carefully.,#Crypto;#Finance;#Trading,268,141,31,New York USA,Neutral,0.01
13246,2026-03-03 00:33:45,USR_4245,user_352,Morning 10k run completed! Feeling energized and ready to tackle the week ahead.,#Fitness;#RunnersHigh;#Health,648,74,40,Chicago USA,Positive,0.93
13247,2026-03-03 00:34:30,USR_4246,user_353,The movie trailer released today looks completely underwhelming. Expectations ruined.,#MovieNews;#CinemaFail,253,172,35,Los Angeles USA,Negative,-0.69
13248,2026-03-03 00:35:15,USR_4247,user_354,Landing in Tokyo! Super excited to explore the vibrant street food and culture.,#Travel;#Japan;#Wanderlust,621,140,22,Tokyo Japan,Positive,1.0
13249,2026-03-03 00:36:00,USR_4248,user_355,Large language models are transforming modern data processing workflows rapidly.,#AI;#MachineLearning;#BigData,314,162,24,Boston USA,Positive,0.6
13250,2026-03-03 00:36:45,USR_4249,user_356,Servers are down again during the tournament. Extremely frustrating update!,#Gaming;#ServerDown;#Esports,371,89,53,Austin USA,Negative,-0.74
13251,2026-03-03 00:37:30,USR_4250,user_357,Attended the annual cloud computing conference. So many great insights on distributed systems.,#CloudComputing;#DevOps;#TechConference,276,152,22,Seattle USA,Positive,0.82
13252,2026-03-03 00:38:15,USR_4251,user_358,Flight got canceled last minute without any reasonable explanation. Very disappointing service.,#AirlineFail;#TravelProblems,582,177,49,Atlanta USA,Negative,-0.86
13253,2026-03-03 00:39:00,USR_4252,user_359,Started reading a new science fiction novel. The plot is turning out to be super captivating.,#Books;#SciFi;#ReadingList,317,152,23,London UK,Positive,0.73
13254,2026-03-03 00:39:45,USR_4253,user_360,Electric vehicles are becoming more affordable and accessible every year.,#EV;#Automotive;#CleanEnergy,511,95,21,Berlin Germany,Positive,0.65
13255,2026-03-03 00:40:30,USR_4254,user_361,Heavy rain and flooding reported across the southern district. Stay safe everyone!,#WeatherAlert;#SafetyFirst,301,41,64,Mumbai India,Negative,-0.41
13256,2026-03-03 00:41:15,USR_4255,user_362,Upgraded to the new smartphone today! The camera speed and display are absolutely incredible.,#Tech;#NewPhone;#TechTrends,474,143,53,San Francisco USA,Positive,0.8
13257,2026-03-03 00:42:00,USR_4256,user_363,Public transit delayed for the third time this week. Terrible service during peak hours!,#TransitFail;#CityLife,461,168,43,London UK,Negative,-0.75
13258,2026-03-03 00:42:45,USR_4257,user_364,Switching to solar energy for our home. The installation was smooth and efficient.,#GoGreen;#SolarEnergy;#Sustainability,148,126,69,Sydney Australia,Positive,0.8
13259,2026-03-03 00:43:30,USR_4258,user_365,"Tried the new vegan cafe downtown. Food was average, but the iced coffee was good.",#Foodie;#Vegan;#CafeVibes,538,90,49,Toronto Canada,Neutral,0.18
13260,2026-03-03 00:44:15,USR_4259,user_366,Market volatility is extremely high today. Make sure to manage your risks carefully.,#Crypto;#Finance;#Trading,535,144,24,New York USA,Neutral,-0.11
13261,2026-03-03 00:45:00,USR_4260,user_367,Morning 10k run completed! Feeling energized and ready to tackle the week ahead.,#Fitness;#RunnersHigh;#Health,358,173,65,Chicago USA,Positive,0.93
13262,2026-03-03 00:45:45,USR_4261,user_368,The movie trailer released today looks completely underwhelming. Expectations ruined.,#MovieNews;#CinemaFail,281,117,39,Los Angeles USA,Negative,-0.62
13263,2026-03-03 00:46:30,USR_4262,user_369,Landing in Tokyo! Super excited to explore the vibrant street food and culture.,#Travel;#Japan;#Wanderlust,292,117,43,Tokyo Japan,Positive,0.93
13264,2026-03-03 00:47:15,USR_4263,user_370,Large language models are transforming modern data processing workflows rapidly.,#AI;#MachineLearning;#BigData,213,80,48,Boston USA,Positive,0.63
13265,2026-03-03 00:48:00,USR_4264,user_371,Servers are down again during the tournament. Extremely frustrating update!,#Gaming;#ServerDown;#Esports,268,104,41,Austin USA,Negative,-0.81
13266,2026-03-03 00:48:45,USR_4265,user_372,Attended the annual cloud computing conference. So many great insights on distributed systems.,#CloudComputing;#DevOps;#TechConference,618,123,36,Seattle USA,Positive,0.84
13267,2026-03-03 00:49:30,USR_4266,user_373,Flight got canceled last minute without any reasonable explanation. Very disappointing service.,#AirlineFail;#TravelProblems,532,128,42,Atlanta USA,Negative,-0.86
13268,2026-03-03 00:50:15,USR_4267,user_374,Started reading a new science fiction novel. The plot is turning out to be super captivating.,#Books;#SciFi;#ReadingList,356,133,34,London UK,Positive,0.82
13269,2026-03-03 00:51:00,USR_4268,user_375,Electric vehicles are becoming more affordable and accessible every year.,#EV;#Automotive;#CleanEnergy,319,66,39,Berlin Germany,Positive,0.71
13270,2026-03-03 00:51:45,USR_4269,user_376,Heavy rain and flooding reported across the southern district. Stay safe everyone!,#WeatherAlert;#SafetyFirst,414,153,22,Mumbai India,Negative,-0.36
13271,2026-03-03 00:52:30,USR_4270,user_377,Upgraded to the new smartphone today! The camera speed and display are absolutely incredible.,#Tech;#NewPhone;#TechTrends,606,120,58,San Francisco USA,Positive,0.82
13272,2026-03-03 00:53:15,USR_4271,user_378,Public transit delayed for the third time this week. Terrible service during peak hours!,#TransitFail;#CityLife,460,167,54,London UK,Negative,-0.76
13273,2026-03-03 00:54:00,USR_4272,user_379,Switching to solar energy for our home. The installation was smooth and efficient.,#GoGreen;#SolarEnergy;#Sustainability,550,55,35,Sydney Australia,Positive,0.86
13274,2026-03-03 00:54:45,USR_4273,user_380,"Tried the new vegan cafe downtown. Food was average, but the iced coffee was good.",#Foodie;#Vegan;#CafeVibes,174,176,61,Toronto Canada,Neutral,0.2
13275,2026-03-03 00:55:30,USR_4274,user_381,Market volatility is extremely high today. Make sure to manage your risks carefully.,#Crypto;#Finance;#Trading,199,153,26,New York USA,Neutral,-0.09
13276,2026-03-03 00:56:15,USR_4275,user_382,Morning 10k run completed! Feeling energized and ready to tackle the week ahead.,#Fitness;#RunnersHigh;#Health,316,80,28,Chicago USA,Positive,0.9
13277,2026-03-03 00:57:00,USR_4276,user_383,The movie trailer released today looks completely underwhelming. Expectations ruined.,#MovieNews;#CinemaFail,484,172,40,Los Angeles USA,Negative,-0.69
13278,2026-03-03 00:57:45,USR_4277,user_384,Landing in Tokyo! Super excited to explore the vibrant street food and culture.,#Travel;#Japan;#Wanderlust,591,147,23,Tokyo Japan,Positive,0.89
13279,2026-03-03 00:58:30,USR_4278,user_385,Large language models are transforming modern data processing workflows rapidly.,#AI;#MachineLearning;#BigData,603,149,37,Boston USA,Positive,0.68
13280,2026-03-03 00:59:15,USR_4279,user_386,Servers are down again during the tournament. Extremely frustrating update!,#Gaming;#ServerDown;#Esports,497,136,60,Austin USA,Negative,-0.77
13281,2026-03-03 01:00:00,USR_4280,user_387,Attended the annual cloud computing conference. So many great insights on distributed systems.,#CloudComputing;#DevOps;#TechConference,258,167,58,Seattle USA,Positive,0.86
13282,2026-03-03 01:00:45,USR_4281,user_388,Flight got canceled last minute without any reasonable explanation. Very disappointing service.,#AirlineFail;#TravelProblems,617,146,34,Atlanta USA,Negative,-0.87
13283,2026-03-03 01:01:30,USR_4282,user_389,Started reading a new science fiction novel. The plot is turning out to be super captivating.,#Books;#SciFi;#ReadingList,579,103,26,London UK,Positive,0.83
13284,2026-03-03 01:02:15,USR_4283,user_390,Electric vehicles are becoming more affordable and accessible every year.,#EV;#Automotive;#CleanEnergy,619,73,52,Berlin Germany,Positive,0.76
13285,2026-03-03 01:03:00,USR_4284,user_391,Heavy rain and flooding reported across the southern district. Stay safe everyone!,#WeatherAlert;#SafetyFirst,613,105,41,Mumbai India,Negative,-0.42
13286,2026-03-03 01:03:45,USR_4285,user_392,Upgraded to the new smartphone today! The camera speed and display are absolutely incredible.,#Tech;#NewPhone;#TechTrends,311,115,44,San Francisco USA,Positive,0.81
13287,2026-03-03 01:04:30,USR_4286,user_393,Public transit delayed for the third time this week. Terrible service during peak hours!,#TransitFail;#CityLife,560,145,53,London UK,Negative,-0.68
13288,2026-03-03 01:05:15,USR_4287,user_394,Switching to solar energy for our home. The installation was smooth and efficient.,#GoGreen;#SolarEnergy;#Sustainability,219,61,36,Sydney Australia,Positive,0.8
13289,2026-03-03 01:06:00,USR_4288,user_395,"Tried the new vegan cafe downtown. Food was average, but the iced coffee was good.",#Foodie;#Vegan;#CafeVibes,294,124,58,Toronto Canada,Neutral,0.1
13290,2026-03-03 01:06:45,USR_4289,user_396,Market volatility is extremely high today. Make sure to manage your risks carefully.,#Crypto;#Finance;#Trading,219,69,65,New York USA,Neutral,-0.1
13291,2026-03-03 01:07:30,USR_4290,user_397,Morning 10k run completed! Feeling energized and ready to tackle the week ahead.,#Fitness;#RunnersHigh;#Health,375,130,60,Chicago USA,Positive,0.96
13292,2026-03-03 01:08:15,USR_4291,user_398,The movie trailer released today looks completely underwhelming. Expectations ruined.,#MovieNews;#CinemaFail,157,122,45,Los Angeles USA,Negative,-0.61
13293,2026-03-03 01:09:00,USR_4292,user_399,Landing in Tokyo! Super excited to explore the vibrant street food and culture.,#Travel;#Japan;#Wanderlust,525,41,15,Tokyo Japan,Positive,0.93
13294,2026-03-03 01:09:45,USR_4293,user_400,Large language models are transforming modern data processing workflows rapidly.,#AI;#MachineLearning;#BigData,487,147,15,Boston USA,Positive,0.64
13295,2026-03-03 01:10:30,USR_4294,user_401,Servers are down again during the tournament. Extremely frustrating update!,#Gaming;#ServerDown;#Esports,281,91,41,Austin USA,Negative,-0.83
13296,2026-03-03 01:11:15,USR_4295,user_402,Attended the annual cloud computing conference. So many great insights on distributed systems.,#CloudComputing;#DevOps;#TechConference,202,150,49,Seattle USA,Positive,0.8
13297,2026-03-03 01:12:00,USR_4296,user_403,Flight got canceled last minute without any reasonable explanation. Very disappointing service.,#AirlineFail;#TravelProblems,436,76,16,Atlanta USA,Negative,-0.93
13298,2026-03-03 01:12:45,USR_4297,user_404,Started reading a new science fiction novel. The plot is turning out to be super captivating.,#Books;#SciFi;#ReadingList,374,121,35,London UK,Positive,0.67
13299,2026-03-03 01:13:30,USR_4298,user_405,Electric vehicles are becoming more affordable and accessible every year.,#EV;#Automotive;#CleanEnergy,401,144,62,Berlin Germany,Positive,0.73
13300,2026-03-03 01:14:15,USR_4299,user_406,Heavy rain and flooding reported across the southern district. Stay safe everyone!,#WeatherAlert;#SafetyFirst,589,81,64,Mumbai India,Negative,-0.4
13301,2026-03-03 01:15:00,USR_4300,user_407,Upgraded to the new smartphone today! The camera speed and display are absolutely incredible.,#Tech;#NewPhone;#TechTrends,400,61,44,San Francisco USA,Positive,0.86
13302,2026-03-03 01:15:45,USR_4301,user_408,Public transit delayed for the third time this week. Terrible service during peak hours!,#TransitFail;#CityLife,614,50,27,London UK,Negative,-0.74
13303,2026-03-03 01:16:30,USR_4302,user_409,Switching to solar energy for our home. The installation was smooth and efficient.,#GoGreen;#SolarEnergy;#Sustainability,260,138,19,Sydney Australia,Positive,0.79
13304,2026-03-03 01:17:15,USR_4303,user_410,"Tried the new vegan cafe downtown. Food was average, but the iced coffee was good.",#Foodie;#Vegan;#CafeVibes,488,178,64,Toronto Canada,Neutral,0.18
13305,2026-03-03 01:18:00,USR_4304,user_411,Market volatility is extremely high today. Make sure to manage your risks carefully.,#Crypto;#Finance;#Trading,184,152,20,New York USA,Neutral,-0.07
13306,2026-03-03 01:18:45,USR_4305,user_412,Morning 10k run completed! Feeling energized and ready to tackle the week ahead.,#Fitness;#RunnersHigh;#Health,652,79,46,Chicago USA,Positive,0.86
13307,2026-03-03 01:19:30,USR_4306,user_413,The movie trailer released today looks completely underwhelming. Expectations ruined.,#MovieNews;#CinemaFail,189,180,9,Los Angeles USA,Negative,-0.58
13308,2026-03-03 01:20:15,USR_4307,user_414,Landing in Tokyo! Super excited to explore the vibrant street food and culture.,#Travel;#Japan;#Wanderlust,492,69,61,Tokyo Japan,Positive,0.92
13309,2026-03-03 01:21:00,USR_4308,user_415,Large language models are transforming modern data processing workflows rapidly.,#AI;#MachineLearning;#BigData,429,117,47,Boston USA,Positive,0.65
13310,2026-03-03 01:21:45,USR_4309,user_416,Servers are down again during the tournament. Extremely frustrating update!,#Gaming;#ServerDown;#Esports,565,61,16,Austin USA,Negative,-0.8
13311,2026-03-03 01:22:30,USR_4310,user_417,Attended the annual cloud computing conference. So many great insights on distributed systems.,#CloudComputing;#DevOps;#TechConference,305,175,37,Seattle USA,Positive,0.86
13312,2026-03-03 01:23:15,USR_4311,user_418,Flight got canceled last minute without any reasonable explanation. Very disappointing service.,#AirlineFail;#TravelProblems,322,169,49,Atlanta USA,Negative,-0.87
13313,2026-03-03 01:24:00,USR_4312,user_419,Started reading a new science fiction novel. The plot is turning out to be super captivating.,#Books;#SciFi;#ReadingList,410,50,43,London UK,Positive,0.69
13314,2026-03-03 01:24:45,USR_4313,user_420,Electric vehicles are becoming more affordable and accessible every year.,#EV;#Automotive;#CleanEnergy,628,191,41,Berlin Germany,Positive,0.67
13315,2026-03-03 01:25:30,USR_4314,user_421,Heavy rain and flooding reported across the southern district. Stay safe everyone!,#WeatherAlert;#SafetyFirst,425,105,58,Mumbai India,Negative,-0.44
13316,2026-03-03 01:26:15,USR_4315,user_422,Upgraded to the new smartphone today! The camera speed and display are absolutely incredible.,#Tech;#NewPhone;#TechTrends,333,120,26,San Francisco USA,Positive,0.91
13317,2026-03-03 01:27:00,USR_4316,user_423,Public transit delayed for the third time this week. Terrible service during peak hours!,#TransitFail;#CityLife,468,167,52,London UK,Negative,-0.65
13318,2026-03-03 01:27:45,USR_4317,user_424,Switching to solar energy for our home. The installation was smooth and efficient.,#GoGreen;#SolarEnergy;#Sustainability,414,47,28,Sydney Australia,Positive,0.71
13319,2026-03-03 01:28:30,USR_4318,user_425,"Tried the new vegan cafe downtown. Food was average, but the iced coffee was good.",#Foodie;#Vegan;#CafeVibes,292,123,15,Toronto Canada,Neutral,0.12
13320,2026-03-03 01:29:15,USR_4319,user_426,Market volatility is extremely high today. Make sure to manage your risks carefully.,#Crypto;#Finance;#Trading,401,36,66,New York USA,Neutral,-0.0
13321,2026-03-03 01:30:00,USR_4320,user_427,Morning 10k run completed! Feeling energized and ready to tackle the week ahead.,#Fitness;#RunnersHigh;#Health,328,99,59,Chicago USA,Positive,0.91
13322,2026-03-03 01:30:45,USR_4321,user_428,The movie trailer released today looks completely underwhelming. Expectations ruined.,#MovieNews;#CinemaFail,654,83,37,Los Angeles USA,Negative,-0.6
13323,2026-03-03 01:31:30,USR_4322,user_429,Landing in Tokyo! Super excited to explore the vibrant street food and culture.,#Travel;#Japan;#Wanderlust,589,137,54,Tokyo Japan,Positive,0.94
13324,2026-03-03 01:32:15,USR_4323,user_430,Large language models are transforming modern data processing workflows rapidly.,#AI;#MachineLearning;#BigData,221,114,35,Boston USA,Positive,0.6
13325,2026-03-03 01:33:00,USR_4324,user_431,Servers are down again during the tournament. Extremely frustrating update!,#Gaming;#ServerDown;#Esports,183,59,47,Austin USA,Negative,-0.85
13326,2026-03-03 01:33:45,USR_4325,user_432,Attended the annual cloud computing conference. So many great insights on distributed systems.,#CloudComputing;#DevOps;#TechConference,261,147,40,Seattle USA,Positive,0.79
13327,2026-03-03 01:34:30,USR_4326,user_433,Flight got canceled last minute without any reasonable explanation. Very disappointing service.,#AirlineFail;#TravelProblems,466,153,36,Atlanta USA,Negative,-0.92
13328,2026-03-03 01:35:15,USR_4327,user_434,Started reading a new science fiction novel. The plot is turning out to be super captivating.,#Books;#SciFi;#ReadingList,396,123,56,London UK,Positive,0.78
13329,2026-03-03 01:36:00,USR_4328,user_435,Electric vehicles are becoming more affordable and accessible every year.,#EV;#Automotive;#CleanEnergy,490,77,48,Berlin Germany,Positive,0.78
13330,2026-03-03 01:36:45,USR_4329,user_436,Heavy rain and flooding reported across the southern district. Stay safe everyone!,#WeatherAlert;#SafetyFirst,236,77,49,Mumbai India,Negative,-0.34
13331,2026-03-03 01:37:30,USR_4330,user_437,Upgraded to the new smartphone today! The camera speed and display are absolutely incredible.,#Tech;#NewPhone;#TechTrends,520,150,25,San Francisco USA,Positive,0.89
13332,2026-03-03 01:38:15,USR_4331,user_438,Public transit delayed for the third time this week. Terrible service during peak hours!,#TransitFail;#CityLife,638,38,40,London UK,Negative,-0.73
13333,2026-03-03 01:39:00,USR_4332,user_439,Switching to solar energy for our home. The installation was smooth and efficient.,#GoGreen;#SolarEnergy;#Sustainability,462,108,25,Sydney Australia,Positive,0.81
13334,2026-03-03 01:39:45,USR_4333,user_440,"Tried the new vegan cafe downtown. Food was average, but the iced coffee was good.",#Foodie;#Vegan;#CafeVibes,362,84,27,Toronto Canada,Neutral,0.23
13335,2026-03-03 01:40:30,USR_4334,user_441,Market volatility is extremely high today. Make sure to manage your risks carefully.,#Crypto;#Finance;#Trading,620,112,36,New York USA,Neutral,-0.05
13336,2026-03-03 01:41:15,USR_4335,user_442,Morning 10k run completed! Feeling energized and ready to tackle the week ahead.,#Fitness;#RunnersHigh;#Health,609,76,16,Chicago USA,Positive,0.89
13337,2026-03-03 01:42:00,USR_4336,user_443,The movie trailer released today looks completely underwhelming. Expectations ruined.,#MovieNews;#CinemaFail,441,48,40,Los Angeles USA,Negative,-0.58
13338,2026-03-03 01:42:45,USR_4337,user_444,Landing in Tokyo! Super excited to explore the vibrant street food and culture.,#Travel;#Japan;#Wanderlust,272,58,51,Tokyo Japan,Positive,1.0
13339,2026-03-03 01:43:30,USR_4338,user_445,Large language models are transforming modern data processing workflows rapidly.,#AI;#MachineLearning;#BigData,391,130,40,Boston USA,Positive,0.73
13340,2026-03-03 01:44:15,USR_4339,user_446,Servers are down again during the tournament. Extremely frustrating update!,#Gaming;#ServerDown;#Esports,302,170,48,Austin USA,Negative,-0.81
13341,2026-03-03 01:45:00,USR_4340,user_447,Attended the annual cloud computing conference. So many great insights on distributed systems.,#CloudComputing;#DevOps;#TechConference,304,49,22,Seattle USA,Positive,0.75
13342,2026-03-03 01:45:45,USR_4341,user_448,Flight got canceled last minute without any reasonable explanation. Very disappointing service.,#AirlineFail;#TravelProblems,638,118,37,Atlanta USA,Negative,-0.85
13343,2026-03-03 01:46:30,USR_4342,user_449,Started reading a new science fiction novel. The plot is turning out to be super captivating.,#Books;#SciFi;#ReadingList,305,103,15,London UK,Positive,0.7
13344,2026-03-03 01:47:15,USR_4343,user_450,Electric vehicles are becoming more affordable and accessible every year.,#EV;#Automotive;#CleanEnergy,193,171,12,Berlin Germany,Positive,0.69
13345,2026-03-03 01:48:00,USR_4344,user_451,Heavy rain and flooding reported across the southern district. Stay safe everyone!,#WeatherAlert;#SafetyFirst,523,77,28,Mumbai India,Negative,-0.32
13346,2026-03-03 01:48:45,USR_4345,user_452,Upgraded to the new smartphone today! The camera speed and display are absolutely incredible.,#Tech;#NewPhone;#TechTrends,536,48,14,San Francisco USA,Positive,0.87
13347,2026-03-03 01:49:30,USR_4346,user_453,Public transit delayed for the third time this week. Terrible service during peak hours!,#TransitFail;#CityLife,471,179,43,London UK,Negative,-0.67
13348,2026-03-03 01:50:15,USR_4347,user_454,Switching to solar energy for our home. The installation was smooth and efficient.,#GoGreen;#SolarEnergy;#Sustainability,636,175,64,Sydney Australia,Positive,0.78
13349,2026-03-03 01:51:00,USR_4348,user_455,"Tried the new vegan cafe downtown. Food was average, but the iced coffee was good.",#Foodie;#Vegan;#CafeVibes,637,192,63,Toronto Canada,Neutral,0.08
13350,2026-03-03 01:51:45,USR_4349,user_456,Market volatility is extremely high today. Make sure to manage your risks carefully.,#Crypto;#Finance;#Trading,174,183,28,New York USA,Neutral,0.01
13351,2026-03-03 01:52:30,USR_4350,user_457,Morning 10k run completed! Feeling energized and ready to tackle the week ahead.,#Fitness;#RunnersHigh;#Health,472,59,28,Chicago USA,Positive,0.98
13352,2026-03-03 01:53:15,USR_4351,user_458,The movie trailer released today looks completely underwhelming. Expectations ruined.,#MovieNews;#CinemaFail,352,136,65,Los Angeles USA,Negative,-0.69
13353,2026-03-03 01:54:00,USR_4352,user_459,Landing in Tokyo! Super excited to explore the vibrant street food and culture.,#Travel;#Japan;#Wanderlust,297,69,18,Tokyo Japan,Positive,0.9
13354,2026-03-03 01:54:45,USR_4353,user_460,Large language models are transforming modern data processing workflows rapidly.,#AI;#MachineLearning;#BigData,246,75,61,Boston USA,Positive,0.6
13355,2026-03-03 01:55:30,USR_4354,user_461,Servers are down again during the tournament. Extremely frustrating update!,#Gaming;#ServerDown;#Esports,382,61,38,Austin USA,Negative,-0.79
13356,2026-03-03 01:56:15,USR_4355,user_462,Attended the annual cloud computing conference. So many great insights on distributed systems.,#CloudComputing;#DevOps;#TechConference,192,53,27,Seattle USA,Positive,0.79
13357,2026-03-03 01:57:00,USR_4356,user_463,Flight got canceled last minute without any reasonable explanation. Very disappointing service.,#AirlineFail;#TravelProblems,453,119,28,Atlanta USA,Negative,-0.92
13358,2026-03-03 01:57:45,USR_4357,user_464,Started reading a new science fiction novel. The plot is turning out to be super captivating.,#Books;#SciFi;#ReadingList,271,194,23,London UK,Positive,0.83
13359,2026-03-03 01:58:30,USR_4358,user_465,Electric vehicles are becoming more affordable and accessible every year.,#EV;#Automotive;#CleanEnergy,383,59,20,Berlin Germany,Positive,0.71
13360,2026-03-03 01:59:15,USR_4359,user_466,Heavy rain and flooding reported across the southern district. Stay safe everyone!,#WeatherAlert;#SafetyFirst,526,155,31,Mumbai India,Negative,-0.47
13361,2026-03-03 02:00:00,USR_4360,user_467,Upgraded to the new smartphone today! The camera speed and display are absolutely incredible.,#Tech;#NewPhone;#TechTrends,241,100,52,San Francisco USA,Positive,0.85
13362,2026-03-03 02:00:45,USR_4361,user_468,Public transit delayed for the third time this week. Terrible service during peak hours!,#TransitFail;#CityLife,481,192,26,London UK,Negative,-0.73
13363,2026-03-03 02:01:30,USR_4362,user_469,Switching to solar energy for our home. The installation was smooth and efficient.,#GoGreen;#SolarEnergy;#Sustainability,492,94,55,Sydney Australia,Positive,0.75
13364,2026-03-03 02:02:15,USR_4363,user_470,"Tried the new vegan cafe downtown. Food was average, but the iced coffee was good.",#Foodie;#Vegan;#CafeVibes,481,66,17,Toronto Canada,Neutral,0.1
13365,2026-03-03 02:03:00,USR_4364,user_471,Market volatility is extremely high today. Make sure to manage your risks carefully.,#Crypto;#Finance;#Trading,528,121,47,New York USA,Neutral,-0.08
13366,2026-03-03 02:03:45,USR_4365,user_472,Morning 10k run completed! Feeling energized and ready to tackle the week ahead.,#Fitness;#RunnersHigh;#Health,531,63,51,Chicago USA,Positive,0.95
13367,2026-03-03 02:04:30,USR_4366,user_473,The movie trailer released today looks completely underwhelming. Expectations ruined.,#MovieNews;#CinemaFail,513,115,42,Los Angeles USA,Negative,-0.67
13368,2026-03-03 02:05:15,USR_4367,user_474,Landing in Tokyo! Super excited to explore the vibrant street food and culture.,#Travel;#Japan;#Wanderlust,199,132,49,Tokyo Japan,Positive,0.88
13369,2026-03-03 02:06:00,USR_4368,user_475,Large language models are transforming modern data processing workflows rapidly.,#AI;#MachineLearning;#BigData,153,52,21,Boston USA,Positive,0.61
13370,2026-03-03 02:06:45,USR_4369,user_476,Servers are down again during the tournament. Extremely frustrating update!,#Gaming;#ServerDown;#Esports,341,124,25,Austin USA,Negative,-0.76
13371,2026-03-03 02:07:30,USR_4370,user_477,Attended the annual cloud computing conference. So many great insights on distributed systems.,#CloudComputing;#DevOps;#TechConference,391,143,56,Seattle USA,Positive,0.88
13372,2026-03-03 02:08:15,USR_4371,user_478,Flight got canceled last minute without any reasonable explanation. Very disappointing service.,#AirlineFail;#TravelProblems,267,187,33,Atlanta USA,Negative,-0.82
13373,2026-03-03 02:09:00,USR_4372,user_479,Started reading a new science fiction novel. The plot is turning out to be super captivating.,#Books;#SciFi;#ReadingList,446,53,40,London UK,Positive,0.82
13374,2026-03-03 02:09:45,USR_4373,user_480,Electric vehicles are becoming more affordable and accessible every year.,#EV;#Automotive;#CleanEnergy,373,78,32,Berlin Germany,Positive,0.74
13375,2026-03-03 02:10:30,USR_4374,user_481,Heavy rain and flooding reported across the southern district. Stay safe everyone!,#WeatherAlert;#SafetyFirst,524,165,54,Mumbai India,Negative,-0.46
13376,2026-03-03 02:11:15,USR_4375,user_482,Upgraded to the new smartphone today! The camera speed and display are absolutely incredible.,#Tech;#NewPhone;#TechTrends,335,46,46,San Francisco USA,Positive,0.86
13377,2026-03-03 02:12:00,USR_4376,user_483,Public transit delayed for the third time this week. Terrible service during peak hours!,#TransitFail;#CityLife,494,163,28,London UK,Negative,-0.72
13378,2026-03-03 02:12:45,USR_4377,user_484,Switching to solar energy for our home. The installation was smooth and efficient.,#GoGreen;#SolarEnergy;#Sustainability,201,73,25,Sydney Australia,Positive,0.78
13379,2026-03-03 02:13:30,USR_4378,user_485,"Tried the new vegan cafe downtown. Food was average, but the iced coffee was good.",#Foodie;#Vegan;#CafeVibes,610,188,41,Toronto Canada,Neutral,0.18
13380,2026-03-03 02:14:15,USR_4379,user_486,Market volatility is extremely high today. Make sure to manage your risks carefully.,#Crypto;#Finance;#Trading,158,113,60,New York USA,Neutral,-0.12
13381,2026-03-03 02:15:00,USR_4380,user_487,Morning 10k run completed! Feeling energized and ready to tackle the week ahead.,#Fitness;#RunnersHigh;#Health,173,157,17,Chicago USA,Positive,0.98
13382,2026-03-03 02:15:45,USR_4381,user_488,The movie trailer released today looks completely underwhelming. Expectations ruined.,#MovieNews;#CinemaFail,439,95,10,Los Angeles USA,Negative,-0.65
13383,2026-03-03 02:16:30,USR_4382,user_489,Landing in Tokyo! Super excited to explore the vibrant street food and culture.,#Travel;#Japan;#Wanderlust,513,70,36,Tokyo Japan,Positive,0.95
13384,2026-03-03 02:17:15,USR_4383,user_490,Large language models are transforming modern data processing workflows rapidly.,#AI;#MachineLearning;#BigData,319,158,26,Boston USA,Positive,0.62
13385,2026-03-03 02:18:00,USR_4384,user_491,Servers are down again during the tournament. Extremely frustrating update!,#Gaming;#ServerDown;#Esports,300,144,40,Austin USA,Negative,-0.77
13386,2026-03-03 02:18:45,USR_4385,user_492,Attended the annual cloud computing conference. So many great insights on distributed systems.,#CloudComputing;#DevOps;#TechConference,334,115,34,Seattle USA,Positive,0.86
13387,2026-03-03 02:19:30,USR_4386,user_493,Flight got canceled last minute without any reasonable explanation. Very disappointing service.,#AirlineFail;#TravelProblems,451,113,41,Atlanta USA,Negative,-0.87
13388,2026-03-03 02:20:15,USR_4387,user_494,Started reading a new science fiction novel. The plot is turning out to be super captivating.,#Books;#SciFi;#ReadingList,465,93,56,London UK,Positive,0.8
13389,2026-03-03 02:21:00,USR_4388,user_495,Electric vehicles are becoming more affordable and accessible every year.,#EV;#Automotive;#CleanEnergy,553,159,25,Berlin Germany,Positive,0.66
13390,2026-03-03 02:21:45,USR_4389,user_496,Heavy rain and flooding reported across the southern district. Stay safe everyone!,#WeatherAlert;#SafetyFirst,487,102,13,Mumbai India,Negative,-0.47
13391,2026-03-03 02:22:30,USR_4390,user_497,Upgraded to the new smartphone today! The camera speed and display are absolutely incredible.,#Tech;#NewPhone;#TechTrends,370,105,46,San Francisco USA,Positive,0.93
13392,2026-03-03 02:23:15,USR_4391,user_498,Public transit delayed for the third time this week. Terrible service during peak hours!,#TransitFail;#CityLife,479,121,16,London UK,Negative,-0.8
13393,2026-03-03 02:24:00,USR_4392,user_499,Switching to solar energy for our home. The installation was smooth and efficient.,#GoGreen;#SolarEnergy;#Sustainability,203,177,55,Sydney Australia,Positive,0.79
13394,2026-03-03 02:24:45,USR_4393,user_500,"Tried the new vegan cafe downtown. Food was average, but the iced coffee was good.",#Foodie;#Vegan;#CafeVibes,644,98,15,Toronto Canada,Neutral,0.22
13395,2026-03-03 02:25:30,USR_4394,user_501,Market volatility is extremely high today. Make sure to manage your risks carefully.,#Crypto;#Finance;#Trading,467,68,51,New York USA,Neutral,-0.0
13396,2026-03-03 02:26:15,USR_4395,user_502,Morning 10k run completed! Feeling energized and ready to tackle the week ahead.,#Fitness;#RunnersHigh;#Health,312,50,71,Chicago USA,Positive,0.89
13397,2026-03-03 02:27:00,USR_4396,user_503,The movie trailer released today looks completely underwhelming. Expectations ruined.,#MovieNews;#CinemaFail,419,37,55,Los Angeles USA,Negative,-0.65
13398,2026-03-03 02:27:45,USR_4397,user_504,Landing in Tokyo! Super excited to explore the vibrant street food and culture.,#Travel;#Japan;#Wanderlust,334,73,33,Tokyo Japan,Positive,0.98
13399,2026-03-03 02:28:30,USR_4398,user_505,Large language models are transforming modern data processing workflows rapidly.,#AI;#MachineLearning;#BigData,468,125,64,Boston USA,Positive,0.63
13400,2026-03-03 02:29:15,USR_4399,user_506,Servers are down again during the tournament. Extremely frustrating update!,#Gaming;#ServerDown;#Esports,531,106,64,Austin USA,Negative,-0.78
13401,2026-03-03 02:30:00,USR_4400,user_507,Attended the annual cloud computing conference. So many great insights on distributed systems.,#CloudComputing;#DevOps;#TechConference,524,106,31,Seattle USA,Positive,0.77
13402,2026-03-03 02:30:45,USR_4401,user_508,Flight got canceled last minute without any reasonable explanation. Very disappointing service.,#AirlineFail;#TravelProblems,247,170,31,Atlanta USA,Negative,-0.92
13403,2026-03-03 02:31:30,USR_4402,user_509,Started reading a new science fiction novel. The plot is turning out to be super captivating.,#Books;#SciFi;#ReadingList,511,154,20,London UK,Positive,0.77
13404,2026-03-03 02:32:15,USR_4403,user_510,Electric vehicles are becoming more affordable and accessible every year.,#EV;#Automotive;#CleanEnergy,613,143,19,Berlin Germany,Positive,0.69
13405,2026-03-03 02:33:00,USR_4404,user_511,Heavy rain and flooding reported across the southern district. Stay safe everyone!,#WeatherAlert;#SafetyFirst,439,153,30,Mumbai India,Negative,-0.38
13406,2026-03-03 02:33:45,USR_4405,user_512,Upgraded to the new smartphone today! The camera speed and display are absolutely incredible.,#Tech;#NewPhone;#TechTrends,584,53,43,San Francisco USA,Positive,0.78
13407,2026-03-03 02:34:30,USR_4406,user_513,Public transit delayed for the third time this week. Terrible service during peak hours!,#TransitFail;#CityLife,603,69,47,London UK,Negative,-0.68
13408,2026-03-03 02:35:15,USR_4407,user_514,Switching to solar energy for our home. The installation was smooth and efficient.,#GoGreen;#SolarEnergy;#Sustainability,551,176,18,Sydney Australia,Positive,0.78
13409,2026-03-03 02:36:00,USR_4408,user_515,"Tried the new vegan cafe downtown. Food was average, but the iced coffee was good.",#Foodie;#Vegan;#CafeVibes,227,77,56,Toronto Canada,Neutral,0.1
13410,2026-03-03 02:36:45,USR_4409,user_516,Market volatility is extremely high today. Make sure to manage your risks carefully.,#Crypto;#Finance;#Trading,616,129,46,New York USA,Neutral,-0.12
13411,2026-03-03 02:37:30,USR_4410,user_517,Morning 10k run completed! Feeling energized and ready to tackle the week ahead.,#Fitness;#RunnersHigh;#Health,388,179,25,Chicago USA,Positive,0.9
13412,2026-03-03 02:38:15,USR_4411,user_518,The movie trailer released today looks completely underwhelming. Expectations ruined.,#MovieNews;#CinemaFail,501,169,38,Los Angeles USA,Negative,-0.69
13413,2026-03-03 02:39:00,USR_4412,user_519,Landing in Tokyo! Super excited to explore the vibrant street food and culture.,#Travel;#Japan;#Wanderlust,450,177,47,Tokyo Japan,Positive,0.93
13414,2026-03-03 02:39:45,USR_4413,user_520,Large language models are transforming modern data processing workflows rapidly.,#AI;#MachineLearning;#BigData,234,176,42,Boston USA,Positive,0.63
13415,2026-03-03 02:40:30,USR_4414,user_521,Servers are down again during the tournament. Extremely frustrating update!,#Gaming;#ServerDown;#Esports,385,56,53,Austin USA,Negative,-0.81
13416,2026-03-03 02:41:15,USR_4415,user_522,Attended the annual cloud computing conference. So many great insights on distributed systems.,#CloudComputing;#DevOps;#TechConference,487,65,48,Seattle USA,Positive,0.8
13417,2026-03-03 02:42:00,USR_4416,user_523,Flight got canceled last minute without any reasonable explanation. Very disappointing service.,#AirlineFail;#TravelProblems,527,175,47,Atlanta USA,Negative,-0.9
13418,2026-03-03 02:42:45,USR_4417,user_524,Started reading a new science fiction novel. The plot is turning out to be super captivating.,#Books;#SciFi;#ReadingList,174,60,37,London UK,Positive,0.75
13419,2026-03-03 02:43:30,USR_4418,user_525,Electric vehicles are becoming more affordable and accessible every year.,#EV;#Automotive;#CleanEnergy,531,109,20,Berlin Germany,Positive,0.75
13420,2026-03-03 02:44:15,USR_4419,user_526,Heavy rain and flooding reported across the southern district. Stay safe everyone!,#WeatherAlert;#SafetyFirst,176,76,28,Mumbai India,Negative,-0.33
13421,2026-03-03 02:45:00,USR_4420,user_527,Upgraded to the new smartphone today! The camera speed and display are absolutely incredible.,#Tech;#NewPhone;#TechTrends,421,120,39,San Francisco USA,Positive,0.9
13422,2026-03-03 02:45:45,USR_4421,user_528,Public transit delayed for the third time this week. Terrible service during peak hours!,#TransitFail;#CityLife,588,152,26,London UK,Negative,-0.73
13423,2026-03-03 02:46:30,USR_4422,user_529,Switching to solar energy for our home. The installation was smooth and efficient.,#GoGreen;#SolarEnergy;#Sustainability,491,61,65,Sydney Australia,Positive,0.8
13424,2026-03-03 02:47:15,USR_4423,user_530,"Tried the new vegan cafe downtown. Food was average, but the iced coffee was good.",#Foodie;#Vegan;#CafeVibes,188,160,22,Toronto Canada,Neutral,0.09
13425,2026-03-03 02:48:00,USR_4424,user_531,Market volatility is extremely high today. Make sure to manage your risks carefully.,#Crypto;#Finance;#Trading,584,97,35,New York USA,Neutral,-0.04
13426,2026-03-03 02:48:45,USR_4425,user_532,Morning 10k run completed! Feeling energized and ready to tackle the week ahead.,#Fitness;#RunnersHigh;#Health,558,99,55,Chicago USA,Positive,0.96
13427,2026-03-03 02:49:30,USR_4426,user_533,The movie trailer released today looks completely underwhelming. Expectations ruined.,#MovieNews;#CinemaFail,279,177,19,Los Angeles USA,Negative,-0.72
13428,2026-03-03 02:50:15,USR_4427,user_534,Landing in Tokyo! Super excited to explore the vibrant street food and culture.,#Travel;#Japan;#Wanderlust,524,128,34,Tokyo Japan,Positive,0.98
13429,2026-03-03 02:51:00,USR_4428,user_535,Large language models are transforming modern data processing workflows rapidly.,#AI;#MachineLearning;#BigData,376,142,17,Boston USA,Positive,0.6
13430,2026-03-03 02:51:45,USR_4429,user_536,Servers are down again during the tournament. Extremely frustrating update!,#Gaming;#ServerDown;#Esports,574,67,37,Austin USA,Negative,-0.85
13431,2026-03-03 02:52:30,USR_4430,user_537,Attended the annual cloud computing conference. So many great insights on distributed systems.,#CloudComputing;#DevOps;#TechConference,350,75,28,Seattle USA,Positive,0.9
13432,2026-03-03 02:53:15,USR_4431,user_538,Flight got canceled last minute without any reasonable explanation. Very disappointing service.,#AirlineFail;#TravelProblems,354,113,15,Atlanta USA,Negative,-0.8
13433,2026-03-03 02:54:00,USR_4432,user_539,Started reading a new science fiction novel. The plot is turning out to be super captivating.,#Books;#SciFi;#ReadingList,292,131,49,London UK,Positive,0.72
13434,2026-03-03 02:54:45,USR_4433,user_540,Electric vehicles are becoming more affordable and accessible every year.,#EV;#Automotive;#CleanEnergy,171,93,26,Berlin Germany,Positive,0.64
13435,2026-03-03 02:55:30,USR_4434,user_541,Heavy rain and flooding reported across the southern district. Stay safe everyone!,#WeatherAlert;#SafetyFirst,358,152,60,Mumbai India,Negative,-0.39
13436,2026-03-03 02:56:15,USR_4435,user_542,Upgraded to the new smartphone today! The camera speed and display are absolutely incredible.,#Tech;#NewPhone;#TechTrends,551,56,55,San Francisco USA,Positive,0.78
13437,2026-03-03 02:57:00,USR_4436,user_543,Public transit delayed for the third time this week. Terrible service during peak hours!,#TransitFail;#CityLife,201,190,46,London UK,Negative,-0.79
13438,2026-03-03 02:57:45,USR_4437,user_544,Switching to solar energy for our home. The installation was smooth and efficient.,#GoGreen;#SolarEnergy;#Sustainability,354,101,31,Sydney Australia,Positive,0.76
13439,2026-03-03 02:58:30,USR_4438,user_545,"Tried the new vegan cafe downtown. Food was average, but the iced coffee was good.",#Foodie;#Vegan;#CafeVibes,439,103,43,Toronto Canada,Neutral,0.1
13440,2026-03-03 02:59:15,USR_4439,user_546,Market volatility is extremely high today. Make sure to manage your risks carefully.,#Crypto;#Finance;#Trading,219,78,34,New York USA,Neutral,-0.01
13441,2026-03-03 03:00:00,USR_4440,user_547,Morning 10k run completed! Feeling energized and ready to tackle the week ahead.,#Fitness;#RunnersHigh;#Health,627,42,33,Chicago USA,Positive,0.88
13442,2026-03-03 03:00:45,USR_4441,user_548,The movie trailer released today looks completely underwhelming. Expectations ruined.,#MovieNews;#CinemaFail,204,41,48,Los Angeles USA,Negative,-0.69
13443,2026-03-03 03:01:30,USR_4442,user_549,Landing in Tokyo! Super excited to explore the vibrant street food and culture.,#Travel;#Japan;#Wanderlust,314,110,68,Tokyo Japan,Positive,1.0
13444,2026-03-03 03:02:15,USR_4443,user_550,Large language models are transforming modern data processing workflows rapidly.,#AI;#MachineLearning;#BigData,654,130,50,Boston USA,Positive,0.72
13445,2026-03-03 03:03:00,USR_4444,user_551,Servers are down again during the tournament. Extremely frustrating update!,#Gaming;#ServerDown;#Esports,384,133,57,Austin USA,Negative,-0.83
13446,2026-03-03 03:03:45,USR_4445,user_552,Attended the annual cloud computing conference. So many great insights on distributed systems.,#CloudComputing;#DevOps;#TechConference,277,180,29,Seattle USA,Positive,0.83
13447,2026-03-03 03:04:30,USR_4446,user_553,Flight got canceled last minute without any reasonable explanation. Very disappointing service.,#AirlineFail;#TravelProblems,541,110,16,Atlanta USA,Negative,-0.87
13448,2026-03-03 03:05:15,USR_4447,user_554,Started reading a new science fiction novel. The plot is turning out to be super captivating.,#Books;#SciFi;#ReadingList,225,151,40,London UK,Positive,0.69
13449,2026-03-03 03:06:00,USR_4448,user_555,Electric vehicles are becoming more affordable and accessible every year.,#EV;#Automotive;#CleanEnergy,348,116,62,Berlin Germany,Positive,0.72
13450,2026-03-03 03:06:45,USR_4449,user_556,Heavy rain and flooding reported across the southern district. Stay safe everyone!,#WeatherAlert;#SafetyFirst,307,151,40,Mumbai India,Negative,-0.44
13451,2026-03-03 03:07:30,USR_4450,user_557,Upgraded to the new smartphone today! The camera speed and display are absolutely incredible.,#Tech;#NewPhone;#TechTrends,340,179,43,San Francisco USA,Positive,0.82
13452,2026-03-03 03:08:15,USR_4451,user_558,Public transit delayed for the third time this week. Terrible service during peak hours!,#TransitFail;#CityLife,387,90,25,London UK,Negative,-0.72
13453,2026-03-03 03:09:00,USR_4452,user_559,Switching to solar energy for our home. The installation was smooth and efficient.,#GoGreen;#SolarEnergy;#Sustainability,252,89,49,Sydney Australia,Positive,0.8
13454,2026-03-03 03:09:45,USR_4453,user_560,"Tried the new vegan cafe downtown. Food was average, but the iced coffee was good.",#Foodie;#Vegan;#CafeVibes,617,149,20,Toronto Canada,Neutral,0.2
13455,2026-03-03 03:10:30,USR_4454,user_561,Market volatility is extremely high today. Make sure to manage your risks carefully.,#Crypto;#Finance;#Trading,323,102,45,New York USA,Neutral,-0.04
13456,2026-03-03 03:11:15,USR_4455,user_562,Morning 10k run completed! Feeling energized and ready to tackle the week ahead.,#Fitness;#RunnersHigh;#Health,218,130,27,Chicago USA,Positive,0.9
13457,2026-03-03 03:12:00,USR_4456,user_563,The movie trailer released today looks completely underwhelming. Expectations ruined.,#MovieNews;#CinemaFail,617,175,43,Los Angeles USA,Negative,-0.59
13458,2026-03-03 03:12:45,USR_4457,user_564,Landing in Tokyo! Super excited to explore the vibrant street food and culture.,#Travel;#Japan;#Wanderlust,552,187,60,Tokyo Japan,Positive,0.98
13459,2026-03-03 03:13:30,USR_4458,user_565,Large language models are transforming modern data processing workflows rapidly.,#AI;#MachineLearning;#BigData,432,182,44,Boston USA,Positive,0.69
13460,2026-03-03 03:14:15,USR_4459,user_566,Servers are down again during the tournament. Extremely frustrating update!,#Gaming;#ServerDown;#Esports,486,122,25,Austin USA,Negative,-0.77
13461,2026-03-03 03:15:00,USR_4460,user_567,Attended the annual cloud computing conference. So many great insights on distributed systems.,#CloudComputing;#DevOps;#TechConference,301,132,63,Seattle USA,Positive,0.81
13462,2026-03-03 03:15:45,USR_4461,user_568,Flight got canceled last minute without any reasonable explanation. Very disappointing service.,#AirlineFail;#TravelProblems,366,75,61,Atlanta USA,Negative,-0.83
13463,2026-03-03 03:16:30,USR_4462,user_569,Started reading a new science fiction novel. The plot is turning out to be super captivating.,#Books;#SciFi;#ReadingList,389,173,56,London UK,Positive,0.82
13464,2026-03-03 03:17:15,USR_4463,user_570,Electric vehicles are becoming more affordable and accessible every year.,#EV;#Automotive;#CleanEnergy,191,183,50,Berlin Germany,Positive,0.62
13465,2026-03-03 03:18:00,USR_4464,user_571,Heavy rain and flooding reported across the southern district. Stay safe everyone!,#WeatherAlert;#SafetyFirst,357,164,63,Mumbai India,Negative,-0.39
13466,2026-03-03 03:18:45,USR_4465,user_572,Upgraded to the new smartphone today! The camera speed and display are absolutely incredible.,#Tech;#NewPhone;#TechTrends,541,60,35,San Francisco USA,Positive,0.88
13467,2026-03-03 03:19:30,USR_4466,user_573,Public transit delayed for the third time this week. Terrible service during peak hours!,#TransitFail;#CityLife,608,77,62,London UK,Negative,-0.8
13468,2026-03-03 03:20:15,USR_4467,user_574,Switching to solar energy for our home. The installation was smooth and efficient.,#GoGreen;#SolarEnergy;#Sustainability,463,138,33,Sydney Australia,Positive,0.75
13469,2026-03-03 03:21:00,USR_4468,user_575,"Tried the new vegan cafe downtown. Food was average, but the iced coffee was good.",#Foodie;#Vegan;#CafeVibes,293,155,23,Toronto Canada,Neutral,0.14
13470,2026-03-03 03:21:45,USR_4469,user_576,Market volatility is extremely high today. Make sure to manage your risks carefully.,#Crypto;#Finance;#Trading,578,71,62,New York USA,Neutral,-0.01
13471,2026-03-03 03:22:30,USR_4470,user_577,Morning 10k run completed! Feeling energized and ready to tackle the week ahead.,#Fitness;#RunnersHigh;#Health,457,113,27,Chicago USA,Positive,0.94
13472,2026-03-03 03:23:15,USR_4471,user_578,The movie trailer released today looks completely underwhelming. Expectations ruined.,#MovieNews;#CinemaFail,288,56,57,Los Angeles USA,Negative,-0.58
13473,2026-03-03 03:24:00,USR_4472,user_579,Landing in Tokyo! Super excited to explore the vibrant street food and culture.,#Travel;#Japan;#Wanderlust,325,105,43,Tokyo Japan,Positive,0.88
13474,2026-03-03 03:24:45,USR_4473,user_580,Large language models are transforming modern data processing workflows rapidly.,#AI;#MachineLearning;#BigData,298,124,55,Boston USA,Positive,0.65
13475,2026-03-03 03:25:30,USR_4474,user_581,Servers are down again during the tournament. Extremely frustrating update!,#Gaming;#ServerDown;#Esports,297,98,42,Austin USA,Negative,-0.81
13476,2026-03-03 03:26:15,USR_4475,user_582,Attended the annual cloud computing conference. So many great insights on distributed systems.,#CloudComputing;#DevOps;#TechConference,589,158,36,Seattle USA,Positive,0.83
13477,2026-03-03 03:27:00,USR_4476,user_583,Flight got canceled last minute without any reasonable explanation. Very disappointing service.,#AirlineFail;#TravelProblems,444,97,60,Atlanta USA,Negative,-0.94
13478,2026-03-03 03:27:45,USR_4477,user_584,Started reading a new science fiction novel. The plot is turning out to be super captivating.,#Books;#SciFi;#ReadingList,200,101,52,London UK,Positive,0.72
13479,2026-03-03 03:28:30,USR_4478,user_585,Electric vehicles are becoming more affordable and accessible every year.,#EV;#Automotive;#CleanEnergy,153,38,30,Berlin Germany,Positive,0.74
13480,2026-03-03 03:29:15,USR_4479,user_586,Heavy rain and flooding reported across the southern district. Stay safe everyone!,#WeatherAlert;#SafetyFirst,359,164,20,Mumbai India,Negative,-0.45
13481,2026-03-03 03:30:00,USR_4480,user_587,Upgraded to the new smartphone today! The camera speed and display are absolutely incredible.,#Tech;#NewPhone;#TechTrends,648,41,45,San Francisco USA,Positive,0.93
13482,2026-03-03 03:30:45,USR_4481,user_588,Public transit delayed for the third time this week. Terrible service during peak hours!,#TransitFail;#CityLife,444,118,62,London UK,Negative,-0.71
13483,2026-03-03 03:31:30,USR_4482,user_589,Switching to solar energy for our home. The installation was smooth and efficient.,#GoGreen;#SolarEnergy;#Sustainability,321,37,36,Sydney Australia,Positive,0.74
13484,2026-03-03 03:32:15,USR_4483,user_590,"Tried the new vegan cafe downtown. Food was average, but the iced coffee was good.",#Foodie;#Vegan;#CafeVibes,197,172,40,Toronto Canada,Neutral,0.14
13485,2026-03-03 03:33:00,USR_4484,user_591,Market volatility is extremely high today. Make sure to manage your risks carefully.,#Crypto;#Finance;#Trading,542,130,36,New York USA,Neutral,0.02
13486,2026-03-03 03:33:45,USR_4485,user_592,Morning 10k run completed! Feeling energized and ready to tackle the week ahead.,#Fitness;#RunnersHigh;#Health,459,147,33,Chicago USA,Positive,0.94
13487,2026-03-03 03:34:30,USR_4486,user_593,The movie trailer released today looks completely underwhelming. Expectations ruined.,#MovieNews;#CinemaFail,309,180,55,Los Angeles USA,Negative,-0.64
13488,2026-03-03 03:35:15,USR_4487,user_594,Landing in Tokyo! Super excited to explore the vibrant street food and culture.,#Travel;#Japan;#Wanderlust,521,96,40,Tokyo Japan,Positive,0.89
13489,2026-03-03 03:36:00,USR_4488,user_595,Large language models are transforming modern data processing workflows rapidly.,#AI;#MachineLearning;#BigData,181,85,24,Boston USA,Positive,0.65
13490,2026-03-03 03:36:45,USR_4489,user_596,Servers are down again during the tournament. Extremely frustrating update!,#Gaming;#ServerDown;#Esports,613,119,40,Austin USA,Negative,-0.8
13491,2026-03-03 03:37:30,USR_4490,user_597,Attended the annual cloud computing conference. So many great insights on distributed systems.,#CloudComputing;#DevOps;#TechConference,213,92,24,Seattle USA,Positive,0.83
13492,2026-03-03 03:38:15,USR_4491,user_598,Flight got canceled last minute without any reasonable explanation. Very disappointing service.,#AirlineFail;#TravelProblems,200,67,61,Atlanta USA,Negative,-0.93
13493,2026-03-03 03:39:00,USR_4492,user_599,Started reading a new science fiction novel. The plot is turning out to be super captivating.,#Books;#SciFi;#ReadingList,626,173,61,London UK,Positive,0.79
13494,2026-03-03 03:39:45,USR_4493,user_101,Electric vehicles are becoming more affordable and accessible every year.,#EV;#Automotive;#CleanEnergy,409,95,55,Berlin Germany,Positive,0.7
13495,2026-03-03 03:40:30,USR_4494,user_102,Heavy rain and flooding reported across the southern district. Stay safe everyone!,#WeatherAlert;#SafetyFirst,210,44,28,Mumbai India,Negative,-0.42
13496,2026-03-03 03:41:15,USR_4495,user_103,Upgraded to the new smartphone today! The camera speed and display are absolutely incredible.,#Tech;#NewPhone;#TechTrends,493,109,37,San Francisco USA,Positive,0.82
13497,2026-03-03 03:42:00,USR_4496,user_104,Public transit delayed for the third time this week. Terrible service during peak hours!,#TransitFail;#CityLife,389,182,30,London UK,Negative,-0.69
13498,2026-03-03 03:42:45,USR_4497,user_105,Switching to solar energy for our home. The installation was smooth and efficient.,#GoGreen;#SolarEnergy;#Sustainability,292,72,36,Sydney Australia,Positive,0.83
13499,2026-03-03 03:43:30,USR_4498,user_106,"Tried the new vegan cafe downtown. Food was average, but the iced coffee was good.",#Foodie;#Vegan;#CafeVibes,318,142,29,Toronto Canada,Neutral,0.08
13500,2026-03-03 03:44:15,USR_4499,user_107,Market volatility is extremely high today. Make sure to manage your risks carefully.,#Crypto;#Finance;#Trading,167,154,16,New York USA,Neutral,-0.03
13501,2026-03-03 03:45:00,USR_4500,user_108,Morning 10k run completed! Feeling energized and ready to tackle the week ahead.,#Fitness;#RunnersHigh;#Health,595,89,47,Chicago USA,Positive,1.0
13502,2026-03-03 03:45:45,USR_4501,user_109,The movie trailer released today looks completely underwhelming. Expectations ruined.,#MovieNews;#CinemaFail,445,126,31,Los Angeles USA,Negative,-0.65
13503,2026-03-03 03:46:30,USR_4502,user_110,Landing in Tokyo! Super excited to explore the vibrant street food and culture.,#Travel;#Japan;#Wanderlust,281,160,40,Tokyo Japan,Positive,1.0
13504,2026-03-03 03:47:15,USR_4503,user_111,Large language models are transforming modern data processing workflows rapidly.,#AI;#MachineLearning;#BigData,581,178,60,Boston USA,Positive,0.73
13505,2026-03-03 03:48:00,USR_4504,user_112,Servers are down again during the tournament. Extremely frustrating update!,#Gaming;#ServerDown;#Esports,479,98,48,Austin USA,Negative,-0.77
13506,2026-03-03 03:48:45,USR_4505,user_113,Attended the annual cloud computing conference. So many great insights on distributed systems.,#CloudComputing;#DevOps;#TechConference,502,61,13,Seattle USA,Positive,0.88
13507,2026-03-03 03:49:30,USR_4506,user_114,Flight got canceled last minute without any reasonable explanation. Very disappointing service.,#AirlineFail;#TravelProblems,178,136,31,Atlanta USA,Negative,-0.87
13508,2026-03-03 03:50:15,USR_4507,user_115,Started reading a new science fiction novel. The plot is turning out to be super captivating.,#Books;#SciFi;#ReadingList,269,127,63,London UK,Positive,0.76
13509,2026-03-03 03:51:00,USR_4508,user_116,Electric vehicles are becoming more affordable and accessible every year.,#EV;#Automotive;#CleanEnergy,272,81,37,Berlin Germany,Positive,0.69
13510,2026-03-03 03:51:45,USR_4509,user_117,Heavy rain and flooding reported across the southern district. Stay safe everyone!,#WeatherAlert;#SafetyFirst,618,93,51,Mumbai India,Negative,-0.43
13511,2026-03-03 03:52:30,USR_4510,user_118,Upgraded to the new smartphone today! The camera speed and display are absolutely incredible.,#Tech;#NewPhone;#TechTrends,613,101,54,San Francisco USA,Positive,0.85
13512,2026-03-03 03:53:15,USR_4511,user_119,Public transit delayed for the third time this week. Terrible service during peak hours!,#TransitFail;#CityLife,535,150,38,London UK,Negative,-0.66
13513,2026-03-03 03:54:00,USR_4512,user_120,Switching to solar energy for our home. The installation was smooth and efficient.,#GoGreen;#SolarEnergy;#Sustainability,295,84,24,Sydney Australia,Positive,0.83
13514,2026-03-03 03:54:45,USR_4513,user_121,"Tried the new vegan cafe downtown. Food was average, but the iced coffee was good.",#Foodie;#Vegan;#CafeVibes,248,179,45,Toronto Canada,Neutral,0.07
13515,2026-03-03 03:55:30,USR_4514,user_122,Market volatility is extremely high today. Make sure to manage your risks carefully.,#Crypto;#Finance;#Trading,475,197,31,New York USA,Neutral,-0.01
13516,2026-03-03 03:56:15,USR_4515,user_123,Morning 10k run completed! Feeling energized and ready to tackle the week ahead.,#Fitness;#RunnersHigh;#Health,279,115,54,Chicago USA,Positive,1.0
13517,2026-03-03 03:57:00,USR_4516,user_124,The movie trailer released today looks completely underwhelming. Expectations ruined.,#MovieNews;#CinemaFail,503,136,48,Los Angeles USA,Negative,-0.63
13518,2026-03-03 03:57:45,USR_4517,user_125,Landing in Tokyo! Super excited to explore the vibrant street food and culture.,#Travel;#Japan;#Wanderlust,662,62,51,Tokyo Japan,Positive,0.92
13519,2026-03-03 03:58:30,USR_4518,user_126,Large language models are transforming modern data processing workflows rapidly.,#AI;#MachineLearning;#BigData,511,69,38,Boston USA,Positive,0.72
13520,2026-03-03 03:59:15,USR_4519,user_127,Servers are down again during the tournament. Extremely frustrating update!,#Gaming;#ServerDown;#Esports,237,53,42,Austin USA,Negative,-0.84
13521,2026-03-03 04:00:00,USR_4520,user_128,Attended the annual cloud computing conference. So many great insights on distributed systems.,#CloudComputing;#DevOps;#TechConference,550,100,37,Seattle USA,Positive,0.79
13522,2026-03-03 04:00:45,USR_4521,user_129,Flight got canceled last minute without any reasonable explanation. Very disappointing service.,#AirlineFail;#TravelProblems,441,136,40,Atlanta USA,Negative,-0.82
13523,2026-03-03 04:01:30,USR_4522,user_130,Started reading a new science fiction novel. The plot is turning out to be super captivating.,#Books;#SciFi;#ReadingList,376,155,63,London UK,Positive,0.83
13524,2026-03-03 04:02:15,USR_4523,user_131,Electric vehicles are becoming more affordable and accessible every year.,#EV;#Automotive;#CleanEnergy,426,48,74,Berlin Germany,Positive,0.67
13525,2026-03-03 04:03:00,USR_4524,user_132,Heavy rain and flooding reported across the southern district. Stay safe everyone!,#WeatherAlert;#SafetyFirst,270,57,31,Mumbai India,Negative,-0.45
13526,2026-03-03 04:03:45,USR_4525,user_133,Upgraded to the new smartphone today! The camera speed and display are absolutely incredible.,#Tech;#NewPhone;#TechTrends,394,48,21,San Francisco USA,Positive,0.93
13527,2026-03-03 04:04:30,USR_4526,user_134,Public transit delayed for the third time this week. Terrible service during peak hours!,#TransitFail;#CityLife,187,96,28,London UK,Negative,-0.73
13528,2026-03-03 04:05:15,USR_4527,user_135,Switching to solar energy for our home. The installation was smooth and efficient.,#GoGreen;#SolarEnergy;#Sustainability,556,39,50,Sydney Australia,Positive,0.84
13529,2026-03-03 04:06:00,USR_4528,user_136,"Tried the new vegan cafe downtown. Food was average, but the iced coffee was good.",#Foodie;#Vegan;#CafeVibes,629,180,21,Toronto Canada,Neutral,0.09
13530,2026-03-03 04:06:45,USR_4529,user_137,Market volatility is extremely high today. Make sure to manage your risks carefully.,#Crypto;#Finance;#Trading,371,83,28,New York USA,Neutral,-0.09
13531,2026-03-03 04:07:30,USR_4530,user_138,Morning 10k run completed! Feeling energized and ready to tackle the week ahead.,#Fitness;#RunnersHigh;#Health,482,77,40,Chicago USA,Positive,0.87
13532,2026-03-03 04:08:15,USR_4531,user_139,The movie trailer released today looks completely underwhelming. Expectations ruined.,#MovieNews;#CinemaFail,250,194,33,Los Angeles USA,Negative,-0.61
13533,2026-03-03 04:09:00,USR_4532,user_140,Landing in Tokyo! Super excited to explore the vibrant street food and culture.,#Travel;#Japan;#Wanderlust,575,96,45,Tokyo Japan,Positive,1.0
13534,2026-03-03 04:09:45,USR_4533,user_141,Large language models are transforming modern data processing workflows rapidly.,#AI;#MachineLearning;#BigData,379,84,15,Boston USA,Positive,0.75
13535,2026-03-03 04:10:30,USR_4534,user_142,Servers are down again during the tournament. Extremely frustrating update!,#Gaming;#ServerDown;#Esports,505,54,31,Austin USA,Negative,-0.89
13536,2026-03-03 04:11:15,USR_4535,user_143,Attended the annual cloud computing conference. So many great insights on distributed systems.,#CloudComputing;#DevOps;#TechConference,200,156,16,Seattle USA,Positive,0.75
13537,2026-03-03 04:12:00,USR_4536,user_144,Flight got canceled last minute without any reasonable explanation. Very disappointing service.,#AirlineFail;#TravelProblems,194,96,23,Atlanta USA,Negative,-0.81
13538,2026-03-03 04:12:45,USR_4537,user_145,Started reading a new science fiction novel. The plot is turning out to be super captivating.,#Books;#SciFi;#ReadingList,273,67,55,London UK,Positive,0.77
13539,2026-03-03 04:13:30,USR_4538,user_146,Electric vehicles are becoming more affordable and accessible every year.,#EV;#Automotive;#CleanEnergy,369,58,40,Berlin Germany,Positive,0.69
13540,2026-03-03 04:14:15,USR_4539,user_147,Heavy rain and flooding reported across the southern district. Stay safe everyone!,#WeatherAlert;#SafetyFirst,271,62,40,Mumbai India,Negative,-0.38
13541,2026-03-03 04:15:00,USR_4540,user_148,Upgraded to the new smartphone today! The camera speed and display are absolutely incredible.,#Tech;#NewPhone;#TechTrends,575,161,10,San Francisco USA,Positive,0.86
13542,2026-03-03 04:15:45,USR_4541,user_149,Public transit delayed for the third time this week. Terrible service during peak hours!,#TransitFail;#CityLife,631,123,42,London UK,Negative,-0.79
13543,2026-03-03 04:16:30,USR_4542,user_150,Switching to solar energy for our home. The installation was smooth and efficient.,#GoGreen;#SolarEnergy;#Sustainability,452,160,39,Sydney Australia,Positive,0.85
13544,2026-03-03 04:17:15,USR_4543,user_151,"Tried the new vegan cafe downtown. Food was average, but the iced coffee was good.",#Foodie;#Vegan;#CafeVibes,326,119,34,Toronto Canada,Neutral,0.13
13545,2026-03-03 04:18:00,USR_4544,user_152,Market volatility is extremely high today. Make sure to manage your risks carefully.,#Crypto;#Finance;#Trading,533,98,33,New York USA,Neutral,-0.1
13546,2026-03-03 04:18:45,USR_4545,user_153,Morning 10k run completed! Feeling energized and ready to tackle the week ahead.,#Fitness;#RunnersHigh;#Health,440,199,30,Chicago USA,Positive,0.92
13547,2026-03-03 04:19:30,USR_4546,user_154,The movie trailer released today looks completely underwhelming. Expectations ruined.,#MovieNews;#CinemaFail,354,196,61,Los Angeles USA,Negative,-0.68
13548,2026-03-03 04:20:15,USR_4547,user_155,Landing in Tokyo! Super excited to explore the vibrant street food and culture.,#Travel;#Japan;#Wanderlust,627,129,35,Tokyo Japan,Positive,1.0
13549,2026-03-03 04:21:00,USR_4548,user_156,Large language models are transforming modern data processing workflows rapidly.,#AI;#MachineLearning;#BigData,314,110,35,Boston USA,Positive,0.65
13550,2026-03-03 04:21:45,USR_4549,user_157,Servers are down again during the tournament. Extremely frustrating update!,#Gaming;#ServerDown;#Esports,296,88,49,Austin USA,Negative,-0.77
13551,2026-03-03 04:22:30,USR_4550,user_158,Attended the annual cloud computing conference. So many great insights on distributed systems.,#CloudComputing;#DevOps;#TechConference,408,153,27,Seattle USA,Positive,0.85
13552,2026-03-03 04:23:15,USR_4551,user_159,Flight got canceled last minute without any reasonable explanation. Very disappointing service.,#AirlineFail;#TravelProblems,333,58,32,Atlanta USA,Negative,-0.93
13553,2026-03-03 04:24:00,USR_4552,user_160,Started reading a new science fiction novel. The plot is turning out to be super captivating.,#Books;#SciFi;#ReadingList,319,102,37,London UK,Positive,0.75
13554,2026-03-03 04:24:45,USR_4553,user_161,Electric vehicles are becoming more affordable and accessible every year.,#EV;#Automotive;#CleanEnergy,545,171,64,Berlin Germany,Positive,0.71
13555,2026-03-03 04:25:30,USR_4554,user_162,Heavy rain and flooding reported across the southern district. Stay safe everyone!,#WeatherAlert;#SafetyFirst,248,112,37,Mumbai India,Negative,-0.39
13556,2026-03-03 04:26:15,USR_4555,user_163,Upgraded to the new smartphone today! The camera speed and display are absolutely incredible.,#Tech;#NewPhone;#TechTrends,578,99,23,San Francisco USA,Positive,0.89
13557,2026-03-03 04:27:00,USR_4556,user_164,Public transit delayed for the third time this week. Terrible service during peak hours!,#TransitFail;#CityLife,419,177,62,London UK,Negative,-0.66
13558,2026-03-03 04:27:45,USR_4557,user_165,Switching to solar energy for our home. The installation was smooth and efficient.,#GoGreen;#SolarEnergy;#Sustainability,569,79,14,Sydney Australia,Positive,0.82
13559,2026-03-03 04:28:30,USR_4558,user_166,"Tried the new vegan cafe downtown. Food was average, but the iced coffee was good.",#Foodie;#Vegan;#CafeVibes,574,52,55,Toronto Canada,Neutral,0.21
13560,2026-03-03 04:29:15,USR_4559,user_167,Market volatility is extremely high today. Make sure to manage your risks carefully.,#Crypto;#Finance;#Trading,253,96,58,New York USA,Neutral,-0.11
13561,2026-03-03 04:30:00,USR_4560,user_168,Morning 10k run completed! Feeling energized and ready to tackle the week ahead.,#Fitness;#RunnersHigh;#Health,219,50,58,Chicago USA,Positive,0.93
13562,2026-03-03 04:30:45,USR_4561,user_169,The movie trailer released today looks completely underwhelming. Expectations ruined.,#MovieNews;#CinemaFail,406,162,53,Los Angeles USA,Negative,-0.58
13563,2026-03-03 04:31:30,USR_4562,user_170,Landing in Tokyo! Super excited to explore the vibrant street food and culture.,#Travel;#Japan;#Wanderlust,581,134,65,Tokyo Japan,Positive,0.99
13564,2026-03-03 04:32:15,USR_4563,user_171,Large language models are transforming modern data processing workflows rapidly.,#AI;#MachineLearning;#BigData,240,36,51,Boston USA,Positive,0.75
13565,2026-03-03 04:33:00,USR_4564,user_172,Servers are down again during the tournament. Extremely frustrating update!,#Gaming;#ServerDown;#Esports,410,39,43,Austin USA,Negative,-0.89
13566,2026-03-03 04:33:45,USR_4565,user_173,Attended the annual cloud computing conference. So many great insights on distributed systems.,#CloudComputing;#DevOps;#TechConference,500,100,52,Seattle USA,Positive,0.75
13567,2026-03-03 04:34:30,USR_4566,user_174,Flight got canceled last minute without any reasonable explanation. Very disappointing service.,#AirlineFail;#TravelProblems,168,39,56,Atlanta USA,Negative,-0.88
13568,2026-03-03 04:35:15,USR_4567,user_175,Started reading a new science fiction novel. The plot is turning out to be super captivating.,#Books;#SciFi;#ReadingList,368,50,30,London UK,Positive,0.74
13569,2026-03-03 04:36:00,USR_4568,user_176,Electric vehicles are becoming more affordable and accessible every year.,#EV;#Automotive;#CleanEnergy,428,122,57,Berlin Germany,Positive,0.66
13570,2026-03-03 04:36:45,USR_4569,user_177,Heavy rain and flooding reported across the southern district. Stay safe everyone!,#WeatherAlert;#SafetyFirst,321,68,13,Mumbai India,Negative,-0.45
13571,2026-03-03 04:37:30,USR_4570,user_178,Upgraded to the new smartphone today! The camera speed and display are absolutely incredible.,#Tech;#NewPhone;#TechTrends,515,115,43,San Francisco USA,Positive,0.79
13572,2026-03-03 04:38:15,USR_4571,user_179,Public transit delayed for the third time this week. Terrible service during peak hours!,#TransitFail;#CityLife,575,56,27,London UK,Negative,-0.66
13573,2026-03-03 04:39:00,USR_4572,user_180,Switching to solar energy for our home. The installation was smooth and efficient.,#GoGreen;#SolarEnergy;#Sustainability,263,88,65,Sydney Australia,Positive,0.78
13574,2026-03-03 04:39:45,USR_4573,user_181,"Tried the new vegan cafe downtown. Food was average, but the iced coffee was good.",#Foodie;#Vegan;#CafeVibes,315,138,57,Toronto Canada,Neutral,0.21
13575,2026-03-03 04:40:30,USR_4574,user_182,Market volatility is extremely high today. Make sure to manage your risks carefully.,#Crypto;#Finance;#Trading,614,191,45,New York USA,Neutral,0.03
13576,2026-03-03 04:41:15,USR_4575,user_183,Morning 10k run completed! Feeling energized and ready to tackle the week ahead.,#Fitness;#RunnersHigh;#Health,236,94,53,Chicago USA,Positive,0.96
13577,2026-03-03 04:42:00,USR_4576,user_184,The movie trailer released today looks completely underwhelming. Expectations ruined.,#MovieNews;#CinemaFail,619,84,21,Los Angeles USA,Negative,-0.7
13578,2026-03-03 04:42:45,USR_4577,user_185,Landing in Tokyo! Super excited to explore the vibrant street food and culture.,#Travel;#Japan;#Wanderlust,520,138,41,Tokyo Japan,Positive,1.0
13579,2026-03-03 04:43:30,USR_4578,user_186,Large language models are transforming modern data processing workflows rapidly.,#AI;#MachineLearning;#BigData,443,56,34,Boston USA,Positive,0.72
13580,2026-03-03 04:44:15,USR_4579,user_187,Servers are down again during the tournament. Extremely frustrating update!,#Gaming;#ServerDown;#Esports,212,123,47,Austin USA,Negative,-0.79
13581,2026-03-03 04:45:00,USR_4580,user_188,Attended the annual cloud computing conference. So many great insights on distributed systems.,#CloudComputing;#DevOps;#TechConference,214,128,31,Seattle USA,Positive,0.78
13582,2026-03-03 04:45:45,USR_4581,user_189,Flight got canceled last minute without any reasonable explanation. Very disappointing service.,#AirlineFail;#TravelProblems,541,56,60,Atlanta USA,Negative,-0.93
13583,2026-03-03 04:46:30,USR_4582,user_190,Started reading a new science fiction novel. The plot is turning out to be super captivating.,#Books;#SciFi;#ReadingList,288,90,19,London UK,Positive,0.72
13584,2026-03-03 04:47:15,USR_4583,user_191,Electric vehicles are becoming more affordable and accessible every year.,#EV;#Automotive;#CleanEnergy,216,154,36,Berlin Germany,Positive,0.63
13585,2026-03-03 04:48:00,USR_4584,user_192,Heavy rain and flooding reported across the southern district. Stay safe everyone!,#WeatherAlert;#SafetyFirst,466,156,34,Mumbai India,Negative,-0.34
13586,2026-03-03 04:48:45,USR_4585,user_193,Upgraded to the new smartphone today! The camera speed and display are absolutely incredible.,#Tech;#NewPhone;#TechTrends,198,113,30,San Francisco USA,Positive,0.84
13587,2026-03-03 04:49:30,USR_4586,user_194,Public transit delayed for the third time this week. Terrible service during peak hours!,#TransitFail;#CityLife,333,101,60,London UK,Negative,-0.71
13588,2026-03-03 04:50:15,USR_4587,user_195,Switching to solar energy for our home. The installation was smooth and efficient.,#GoGreen;#SolarEnergy;#Sustainability,230,69,51,Sydney Australia,Positive,0.84
13589,2026-03-03 04:51:00,USR_4588,user_196,"Tried the new vegan cafe downtown. Food was average, but the iced coffee was good.",#Foodie;#Vegan;#CafeVibes,475,47,28,Toronto Canada,Neutral,0.19
13590,2026-03-03 04:51:45,USR_4589,user_197,Market volatility is extremely high today. Make sure to manage your risks carefully.,#Crypto;#Finance;#Trading,484,178,39,New York USA,Neutral,-0.13
13591,2026-03-03 04:52:30,USR_4590,user_198,Morning 10k run completed! Feeling energized and ready to tackle the week ahead.,#Fitness;#RunnersHigh;#Health,175,76,46,Chicago USA,Positive,0.93
13592,2026-03-03 04:53:15,USR_4591,user_199,The movie trailer released today looks completely underwhelming. Expectations ruined.,#MovieNews;#CinemaFail,528,99,66,Los Angeles USA,Negative,-0.62
13593,2026-03-03 04:54:00,USR_4592,user_200,Landing in Tokyo! Super excited to explore the vibrant street food and culture.,#Travel;#Japan;#Wanderlust,387,166,41,Tokyo Japan,Positive,1.0
13594,2026-03-03 04:54:45,USR_4593,user_201,Large language models are transforming modern data processing workflows rapidly.,#AI;#MachineLearning;#BigData,208,110,22,Boston USA,Positive,0.75
13595,2026-03-03 04:55:30,USR_4594,user_202,Servers are down again during the tournament. Extremely frustrating update!,#Gaming;#ServerDown;#Esports,388,140,36,Austin USA,Negative,-0.79
13596,2026-03-03 04:56:15,USR_4595,user_203,Attended the annual cloud computing conference. So many great insights on distributed systems.,#CloudComputing;#DevOps;#TechConference,151,173,50,Seattle USA,Positive,0.82
13597,2026-03-03 04:57:00,USR_4596,user_204,Flight got canceled last minute without any reasonable explanation. Very disappointing service.,#AirlineFail;#TravelProblems,249,47,49,Atlanta USA,Negative,-0.88
13598,2026-03-03 04:57:45,USR_4597,user_205,Started reading a new science fiction novel. The plot is turning out to be super captivating.,#Books;#SciFi;#ReadingList,558,154,25,London UK,Positive,0.81
13599,2026-03-03 04:58:30,USR_4598,user_206,Electric vehicles are becoming more affordable and accessible every year.,#EV;#Automotive;#CleanEnergy,237,97,43,Berlin Germany,Positive,0.73
13600,2026-03-03 04:59:15,USR_4599,user_207,Heavy rain and flooding reported across the southern district. Stay safe everyone!,#WeatherAlert;#SafetyFirst,368,60,55,Mumbai India,Negative,-0.48
13601,2026-03-03 05:00:00,USR_4600,user_208,Upgraded to the new smartphone today! The camera speed and display are absolutely incredible.,#Tech;#NewPhone;#TechTrends,174,79,57,San Francisco USA,Positive,0.79
13602,2026-03-03 05:00:45,USR_4601,user_209,Public transit delayed for the third time this week. Terrible service during peak hours!,#TransitFail;#CityLife,540,95,52,London UK,Negative,-0.74
13603,2026-03-03 05:01:30,USR_4602,user_210,Switching to solar energy for our home. The installation was smooth and efficient.,#GoGreen;#SolarEnergy;#Sustainability,412,53,20,Sydney Australia,Positive,0.78
13604,2026-03-03 05:02:15,USR_4603,user_211,"Tried the new vegan cafe downtown. Food was average, but the iced coffee was good.",#Foodie;#Vegan;#CafeVibes,252,148,39,Toronto Canada,Neutral,0.15
13605,2026-03-03 05:03:00,USR_4604,user_212,Market volatility is extremely high today. Make sure to manage your risks carefully.,#Crypto;#Finance;#Trading,531,164,41,New York USA,Neutral,-0.13
13606,2026-03-03 05:03:45,USR_4605,user_213,Morning 10k run completed! Feeling energized and ready to tackle the week ahead.,#Fitness;#RunnersHigh;#Health,317,37,61,Chicago USA,Positive,0.92
13607,2026-03-03 05:04:30,USR_4606,user_214,The movie trailer released today looks completely underwhelming. Expectations ruined.,#MovieNews;#CinemaFail,483,66,12,Los Angeles USA,Negative,-0.66
13608,2026-03-03 05:05:15,USR_4607,user_215,Landing in Tokyo! Super excited to explore the vibrant street food and culture.,#Travel;#Japan;#Wanderlust,501,179,61,Tokyo Japan,Positive,0.96
13609,2026-03-03 05:06:00,USR_4608,user_216,Large language models are transforming modern data processing workflows rapidly.,#AI;#MachineLearning;#BigData,183,184,30,Boston USA,Positive,0.68
13610,2026-03-03 05:06:45,USR_4609,user_217,Servers are down again during the tournament. Extremely frustrating update!,#Gaming;#ServerDown;#Esports,388,59,46,Austin USA,Negative,-0.78
13611,2026-03-03 05:07:30,USR_4610,user_218,Attended the annual cloud computing conference. So many great insights on distributed systems.,#CloudComputing;#DevOps;#TechConference,444,54,39,Seattle USA,Positive,0.75
13612,2026-03-03 05:08:15,USR_4611,user_219,Flight got canceled last minute without any reasonable explanation. Very disappointing service.,#AirlineFail;#TravelProblems,504,88,33,Atlanta USA,Negative,-0.81
13613,2026-03-03 05:09:00,USR_4612,user_220,Started reading a new science fiction novel. The plot is turning out to be super captivating.,#Books;#SciFi;#ReadingList,212,130,68,London UK,Positive,0.76
13614,2026-03-03 05:09:45,USR_4613,user_221,Electric vehicles are becoming more affordable and accessible every year.,#EV;#Automotive;#CleanEnergy,628,193,25,Berlin Germany,Positive,0.66
13615,2026-03-03 05:10:30,USR_4614,user_222,Heavy rain and flooding reported across the southern district. Stay safe everyone!,#WeatherAlert;#SafetyFirst,212,76,54,Mumbai India,Negative,-0.46
13616,2026-03-03 05:11:15,USR_4615,user_223,Upgraded to the new smartphone today! The camera speed and display are absolutely incredible.,#Tech;#NewPhone;#TechTrends,616,79,23,San Francisco USA,Positive,0.84
13617,2026-03-03 05:12:00,USR_4616,user_224,Public transit delayed for the third time this week. Terrible service during peak hours!,#TransitFail;#CityLife,583,121,13,London UK,Negative,-0.67
13618,2026-03-03 05:12:45,USR_4617,user_225,Switching to solar energy for our home. The installation was smooth and efficient.,#GoGreen;#SolarEnergy;#Sustainability,295,156,50,Sydney Australia,Positive,0.81
13619,2026-03-03 05:13:30,USR_4618,user_226,"Tried the new vegan cafe downtown. Food was average, but the iced coffee was good.",#Foodie;#Vegan;#CafeVibes,300,101,33,Toronto Canada,Neutral,0.14
13620,2026-03-03 05:14:15,USR_4619,user_227,Market volatility is extremely high today. Make sure to manage your risks carefully.,#Crypto;#Finance;#Trading,326,141,26,New York USA,Neutral,-0.13
13621,2026-03-03 05:15:00,USR_4620,user_228,Morning 10k run completed! Feeling energized and ready to tackle the week ahead.,#Fitness;#RunnersHigh;#Health,601,58,32,Chicago USA,Positive,0.95
13622,2026-03-03 05:15:45,USR_4621,user_229,The movie trailer released today looks completely underwhelming. Expectations ruined.,#MovieNews;#CinemaFail,437,44,58,Los Angeles USA,Negative,-0.57
13623,2026-03-03 05:16:30,USR_4622,user_230,Landing in Tokyo! Super excited to explore the vibrant street food and culture.,#Travel;#Japan;#Wanderlust,282,65,27,Tokyo Japan,Positive,0.95
13624,2026-03-03 05:17:15,USR_4623,user_231,Large language models are transforming modern data processing workflows rapidly.,#AI;#MachineLearning;#BigData,423,147,62,Boston USA,Positive,0.61
13625,2026-03-03 05:18:00,USR_4624,user_232,Servers are down again during the tournament. Extremely frustrating update!,#Gaming;#ServerDown;#Esports,611,71,58,Austin USA,Negative,-0.75
13626,2026-03-03 05:18:45,USR_4625,user_233,Attended the annual cloud computing conference. So many great insights on distributed systems.,#CloudComputing;#DevOps;#TechConference,543,135,53,Seattle USA,Positive,0.82
13627,2026-03-03 05:19:30,USR_4626,user_234,Flight got canceled last minute without any reasonable explanation. Very disappointing service.,#AirlineFail;#TravelProblems,470,82,66,Atlanta USA,Negative,-0.94
13628,2026-03-03 05:20:15,USR_4627,user_235,Started reading a new science fiction novel. The plot is turning out to be super captivating.,#Books;#SciFi;#ReadingList,635,107,43,London UK,Positive,0.79
13629,2026-03-03 05:21:00,USR_4628,user_236,Electric vehicles are becoming more affordable and accessible every year.,#EV;#Automotive;#CleanEnergy,364,154,31,Berlin Germany,Positive,0.65
13630,2026-03-03 05:21:45,USR_4629,user_237,Heavy rain and flooding reported across the southern district. Stay safe everyone!,#WeatherAlert;#SafetyFirst,639,143,53,Mumbai India,Negative,-0.43
13631,2026-03-03 05:22:30,USR_4630,user_238,Upgraded to the new smartphone today! The camera speed and display are absolutely incredible.,#Tech;#NewPhone;#TechTrends,170,127,37,San Francisco USA,Positive,0.93
13632,2026-03-03 05:23:15,USR_4631,user_239,Public transit delayed for the third time this week. Terrible service during peak hours!,#TransitFail;#CityLife,439,120,24,London UK,Negative,-0.69
13633,2026-03-03 05:24:00,USR_4632,user_240,Switching to solar energy for our home. The installation was smooth and efficient.,#GoGreen;#SolarEnergy;#Sustainability,604,132,26,Sydney Australia,Positive,0.78
13634,2026-03-03 05:24:45,USR_4633,user_241,"Tried the new vegan cafe downtown. Food was average, but the iced coffee was good.",#Foodie;#Vegan;#CafeVibes,528,163,35,Toronto Canada,Neutral,0.23
13635,2026-03-03 05:25:30,USR_4634,user_242,Market volatility is extremely high today. Make sure to manage your risks carefully.,#Crypto;#Finance;#Trading,320,89,14,New York USA,Neutral,-0.06
13636,2026-03-03 05:26:15,USR_4635,user_243,Morning 10k run completed! Feeling energized and ready to tackle the week ahead.,#Fitness;#RunnersHigh;#Health,583,157,23,Chicago USA,Positive,0.93
13637,2026-03-03 05:27:00,USR_4636,user_244,The movie trailer released today looks completely underwhelming. Expectations ruined.,#MovieNews;#CinemaFail,334,77,44,Los Angeles USA,Negative,-0.7
13638,2026-03-03 05:27:45,USR_4637,user_245,Landing in Tokyo! Super excited to explore the vibrant street food and culture.,#Travel;#Japan;#Wanderlust,535,99,59,Tokyo Japan,Positive,0.91
13639,2026-03-03 05:28:30,USR_4638,user_246,Large language models are transforming modern data processing workflows rapidly.,#AI;#MachineLearning;#BigData,622,77,64,Boston USA,Positive,0.72
13640,2026-03-03 05:29:15,USR_4639,user_247,Servers are down again during the tournament. Extremely frustrating update!,#Gaming;#ServerDown;#Esports,158,131,27,Austin USA,Negative,-0.88
13641,2026-03-03 05:30:00,USR_4640,user_248,Attended the annual cloud computing conference. So many great insights on distributed systems.,#CloudComputing;#DevOps;#TechConference,178,152,43,Seattle USA,Positive,0.85
13642,2026-03-03 05:30:45,USR_4641,user_249,Flight got canceled last minute without any reasonable explanation. Very disappointing service.,#AirlineFail;#TravelProblems,147,154,26,Atlanta USA,Negative,-0.86
13643,2026-03-03 05:31:30,USR_4642,user_250,Started reading a new science fiction novel. The plot is turning out to be super captivating.,#Books;#SciFi;#ReadingList,213,123,43,London UK,Positive,0.79
13644,2026-03-03 05:32:15,USR_4643,user_251,Electric vehicles are becoming more affordable and accessible every year.,#EV;#Automotive;#CleanEnergy,444,150,61,Berlin Germany,Positive,0.77
13645,2026-03-03 05:33:00,USR_4644,user_252,Heavy rain and flooding reported across the southern district. Stay safe everyone!,#WeatherAlert;#SafetyFirst,365,46,43,Mumbai India,Negative,-0.47
13646,2026-03-03 05:33:45,USR_4645,user_253,Upgraded to the new smartphone today! The camera speed and display are absolutely incredible.,#Tech;#NewPhone;#TechTrends,354,43,55,San Francisco USA,Positive,0.79
13647,2026-03-03 05:34:30,USR_4646,user_254,Public transit delayed for the third time this week. Terrible service during peak hours!,#TransitFail;#CityLife,530,128,51,London UK,Negative,-0.75
13648,2026-03-03 05:35:15,USR_4647,user_255,Switching to solar energy for our home. The installation was smooth and efficient.,#GoGreen;#SolarEnergy;#Sustainability,185,177,39,Sydney Australia,Positive,0.7
13649,2026-03-03 05:36:00,USR_4648,user_256,"Tried the new vegan cafe downtown. Food was average, but the iced coffee was good.",#Foodie;#Vegan;#CafeVibes,471,107,25,Toronto Canada,Neutral,0.14
13650,2026-03-03 05:36:45,USR_4649,user_257,Market volatility is extremely high today. Make sure to manage your risks carefully.,#Crypto;#Finance;#Trading,323,114,23,New York USA,Neutral,-0.02
13651,2026-03-03 05:37:30,USR_4650,user_258,Morning 10k run completed! Feeling energized and ready to tackle the week ahead.,#Fitness;#RunnersHigh;#Health,193,88,51,Chicago USA,Positive,0.94
13652,2026-03-03 05:38:15,USR_4651,user_259,The movie trailer released today looks completely underwhelming. Expectations ruined.,#MovieNews;#CinemaFail,369,172,58,Los Angeles USA,Negative,-0.61
13653,2026-03-03 05:39:00,USR_4652,user_260,Landing in Tokyo! Super excited to explore the vibrant street food and culture.,#Travel;#Japan;#Wanderlust,385,179,32,Tokyo Japan,Positive,0.97
13654,2026-03-03 05:39:45,USR_4653,user_261,Large language models are transforming modern data processing workflows rapidly.,#AI;#MachineLearning;#BigData,277,137,55,Boston USA,Positive,0.75
13655,2026-03-03 05:40:30,USR_4654,user_262,Servers are down again during the tournament. Extremely frustrating update!,#Gaming;#ServerDown;#Esports,328,107,60,Austin USA,Negative,-0.87
13656,2026-03-03 05:41:15,USR_4655,user_263,Attended the annual cloud computing conference. So many great insights on distributed systems.,#CloudComputing;#DevOps;#TechConference,661,67,52,Seattle USA,Positive,0.78
13657,2026-03-03 05:42:00,USR_4656,user_264,Flight got canceled last minute without any reasonable explanation. Very disappointing service.,#AirlineFail;#TravelProblems,373,147,23,Atlanta USA,Negative,-0.87
13658,2026-03-03 05:42:45,USR_4657,user_265,Started reading a new science fiction novel. The plot is turning out to be super captivating.,#Books;#SciFi;#ReadingList,390,108,26,London UK,Positive,0.7
13659,2026-03-03 05:43:30,USR_4658,user_266,Electric vehicles are becoming more affordable and accessible every year.,#EV;#Automotive;#CleanEnergy,484,25,17,Berlin Germany,Positive,0.73
13660,2026-03-03 05:44:15,USR_4659,user_267,Heavy rain and flooding reported across the southern district. Stay safe everyone!,#WeatherAlert;#SafetyFirst,623,78,51,Mumbai India,Negative,-0.46
13661,2026-03-03 05:45:00,USR_4660,user_268,Upgraded to the new smartphone today! The camera speed and display are absolutely incredible.,#Tech;#NewPhone;#TechTrends,491,111,38,San Francisco USA,Positive,0.84
13662,2026-03-03 05:45:45,USR_4661,user_269,Public transit delayed for the third time this week. Terrible service during peak hours!,#TransitFail;#CityLife,380,178,28,London UK,Negative,-0.65
13663,2026-03-03 05:46:30,USR_4662,user_270,Switching to solar energy for our home. The installation was smooth and efficient.,#GoGreen;#SolarEnergy;#Sustainability,412,113,42,Sydney Australia,Positive,0.71
13664,2026-03-03 05:47:15,USR_4663,user_271,"Tried the new vegan cafe downtown. Food was average, but the iced coffee was good.",#Foodie;#Vegan;#CafeVibes,646,122,37,Toronto Canada,Neutral,0.21
13665,2026-03-03 05:48:00,USR_4664,user_272,Market volatility is extremely high today. Make sure to manage your risks carefully.,#Crypto;#Finance;#Trading,647,64,15,New York USA,Neutral,-0.03
13666,2026-03-03 05:48:45,USR_4665,user_273,Morning 10k run completed! Feeling energized and ready to tackle the week ahead.,#Fitness;#RunnersHigh;#Health,570,113,27,Chicago USA,Positive,0.97
13667,2026-03-03 05:49:30,USR_4666,user_274,The movie trailer released today looks completely underwhelming. Expectations ruined.,#MovieNews;#CinemaFail,402,62,31,Los Angeles USA,Negative,-0.73
13668,2026-03-03 05:50:15,USR_4667,user_275,Landing in Tokyo! Super excited to explore the vibrant street food and culture.,#Travel;#Japan;#Wanderlust,437,71,32,Tokyo Japan,Positive,0.93
13669,2026-03-03 05:51:00,USR_4668,user_276,Large language models are transforming modern data processing workflows rapidly.,#AI;#MachineLearning;#BigData,452,166,63,Boston USA,Positive,0.63
13670,2026-03-03 05:51:45,USR_4669,user_277,Servers are down again during the tournament. Extremely frustrating update!,#Gaming;#ServerDown;#Esports,361,124,23,Austin USA,Negative,-0.76
13671,2026-03-03 05:52:30,USR_4670,user_278,Attended the annual cloud computing conference. So many great insights on distributed systems.,#CloudComputing;#DevOps;#TechConference,221,142,29,Seattle USA,Positive,0.89
13672,2026-03-03 05:53:15,USR_4671,user_279,Flight got canceled last minute without any reasonable explanation. Very disappointing service.,#AirlineFail;#TravelProblems,393,181,32,Atlanta USA,Negative,-0.91
13673,2026-03-03 05:54:00,USR_4672,user_280,Started reading a new science fiction novel. The plot is turning out to be super captivating.,#Books;#SciFi;#ReadingList,353,44,44,London UK,Positive,0.8
13674,2026-03-03 05:54:45,USR_4673,user_281,Electric vehicles are becoming more affordable and accessible every year.,#EV;#Automotive;#CleanEnergy,165,145,57,Berlin Germany,Positive,0.72
13675,2026-03-03 05:55:30,USR_4674,user_282,Heavy rain and flooding reported across the southern district. Stay safe everyone!,#WeatherAlert;#SafetyFirst,414,161,56,Mumbai India,Negative,-0.38
13676,2026-03-03 05:56:15,USR_4675,user_283,Upgraded to the new smartphone today! The camera speed and display are absolutely incredible.,#Tech;#NewPhone;#TechTrends,252,187,48,San Francisco USA,Positive,0.87
13677,2026-03-03 05:57:00,USR_4676,user_284,Public transit delayed for the third time this week. Terrible service during peak hours!,#TransitFail;#CityLife,593,188,25,London UK,Negative,-0.71
13678,2026-03-03 05:57:45,USR_4677,user_285,Switching to solar energy for our home. The installation was smooth and efficient.,#GoGreen;#SolarEnergy;#Sustainability,637,118,23,Sydney Australia,Positive,0.76
13679,2026-03-03 05:58:30,USR_4678,user_286,"Tried the new vegan cafe downtown. Food was average, but the iced coffee was good.",#Foodie;#Vegan;#CafeVibes,462,74,23,Toronto Canada,Neutral,0.22
13680,2026-03-03 05:59:15,USR_4679,user_287,Market volatility is extremely high today. Make sure to manage your risks carefully.,#Crypto;#Finance;#Trading,452,85,32,New York USA,Neutral,-0.08
13681,2026-03-03 06:00:00,USR_4680,user_288,Morning 10k run completed! Feeling energized and ready to tackle the week ahead.,#Fitness;#RunnersHigh;#Health,306,87,44,Chicago USA,Positive,0.92
13682,2026-03-03 06:00:45,USR_4681,user_289,The movie trailer released today looks completely underwhelming. Expectations ruined.,#MovieNews;#CinemaFail,473,116,12,Los Angeles USA,Negative,-0.61
13683,2026-03-03 06:01:30,USR_4682,user_290,Landing in Tokyo! Super excited to explore the vibrant street food and culture.,#Travel;#Japan;#Wanderlust,433,109,59,Tokyo Japan,Positive,0.96
13684,2026-03-03 06:02:15,USR_4683,user_291,Large language models are transforming modern data processing workflows rapidly.,#AI;#MachineLearning;#BigData,256,37,30,Boston USA,Positive,0.7
13685,2026-03-03 06:03:00,USR_4684,user_292,Servers are down again during the tournament. Extremely frustrating update!,#Gaming;#ServerDown;#Esports,181,50,13,Austin USA,Negative,-0.86
13686,2026-03-03 06:03:45,USR_4685,user_293,Attended the annual cloud computing conference. So many great insights on distributed systems.,#CloudComputing;#DevOps;#TechConference,305,152,54,Seattle USA,Positive,0.8
13687,2026-03-03 06:04:30,USR_4686,user_294,Flight got canceled last minute without any reasonable explanation. Very disappointing service.,#AirlineFail;#TravelProblems,605,133,41,Atlanta USA,Negative,-0.93
13688,2026-03-03 06:05:15,USR_4687,user_295,Started reading a new science fiction novel. The plot is turning out to be super captivating.,#Books;#SciFi;#ReadingList,295,167,53,London UK,Positive,0.7
13689,2026-03-03 06:06:00,USR_4688,user_296,Electric vehicles are becoming more affordable and accessible every year.,#EV;#Automotive;#CleanEnergy,630,52,48,Berlin Germany,Positive,0.75
13690,2026-03-03 06:06:45,USR_4689,user_297,Heavy rain and flooding reported across the southern district. Stay safe everyone!,#WeatherAlert;#SafetyFirst,301,115,50,Mumbai India,Negative,-0.32
13691,2026-03-03 06:07:30,USR_4690,user_298,Upgraded to the new smartphone today! The camera speed and display are absolutely incredible.,#Tech;#NewPhone;#TechTrends,430,74,46,San Francisco USA,Positive,0.84
13692,2026-03-03 06:08:15,USR_4691,user_299,Public transit delayed for the third time this week. Terrible service during peak hours!,#TransitFail;#CityLife,447,59,45,London UK,Negative,-0.65
13693,2026-03-03 06:09:00,USR_4692,user_300,Switching to solar energy for our home. The installation was smooth and efficient.,#GoGreen;#SolarEnergy;#Sustainability,302,60,28,Sydney Australia,Positive,0.75
13694,2026-03-03 06:09:45,USR_4693,user_301,"Tried the new vegan cafe downtown. Food was average, but the iced coffee was good.",#Foodie;#Vegan;#CafeVibes,510,67,50,Toronto Canada,Neutral,0.18
13695,2026-03-03 06:10:30,USR_4694,user_302,Market volatility is extremely high today. Make sure to manage your risks carefully.,#Crypto;#Finance;#Trading,446,142,61,New York USA,Neutral,0.02
13696,2026-03-03 06:11:15,USR_4695,user_303,Morning 10k run completed! Feeling energized and ready to tackle the week ahead.,#Fitness;#RunnersHigh;#Health,362,139,23,Chicago USA,Positive,0.89
13697,2026-03-03 06:12:00,USR_4696,user_304,The movie trailer released today looks completely underwhelming. Expectations ruined.,#MovieNews;#CinemaFail,169,135,56,Los Angeles USA,Negative,-0.59
13698,2026-03-03 06:12:45,USR_4697,user_305,Landing in Tokyo! Super excited to explore the vibrant street food and culture.,#Travel;#Japan;#Wanderlust,472,52,29,Tokyo Japan,Positive,0.94
13699,2026-03-03 06:13:30,USR_4698,user_306,Large language models are transforming modern data processing workflows rapidly.,#AI;#MachineLearning;#BigData,236,154,59,Boston USA,Positive,0.76
13700,2026-03-03 06:14:15,USR_4699,user_307,Servers are down again during the tournament. Extremely frustrating update!,#Gaming;#ServerDown;#Esports,367,153,27,Austin USA,Negative,-0.84
13701,2026-03-03 06:15:00,USR_4700,user_308,Attended the annual cloud computing conference. So many great insights on distributed systems.,#CloudComputing;#DevOps;#TechConference,600,188,37,Seattle USA,Positive,0.81
13702,2026-03-03 06:15:45,USR_4701,user_309,Flight got canceled last minute without any reasonable explanation. Very disappointing service.,#AirlineFail;#TravelProblems,237,55,47,Atlanta USA,Negative,-0.83
13703,2026-03-03 06:16:30,USR_4702,user_310,Started reading a new science fiction novel. The plot is turning out to be super captivating.,#Books;#SciFi;#ReadingList,164,146,44,London UK,Positive,0.73
13704,2026-03-03 06:17:15,USR_4703,user_311,Electric vehicles are becoming more affordable and accessible every year.,#EV;#Automotive;#CleanEnergy,524,57,11,Berlin Germany,Positive,0.68
13705,2026-03-03 06:18:00,USR_4704,user_312,Heavy rain and flooding reported across the southern district. Stay safe everyone!,#WeatherAlert;#SafetyFirst,320,164,11,Mumbai India,Negative,-0.47
13706,2026-03-03 06:18:45,USR_4705,user_313,Upgraded to the new smartphone today! The camera speed and display are absolutely incredible.,#Tech;#NewPhone;#TechTrends,417,179,9,San Francisco USA,Positive,0.83
13707,2026-03-03 06:19:30,USR_4706,user_314,Public transit delayed for the third time this week. Terrible service during peak hours!,#TransitFail;#CityLife,486,46,55,London UK,Negative,-0.73
13708,2026-03-03 06:20:15,USR_4707,user_315,Switching to solar energy for our home. The installation was smooth and efficient.,#GoGreen;#SolarEnergy;#Sustainability,229,134,52,Sydney Australia,Positive,0.76
13709,2026-03-03 06:21:00,USR_4708,user_316,"Tried the new vegan cafe downtown. Food was average, but the iced coffee was good.",#Foodie;#Vegan;#CafeVibes,435,140,35,Toronto Canada,Neutral,0.14
13710,2026-03-03 06:21:45,USR_4709,user_317,Market volatility is extremely high today. Make sure to manage your risks carefully.,#Crypto;#Finance;#Trading,426,81,33,New York USA,Neutral,-0.02
13711,2026-03-03 06:22:30,USR_4710,user_318,Morning 10k run completed! Feeling energized and ready to tackle the week ahead.,#Fitness;#RunnersHigh;#Health,629,66,54,Chicago USA,Positive,0.85
13712,2026-03-03 06:23:15,USR_4711,user_319,The movie trailer released today looks completely underwhelming. Expectations ruined.,#MovieNews;#CinemaFail,609,157,15,Los Angeles USA,Negative,-0.67
13713,2026-03-03 06:24:00,USR_4712,user_320,Landing in Tokyo! Super excited to explore the vibrant street food and culture.,#Travel;#Japan;#Wanderlust,389,82,37,Tokyo Japan,Positive,1.0
13714,2026-03-03 06:24:45,USR_4713,user_321,Large language models are transforming modern data processing workflows rapidly.,#AI;#MachineLearning;#BigData,373,143,54,Boston USA,Positive,0.75
13715,2026-03-03 06:25:30,USR_4714,user_322,Servers are down again during the tournament. Extremely frustrating update!,#Gaming;#ServerDown;#Esports,220,87,45,Austin USA,Negative,-0.87
13716,2026-03-03 06:26:15,USR_4715,user_323,Attended the annual cloud computing conference. So many great insights on distributed systems.,#CloudComputing;#DevOps;#TechConference,270,128,25,Seattle USA,Positive,0.8
13717,2026-03-03 06:27:00,USR_4716,user_324,Flight got canceled last minute without any reasonable explanation. Very disappointing service.,#AirlineFail;#TravelProblems,384,177,48,Atlanta USA,Negative,-0.85
13718,2026-03-03 06:27:45,USR_4717,user_325,Started reading a new science fiction novel. The plot is turning out to be super captivating.,#Books;#SciFi;#ReadingList,315,72,51,London UK,Positive,0.76
13719,2026-03-03 06:28:30,USR_4718,user_326,Electric vehicles are becoming more affordable and accessible every year.,#EV;#Automotive;#CleanEnergy,159,129,55,Berlin Germany,Positive,0.66
13720,2026-03-03 06:29:15,USR_4719,user_327,Heavy rain and flooding reported across the southern district. Stay safe everyone!,#WeatherAlert;#SafetyFirst,345,149,45,Mumbai India,Negative,-0.42
13721,2026-03-03 06:30:00,USR_4720,user_328,Upgraded to the new smartphone today! The camera speed and display are absolutely incredible.,#Tech;#NewPhone;#TechTrends,162,169,36,San Francisco USA,Positive,0.87
13722,2026-03-03 06:30:45,USR_4721,user_329,Public transit delayed for the third time this week. Terrible service during peak hours!,#TransitFail;#CityLife,156,70,61,London UK,Negative,-0.74
13723,2026-03-03 06:31:30,USR_4722,user_330,Switching to solar energy for our home. The installation was smooth and efficient.,#GoGreen;#SolarEnergy;#Sustainability,214,84,57,Sydney Australia,Positive,0.79
13724,2026-03-03 06:32:15,USR_4723,user_331,"Tried the new vegan cafe downtown. Food was average, but the iced coffee was good.",#Foodie;#Vegan;#CafeVibes,355,75,25,Toronto Canada,Neutral,0.2
13725,2026-03-03 06:33:00,USR_4724,user_332,Market volatility is extremely high today. Make sure to manage your risks carefully.,#Crypto;#Finance;#Trading,230,49,40,New York USA,Neutral,-0.06
13726,2026-03-03 06:33:45,USR_4725,user_333,Morning 10k run completed! Feeling energized and ready to tackle the week ahead.,#Fitness;#RunnersHigh;#Health,252,144,45,Chicago USA,Positive,0.9
13727,2026-03-03 06:34:30,USR_4726,user_334,The movie trailer released today looks completely underwhelming. Expectations ruined.,#MovieNews;#CinemaFail,639,82,67,Los Angeles USA,Negative,-0.66
13728,2026-03-03 06:35:15,USR_4727,user_335,Landing in Tokyo! Super excited to explore the vibrant street food and culture.,#Travel;#Japan;#Wanderlust,472,77,64,Tokyo Japan,Positive,0.94
13729,2026-03-03 06:36:00,USR_4728,user_336,Large language models are transforming modern data processing workflows rapidly.,#AI;#MachineLearning;#BigData,278,97,41,Boston USA,Positive,0.73
13730,2026-03-03 06:36:45,USR_4729,user_337,Servers are down again during the tournament. Extremely frustrating update!,#Gaming;#ServerDown;#Esports,452,142,55,Austin USA,Negative,-0.88
13731,2026-03-03 06:37:30,USR_4730,user_338,Attended the annual cloud computing conference. So many great insights on distributed systems.,#CloudComputing;#DevOps;#TechConference,400,120,49,Seattle USA,Positive,0.87
13732,2026-03-03 06:38:15,USR_4731,user_339,Flight got canceled last minute without any reasonable explanation. Very disappointing service.,#AirlineFail;#TravelProblems,160,156,30,Atlanta USA,Negative,-0.94
13733,2026-03-03 06:39:00,USR_4732,user_340,Started reading a new science fiction novel. The plot is turning out to be super captivating.,#Books;#SciFi;#ReadingList,467,152,54,London UK,Positive,0.75
13734,2026-03-03 06:39:45,USR_4733,user_341,Electric vehicles are becoming more affordable and accessible every year.,#EV;#Automotive;#CleanEnergy,204,104,46,Berlin Germany,Positive,0.68
13735,2026-03-03 06:40:30,USR_4734,user_342,Heavy rain and flooding reported across the southern district. Stay safe everyone!,#WeatherAlert;#SafetyFirst,313,122,36,Mumbai India,Negative,-0.42
13736,2026-03-03 06:41:15,USR_4735,user_343,Upgraded to the new smartphone today! The camera speed and display are absolutely incredible.,#Tech;#NewPhone;#TechTrends,423,121,20,San Francisco USA,Positive,0.88
13737,2026-03-03 06:42:00,USR_4736,user_344,Public transit delayed for the third time this week. Terrible service during peak hours!,#TransitFail;#CityLife,430,52,18,London UK,Negative,-0.73
13738,2026-03-03 06:42:45,USR_4737,user_345,Switching to solar energy for our home. The installation was smooth and efficient.,#GoGreen;#SolarEnergy;#Sustainability,354,143,63,Sydney Australia,Positive,0.8
13739,2026-03-03 06:43:30,USR_4738,user_346,"Tried the new vegan cafe downtown. Food was average, but the iced coffee was good.",#Foodie;#Vegan;#CafeVibes,594,82,42,Toronto Canada,Neutral,0.22
13740,2026-03-03 06:44:15,USR_4739,user_347,Market volatility is extremely high today. Make sure to manage your risks carefully.,#Crypto;#Finance;#Trading,328,50,28,New York USA,Neutral,-0.09
13741,2026-03-03 06:45:00,USR_4740,user_348,Morning 10k run completed! Feeling energized and ready to tackle the week ahead.,#Fitness;#RunnersHigh;#Health,338,125,49,Chicago USA,Positive,0.88
13742,2026-03-03 06:45:45,USR_4741,user_349,The movie trailer released today looks completely underwhelming. Expectations ruined.,#MovieNews;#CinemaFail,566,102,57,Los Angeles USA,Negative,-0.64
13743,2026-03-03 06:46:30,USR_4742,user_350,Landing in Tokyo! Super excited to explore the vibrant street food and culture.,#Travel;#Japan;#Wanderlust,357,109,40,Tokyo Japan,Positive,0.98
13744,2026-03-03 06:47:15,USR_4743,user_351,Large language models are transforming modern data processing workflows rapidly.,#AI;#MachineLearning;#BigData,467,47,43,Boston USA,Positive,0.68
13745,2026-03-03 06:48:00,USR_4744,user_352,Servers are down again during the tournament. Extremely frustrating update!,#Gaming;#ServerDown;#Esports,326,72,28,Austin USA,Negative,-0.79
13746,2026-03-03 06:48:45,USR_4745,user_353,Attended the annual cloud computing conference. So many great insights on distributed systems.,#CloudComputing;#DevOps;#TechConference,372,152,15,Seattle USA,Positive,0.87
13747,2026-03-03 06:49:30,USR_4746,user_354,Flight got canceled last minute without any reasonable explanation. Very disappointing service.,#AirlineFail;#TravelProblems,456,178,23,Atlanta USA,Negative,-0.86
13748,2026-03-03 06:50:15,USR_4747,user_355,Started reading a new science fiction novel. The plot is turning out to be super captivating.,#Books;#SciFi;#ReadingList,153,94,35,London UK,Positive,0.76
13749,2026-03-03 06:51:00,USR_4748,user_356,Electric vehicles are becoming more affordable and accessible every year.,#EV;#Automotive;#CleanEnergy,497,85,13,Berlin Germany,Positive,0.63
13750,2026-03-03 06:51:45,USR_4749,user_357,Heavy rain and flooding reported across the southern district. Stay safe everyone!,#WeatherAlert;#SafetyFirst,334,115,34,Mumbai India,Negative,-0.36
13751,2026-03-03 06:52:30,USR_4750,user_358,Upgraded to the new smartphone today! The camera speed and display are absolutely incredible.,#Tech;#NewPhone;#TechTrends,221,98,25,San Francisco USA,Positive,0.87
13752,2026-03-03 06:53:15,USR_4751,user_359,Public transit delayed for the third time this week. Terrible service during peak hours!,#TransitFail;#CityLife,299,181,60,London UK,Negative,-0.66
13753,2026-03-03 06:54:00,USR_4752,user_360,Switching to solar energy for our home. The installation was smooth and efficient.,#GoGreen;#SolarEnergy;#Sustainability,522,90,36,Sydney Australia,Positive,0.78
13754,2026-03-03 06:54:45,USR_4753,user_361,"Tried the new vegan cafe downtown. Food was average, but the iced coffee was good.",#Foodie;#Vegan;#CafeVibes,198,64,26,Toronto Canada,Neutral,0.19
13755,2026-03-03 06:55:30,USR_4754,user_362,Market volatility is extremely high today. Make sure to manage your risks carefully.,#Crypto;#Finance;#Trading,394,37,52,New York USA,Neutral,-0.11
13756,2026-03-03 06:56:15,USR_4755,user_363,Morning 10k run completed! Feeling energized and ready to tackle the week ahead.,#Fitness;#RunnersHigh;#Health,365,59,42,Chicago USA,Positive,1.0
13757,2026-03-03 06:57:00,USR_4756,user_364,The movie trailer released today looks completely underwhelming. Expectations ruined.,#MovieNews;#CinemaFail,160,73,51,Los Angeles USA,Negative,-0.73
13758,2026-03-03 06:57:45,USR_4757,user_365,Landing in Tokyo! Super excited to explore the vibrant street food and culture.,#Travel;#Japan;#Wanderlust,377,50,24,Tokyo Japan,Positive,0.9
13759,2026-03-03 06:58:30,USR_4758,user_366,Large language models are transforming modern data processing workflows rapidly.,#AI;#MachineLearning;#BigData,280,44,43,Boston USA,Positive,0.62
13760,2026-03-03 06:59:15,USR_4759,user_367,Servers are down again during the tournament. Extremely frustrating update!,#Gaming;#ServerDown;#Esports,511,48,21,Austin USA,Negative,-0.86
13761,2026-03-03 07:00:00,USR_4760,user_368,Attended the annual cloud computing conference. So many great insights on distributed systems.,#CloudComputing;#DevOps;#TechConference,530,65,26,Seattle USA,Positive,0.86
13762,2026-03-03 07:00:45,USR_4761,user_369,Flight got canceled last minute without any reasonable explanation. Very disappointing service.,#AirlineFail;#TravelProblems,402,163,59,Atlanta USA,Negative,-0.92
13763,2026-03-03 07:01:30,USR_4762,user_370,Started reading a new science fiction novel. The plot is turning out to be super captivating.,#Books;#SciFi;#ReadingList,517,172,57,London UK,Positive,0.76
13764,2026-03-03 07:02:15,USR_4763,user_371,Electric vehicles are becoming more affordable and accessible every year.,#EV;#Automotive;#CleanEnergy,236,58,37,Berlin Germany,Positive,0.64
13765,2026-03-03 07:03:00,USR_4764,user_372,Heavy rain and flooding reported across the southern district. Stay safe everyone!,#WeatherAlert;#SafetyFirst,477,138,44,Mumbai India,Negative,-0.38
13766,2026-03-03 07:03:45,USR_4765,user_373,Upgraded to the new smartphone today! The camera speed and display are absolutely incredible.,#Tech;#NewPhone;#TechTrends,372,50,42,San Francisco USA,Positive,0.85
13767,2026-03-03 07:04:30,USR_4766,user_374,Public transit delayed for the third time this week. Terrible service during peak hours!,#TransitFail;#CityLife,501,75,40,London UK,Negative,-0.76
13768,2026-03-03 07:05:15,USR_4767,user_375,Switching to solar energy for our home. The installation was smooth and efficient.,#GoGreen;#SolarEnergy;#Sustainability,343,57,20,Sydney Australia,Positive,0.83
13769,2026-03-03 07:06:00,USR_4768,user_376,"Tried the new vegan cafe downtown. Food was average, but the iced coffee was good.",#Foodie;#Vegan;#CafeVibes,153,83,41,Toronto Canada,Neutral,0.15
13770,2026-03-03 07:06:45,USR_4769,user_377,Market volatility is extremely high today. Make sure to manage your risks carefully.,#Crypto;#Finance;#Trading,257,155,38,New York USA,Neutral,-0.01
13771,2026-03-03 07:07:30,USR_4770,user_378,Morning 10k run completed! Feeling energized and ready to tackle the week ahead.,#Fitness;#RunnersHigh;#Health,302,185,25,Chicago USA,Positive,0.93
13772,2026-03-03 07:08:15,USR_4771,user_379,The movie trailer released today looks completely underwhelming. Expectations ruined.,#MovieNews;#CinemaFail,452,55,59,Los Angeles USA,Negative,-0.66
13773,2026-03-03 07:09:00,USR_4772,user_380,Landing in Tokyo! Super excited to explore the vibrant street food and culture.,#Travel;#Japan;#Wanderlust,229,181,24,Tokyo Japan,Positive,0.9
13774,2026-03-03 07:09:45,USR_4773,user_381,Large language models are transforming modern data processing workflows rapidly.,#AI;#MachineLearning;#BigData,188,180,41,Boston USA,Positive,0.6
13775,2026-03-03 07:10:30,USR_4774,user_382,Servers are down again during the tournament. Extremely frustrating update!,#Gaming;#ServerDown;#Esports,296,55,39,Austin USA,Negative,-0.81
13776,2026-03-03 07:11:15,USR_4775,user_383,Attended the annual cloud computing conference. So many great insights on distributed systems.,#CloudComputing;#DevOps;#TechConference,595,125,60,Seattle USA,Positive,0.87
13777,2026-03-03 07:12:00,USR_4776,user_384,Flight got canceled last minute without any reasonable explanation. Very disappointing service.,#AirlineFail;#TravelProblems,216,131,18,Atlanta USA,Negative,-0.86
13778,2026-03-03 07:12:45,USR_4777,user_385,Started reading a new science fiction novel. The plot is turning out to be super captivating.,#Books;#SciFi;#ReadingList,201,77,28,London UK,Positive,0.7
13779,2026-03-03 07:13:30,USR_4778,user_386,Electric vehicles are becoming more affordable and accessible every year.,#EV;#Automotive;#CleanEnergy,382,187,13,Berlin Germany,Positive,0.63
13780,2026-03-03 07:14:15,USR_4779,user_387,Heavy rain and flooding reported across the southern district. Stay safe everyone!,#WeatherAlert;#SafetyFirst,283,78,40,Mumbai India,Negative,-0.37
13781,2026-03-03 07:15:00,USR_4780,user_388,Upgraded to the new smartphone today! The camera speed and display are absolutely incredible.,#Tech;#NewPhone;#TechTrends,262,130,48,San Francisco USA,Positive,0.81
13782,2026-03-03 07:15:45,USR_4781,user_389,Public transit delayed for the third time this week. Terrible service during peak hours!,#TransitFail;#CityLife,437,53,36,London UK,Negative,-0.69
13783,2026-03-03 07:16:30,USR_4782,user_390,Switching to solar energy for our home. The installation was smooth and efficient.,#GoGreen;#SolarEnergy;#Sustainability,633,111,38,Sydney Australia,Positive,0.72
13784,2026-03-03 07:17:15,USR_4783,user_391,"Tried the new vegan cafe downtown. Food was average, but the iced coffee was good.",#Foodie;#Vegan;#CafeVibes,238,193,32,Toronto Canada,Neutral,0.2
13785,2026-03-03 07:18:00,USR_4784,user_392,Market volatility is extremely high today. Make sure to manage your risks carefully.,#Crypto;#Finance;#Trading,458,176,15,New York USA,Neutral,-0.02
13786,2026-03-03 07:18:45,USR_4785,user_393,Morning 10k run completed! Feeling energized and ready to tackle the week ahead.,#Fitness;#RunnersHigh;#Health,598,72,52,Chicago USA,Positive,0.99
13787,2026-03-03 07:19:30,USR_4786,user_394,The movie trailer released today looks completely underwhelming. Expectations ruined.,#MovieNews;#CinemaFail,313,70,46,Los Angeles USA,Negative,-0.61
13788,2026-03-03 07:20:15,USR_4787,user_395,Landing in Tokyo! Super excited to explore the vibrant street food and culture.,#Travel;#Japan;#Wanderlust,435,192,18,Tokyo Japan,Positive,0.92
13789,2026-03-03 07:21:00,USR_4788,user_396,Large language models are transforming modern data processing workflows rapidly.,#AI;#MachineLearning;#BigData,573,139,57,Boston USA,Positive,0.68
13790,2026-03-03 07:21:45,USR_4789,user_397,Servers are down again during the tournament. Extremely frustrating update!,#Gaming;#ServerDown;#Esports,196,150,21,Austin USA,Negative,-0.82
13791,2026-03-03 07:22:30,USR_4790,user_398,Attended the annual cloud computing conference. So many great insights on distributed systems.,#CloudComputing;#DevOps;#TechConference,241,81,51,Seattle USA,Positive,0.87
13792,2026-03-03 07:23:15,USR_4791,user_399,Flight got canceled last minute without any reasonable explanation. Very disappointing service.,#AirlineFail;#TravelProblems,348,63,49,Atlanta USA,Negative,-0.82
13793,2026-03-03 07:24:00,USR_4792,user_400,Started reading a new science fiction novel. The plot is turning out to be super captivating.,#Books;#SciFi;#ReadingList,208,104,27,London UK,Positive,0.78
13794,2026-03-03 07:24:45,USR_4793,user_401,Electric vehicles are becoming more affordable and accessible every year.,#EV;#Automotive;#CleanEnergy,388,181,46,Berlin Germany,Positive,0.65
13795,2026-03-03 07:25:30,USR_4794,user_402,Heavy rain and flooding reported across the southern district. Stay safe everyone!,#WeatherAlert;#SafetyFirst,621,174,61,Mumbai India,Negative,-0.34
13796,2026-03-03 07:26:15,USR_4795,user_403,Upgraded to the new smartphone today! The camera speed and display are absolutely incredible.,#Tech;#NewPhone;#TechTrends,258,52,41,San Francisco USA,Positive,0.86
13797,2026-03-03 07:27:00,USR_4796,user_404,Public transit delayed for the third time this week. Terrible service during peak hours!,#TransitFail;#CityLife,444,167,32,London UK,Negative,-0.71
13798,2026-03-03 07:27:45,USR_4797,user_405,Switching to solar energy for our home. The installation was smooth and efficient.,#GoGreen;#SolarEnergy;#Sustainability,181,176,25,Sydney Australia,Positive,0.77
13799,2026-03-03 07:28:30,USR_4798,user_406,"Tried the new vegan cafe downtown. Food was average, but the iced coffee was good.",#Foodie;#Vegan;#CafeVibes,448,161,47,Toronto Canada,Neutral,0.16
13800,2026-03-03 07:29:15,USR_4799,user_407,Market volatility is extremely high today. Make sure to manage your risks carefully.,#Crypto;#Finance;#Trading,526,180,60,New York USA,Neutral,-0.03
13801,2026-03-03 07:30:00,USR_4800,user_408,Morning 10k run completed! Feeling energized and ready to tackle the week ahead.,#Fitness;#RunnersHigh;#Health,339,104,32,Chicago USA,Positive,1.0
13802,2026-03-03 07:30:45,USR_4801,user_409,The movie trailer released today looks completely underwhelming. Expectations ruined.,#MovieNews;#CinemaFail,584,148,42,Los Angeles USA,Negative,-0.58
13803,2026-03-03 07:31:30,USR_4802,user_410,Landing in Tokyo! Super excited to explore the vibrant street food and culture.,#Travel;#Japan;#Wanderlust,320,150,32,Tokyo Japan,Positive,0.9
13804,2026-03-03 07:32:15,USR_4803,user_411,Large language models are transforming modern data processing workflows rapidly.,#AI;#MachineLearning;#BigData,556,194,41,Boston USA,Positive,0.7
13805,2026-03-03 07:33:00,USR_4804,user_412,Servers are down again during the tournament. Extremely frustrating update!,#Gaming;#ServerDown;#Esports,503,39,43,Austin USA,Negative,-0.74
13806,2026-03-03 07:33:45,USR_4805,user_413,Attended the annual cloud computing conference. So many great insights on distributed systems.,#CloudComputing;#DevOps;#TechConference,433,42,56,Seattle USA,Positive,0.77
13807,2026-03-03 07:34:30,USR_4806,user_414,Flight got canceled last minute without any reasonable explanation. Very disappointing service.,#AirlineFail;#TravelProblems,460,95,16,Atlanta USA,Negative,-0.89
13808,2026-03-03 07:35:15,USR_4807,user_415,Started reading a new science fiction novel. The plot is turning out to be super captivating.,#Books;#SciFi;#ReadingList,441,82,67,London UK,Positive,0.77
13809,2026-03-03 07:36:00,USR_4808,user_416,Electric vehicles are becoming more affordable and accessible every year.,#EV;#Automotive;#CleanEnergy,548,40,44,Berlin Germany,Positive,0.77
13810,2026-03-03 07:36:45,USR_4809,user_417,Heavy rain and flooding reported across the southern district. Stay safe everyone!,#WeatherAlert;#SafetyFirst,543,104,53,Mumbai India,Negative,-0.46
13811,2026-03-03 07:37:30,USR_4810,user_418,Upgraded to the new smartphone today! The camera speed and display are absolutely incredible.,#Tech;#NewPhone;#TechTrends,556,122,57,San Francisco USA,Positive,0.83
13812,2026-03-03 07:38:15,USR_4811,user_419,Public transit delayed for the third time this week. Terrible service during peak hours!,#TransitFail;#CityLife,545,153,61,London UK,Negative,-0.72
13813,2026-03-03 07:39:00,USR_4812,user_420,Switching to solar energy for our home. The installation was smooth and efficient.,#GoGreen;#SolarEnergy;#Sustainability,638,70,60,Sydney Australia,Positive,0.82
13814,2026-03-03 07:39:45,USR_4813,user_421,"Tried the new vegan cafe downtown. Food was average, but the iced coffee was good.",#Foodie;#Vegan;#CafeVibes,318,51,22,Toronto Canada,Neutral,0.1
13815,2026-03-03 07:40:30,USR_4814,user_422,Market volatility is extremely high today. Make sure to manage your risks carefully.,#Crypto;#Finance;#Trading,585,52,52,New York USA,Neutral,-0.03
13816,2026-03-03 07:41:15,USR_4815,user_423,Morning 10k run completed! Feeling energized and ready to tackle the week ahead.,#Fitness;#RunnersHigh;#Health,522,50,45,Chicago USA,Positive,0.88
13817,2026-03-03 07:42:00,USR_4816,user_424,The movie trailer released today looks completely underwhelming. Expectations ruined.,#MovieNews;#CinemaFail,279,165,15,Los Angeles USA,Negative,-0.68
13818,2026-03-03 07:42:45,USR_4817,user_425,Landing in Tokyo! Super excited to explore the vibrant street food and culture.,#Travel;#Japan;#Wanderlust,535,49,57,Tokyo Japan,Positive,0.97
13819,2026-03-03 07:43:30,USR_4818,user_426,Large language models are transforming modern data processing workflows rapidly.,#AI;#MachineLearning;#BigData,656,142,44,Boston USA,Positive,0.61
13820,2026-03-03 07:44:15,USR_4819,user_427,Servers are down again during the tournament. Extremely frustrating update!,#Gaming;#ServerDown;#Esports,279,178,19,Austin USA,Negative,-0.77
13821,2026-03-03 07:45:00,USR_4820,user_428,Attended the annual cloud computing conference. So many great insights on distributed systems.,#CloudComputing;#DevOps;#TechConference,214,62,34,Seattle USA,Positive,0.74
13822,2026-03-03 07:45:45,USR_4821,user_429,Flight got canceled last minute without any reasonable explanation. Very disappointing service.,#AirlineFail;#TravelProblems,514,142,50,Atlanta USA,Negative,-0.8
13823,2026-03-03 07:46:30,USR_4822,user_430,Started reading a new science fiction novel. The plot is turning out to be super captivating.,#Books;#SciFi;#ReadingList,565,131,39,London UK,Positive,0.75
13824,2026-03-03 07:47:15,USR_4823,user_431,Electric vehicles are becoming more affordable and accessible every year.,#EV;#Automotive;#CleanEnergy,207,103,43,Berlin Germany,Positive,0.65
13825,2026-03-03 07:48:00,USR_4824,user_432,Heavy rain and flooding reported across the southern district. Stay safe everyone!,#WeatherAlert;#SafetyFirst,378,97,57,Mumbai India,Negative,-0.47
13826,2026-03-03 07:48:45,USR_4825,user_433,Upgraded to the new smartphone today! The camera speed and display are absolutely incredible.,#Tech;#NewPhone;#TechTrends,465,121,21,San Francisco USA,Positive,0.83
13827,2026-03-03 07:49:30,USR_4826,user_434,Public transit delayed for the third time this week. Terrible service during peak hours!,#TransitFail;#CityLife,189,97,43,London UK,Negative,-0.77
13828,2026-03-03 07:50:15,USR_4827,user_435,Switching to solar energy for our home. The installation was smooth and efficient.,#GoGreen;#SolarEnergy;#Sustainability,448,162,61,Sydney Australia,Positive,0.76
13829,2026-03-03 07:51:00,USR_4828,user_436,"Tried the new vegan cafe downtown. Food was average, but the iced coffee was good.",#Foodie;#Vegan;#CafeVibes,335,142,65,Toronto Canada,Neutral,0.18
13830,2026-03-03 07:51:45,USR_4829,user_437,Market volatility is extremely high today. Make sure to manage your risks carefully.,#Crypto;#Finance;#Trading,377,118,49,New York USA,Neutral,-0.05
13831,2026-03-03 07:52:30,USR_4830,user_438,Morning 10k run completed! Feeling energized and ready to tackle the week ahead.,#Fitness;#RunnersHigh;#Health,303,104,34,Chicago USA,Positive,0.93
13832,2026-03-03 07:53:15,USR_4831,user_439,The movie trailer released today looks completely underwhelming. Expectations ruined.,#MovieNews;#CinemaFail,486,152,13,Los Angeles USA,Negative,-0.61
13833,2026-03-03 07:54:00,USR_4832,user_440,Landing in Tokyo! Super excited to explore the vibrant street food and culture.,#Travel;#Japan;#Wanderlust,461,42,51,Tokyo Japan,Positive,1.0
13834,2026-03-03 07:54:45,USR_4833,user_441,Large language models are transforming modern data processing workflows rapidly.,#AI;#MachineLearning;#BigData,469,41,60,Boston USA,Positive,0.71
13835,2026-03-03 07:55:30,USR_4834,user_442,Servers are down again during the tournament. Extremely frustrating update!,#Gaming;#ServerDown;#Esports,602,120,25,Austin USA,Negative,-0.88
13836,2026-03-03 07:56:15,USR_4835,user_443,Attended the annual cloud computing conference. So many great insights on distributed systems.,#CloudComputing;#DevOps;#TechConference,199,144,46,Seattle USA,Positive,0.86
13837,2026-03-03 07:57:00,USR_4836,user_444,Flight got canceled last minute without any reasonable explanation. Very disappointing service.,#AirlineFail;#TravelProblems,239,124,55,Atlanta USA,Negative,-0.83
13838,2026-03-03 07:57:45,USR_4837,user_445,Started reading a new science fiction novel. The plot is turning out to be super captivating.,#Books;#SciFi;#ReadingList,512,172,58,London UK,Positive,0.72
13839,2026-03-03 07:58:30,USR_4838,user_446,Electric vehicles are becoming more affordable and accessible every year.,#EV;#Automotive;#CleanEnergy,545,124,31,Berlin Germany,Positive,0.71
13840,2026-03-03 07:59:15,USR_4839,user_447,Heavy rain and flooding reported across the southern district. Stay safe everyone!,#WeatherAlert;#SafetyFirst,381,111,29,Mumbai India,Negative,-0.41
13841,2026-03-03 08:00:00,USR_4840,user_448,Upgraded to the new smartphone today! The camera speed and display are absolutely incredible.,#Tech;#NewPhone;#TechTrends,617,64,24,San Francisco USA,Positive,0.8
13842,2026-03-03 08:00:45,USR_4841,user_449,Public transit delayed for the third time this week. Terrible service during peak hours!,#TransitFail;#CityLife,373,90,23,London UK,Negative,-0.74
13843,2026-03-03 08:01:30,USR_4842,user_450,Switching to solar energy for our home. The installation was smooth and efficient.,#GoGreen;#SolarEnergy;#Sustainability,261,77,25,Sydney Australia,Positive,0.81
13844,2026-03-03 08:02:15,USR_4843,user_451,"Tried the new vegan cafe downtown. Food was average, but the iced coffee was good.",#Foodie;#Vegan;#CafeVibes,270,102,66,Toronto Canada,Neutral,0.1
13845,2026-03-03 08:03:00,USR_4844,user_452,Market volatility is extremely high today. Make sure to manage your risks carefully.,#Crypto;#Finance;#Trading,383,101,33,New York USA,Neutral,0.01
13846,2026-03-03 08:03:45,USR_4845,user_453,Morning 10k run completed! Feeling energized and ready to tackle the week ahead.,#Fitness;#RunnersHigh;#Health,285,123,32,Chicago USA,Positive,0.99
13847,2026-03-03 08:04:30,USR_4846,user_454,The movie trailer released today looks completely underwhelming. Expectations ruined.,#MovieNews;#CinemaFail,390,149,37,Los Angeles USA,Negative,-0.61
13848,2026-03-03 08:05:15,USR_4847,user_455,Landing in Tokyo! Super excited to explore the vibrant street food and culture.,#Travel;#Japan;#Wanderlust,465,159,34,Tokyo Japan,Positive,0.92
13849,2026-03-03 08:06:00,USR_4848,user_456,Large language models are transforming modern data processing workflows rapidly.,#AI;#MachineLearning;#BigData,632,46,60,Boston USA,Positive,0.68
13850,2026-03-03 08:06:45,USR_4849,user_457,Servers are down again during the tournament. Extremely frustrating update!,#Gaming;#ServerDown;#Esports,502,153,29,Austin USA,Negative,-0.77
13851,2026-03-03 08:07:30,USR_4850,user_458,Attended the annual cloud computing conference. So many great insights on distributed systems.,#CloudComputing;#DevOps;#TechConference,325,141,41,Seattle USA,Positive,0.86
13852,2026-03-03 08:08:15,USR_4851,user_459,Flight got canceled last minute without any reasonable explanation. Very disappointing service.,#AirlineFail;#TravelProblems,603,42,61,Atlanta USA,Negative,-0.88
13853,2026-03-03 08:09:00,USR_4852,user_460,Started reading a new science fiction novel. The plot is turning out to be super captivating.,#Books;#SciFi;#ReadingList,250,149,47,London UK,Positive,0.74
13854,2026-03-03 08:09:45,USR_4853,user_461,Electric vehicles are becoming more affordable and accessible every year.,#EV;#Automotive;#CleanEnergy,193,141,32,Berlin Germany,Positive,0.68
13855,2026-03-03 08:10:30,USR_4854,user_462,Heavy rain and flooding reported across the southern district. Stay safe everyone!,#WeatherAlert;#SafetyFirst,237,181,30,Mumbai India,Negative,-0.4
13856,2026-03-03 08:11:15,USR_4855,user_463,Upgraded to the new smartphone today! The camera speed and display are absolutely incredible.,#Tech;#NewPhone;#TechTrends,383,150,53,San Francisco USA,Positive,0.83
13857,2026-03-03 08:12:00,USR_4856,user_464,Public transit delayed for the third time this week. Terrible service during peak hours!,#TransitFail;#CityLife,465,148,29,London UK,Negative,-0.72
13858,2026-03-03 08:12:45,USR_4857,user_465,Switching to solar energy for our home. The installation was smooth and efficient.,#GoGreen;#SolarEnergy;#Sustainability,380,114,46,Sydney Australia,Positive,0.84
13859,2026-03-03 08:13:30,USR_4858,user_466,"Tried the new vegan cafe downtown. Food was average, but the iced coffee was good.",#Foodie;#Vegan;#CafeVibes,279,88,41,Toronto Canada,Neutral,0.18
13860,2026-03-03 08:14:15,USR_4859,user_467,Market volatility is extremely high today. Make sure to manage your risks carefully.,#Crypto;#Finance;#Trading,383,63,45,New York USA,Neutral,-0.02
13861,2026-03-03 08:15:00,USR_4860,user_468,Morning 10k run completed! Feeling energized and ready to tackle the week ahead.,#Fitness;#RunnersHigh;#Health,441,156,26,Chicago USA,Positive,0.98
13862,2026-03-03 08:15:45,USR_4861,user_469,The movie trailer released today looks completely underwhelming. Expectations ruined.,#MovieNews;#CinemaFail,210,86,37,Los Angeles USA,Negative,-0.57
13863,2026-03-03 08:16:30,USR_4862,user_470,Landing in Tokyo! Super excited to explore the vibrant street food and culture.,#Travel;#Japan;#Wanderlust,402,97,28,Tokyo Japan,Positive,0.91
13864,2026-03-03 08:17:15,USR_4863,user_471,Large language models are transforming modern data processing workflows rapidly.,#AI;#MachineLearning;#BigData,370,119,63,Boston USA,Positive,0.69
13865,2026-03-03 08:18:00,USR_4864,user_472,Servers are down again during the tournament. Extremely frustrating update!,#Gaming;#ServerDown;#Esports,572,60,61,Austin USA,Negative,-0.84
13866,2026-03-03 08:18:45,USR_4865,user_473,Attended the annual cloud computing conference. So many great insights on distributed systems.,#CloudComputing;#DevOps;#TechConference,364,37,38,Seattle USA,Positive,0.79
13867,2026-03-03 08:19:30,USR_4866,user_474,Flight got canceled last minute without any reasonable explanation. Very disappointing service.,#AirlineFail;#TravelProblems,498,125,59,Atlanta USA,Negative,-0.86
13868,2026-03-03 08:20:15,USR_4867,user_475,Started reading a new science fiction novel. The plot is turning out to be super captivating.,#Books;#SciFi;#ReadingList,568,66,58,London UK,Positive,0.78
13869,2026-03-03 08:21:00,USR_4868,user_476,Electric vehicles are becoming more affordable and accessible every year.,#EV;#Automotive;#CleanEnergy,414,68,49,Berlin Germany,Positive,0.62
13870,2026-03-03 08:21:45,USR_4869,user_477,Heavy rain and flooding reported across the southern district. Stay safe everyone!,#WeatherAlert;#SafetyFirst,276,88,34,Mumbai India,Negative,-0.36
13871,2026-03-03 08:22:30,USR_4870,user_478,Upgraded to the new smartphone today! The camera speed and display are absolutely incredible.,#Tech;#NewPhone;#TechTrends,290,119,59,San Francisco USA,Positive,0.82
13872,2026-03-03 08:23:15,USR_4871,user_479,Public transit delayed for the third time this week. Terrible service during peak hours!,#TransitFail;#CityLife,360,149,44,London UK,Negative,-0.67
13873,2026-03-03 08:24:00,USR_4872,user_480,Switching to solar energy for our home. The installation was smooth and efficient.,#GoGreen;#SolarEnergy;#Sustainability,180,113,48,Sydney Australia,Positive,0.81
13874,2026-03-03 08:24:45,USR_4873,user_481,"Tried the new vegan cafe downtown. Food was average, but the iced coffee was good.",#Foodie;#Vegan;#CafeVibes,462,160,14,Toronto Canada,Neutral,0.21
13875,2026-03-03 08:25:30,USR_4874,user_482,Market volatility is extremely high today. Make sure to manage your risks carefully.,#Crypto;#Finance;#Trading,220,48,37,New York USA,Neutral,-0.11
13876,2026-03-03 08:26:15,USR_4875,user_483,Morning 10k run completed! Feeling energized and ready to tackle the week ahead.,#Fitness;#RunnersHigh;#Health,260,121,53,Chicago USA,Positive,0.97
13877,2026-03-03 08:27:00,USR_4876,user_484,The movie trailer released today looks completely underwhelming. Expectations ruined.,#MovieNews;#CinemaFail,235,83,14,Los Angeles USA,Negative,-0.72
13878,2026-03-03 08:27:45,USR_4877,user_485,Landing in Tokyo! Super excited to explore the vibrant street food and culture.,#Travel;#Japan;#Wanderlust,200,130,64,Tokyo Japan,Positive,1.0
13879,2026-03-03 08:28:30,USR_4878,user_486,Large language models are transforming modern data processing workflows rapidly.,#AI;#MachineLearning;#BigData,480,53,30,Boston USA,Positive,0.7
13880,2026-03-03 08:29:15,USR_4879,user_487,Servers are down again during the tournament. Extremely frustrating update!,#Gaming;#ServerDown;#Esports,223,162,37,Austin USA,Negative,-0.82
13881,2026-03-03 08:30:00,USR_4880,user_488,Attended the annual cloud computing conference. So many great insights on distributed systems.,#CloudComputing;#DevOps;#TechConference,334,97,56,Seattle USA,Positive,0.88
13882,2026-03-03 08:30:45,USR_4881,user_489,Flight got canceled last minute without any reasonable explanation. Very disappointing service.,#AirlineFail;#TravelProblems,215,66,26,Atlanta USA,Negative,-0.82
13883,2026-03-03 08:31:30,USR_4882,user_490,Started reading a new science fiction novel. The plot is turning out to be super captivating.,#Books;#SciFi;#ReadingList,436,138,32,London UK,Positive,0.78
13884,2026-03-03 08:32:15,USR_4883,user_491,Electric vehicles are becoming more affordable and accessible every year.,#EV;#Automotive;#CleanEnergy,264,80,24,Berlin Germany,Positive,0.76
13885,2026-03-03 08:33:00,USR_4884,user_492,Heavy rain and flooding reported across the southern district. Stay safe everyone!,#WeatherAlert;#SafetyFirst,516,123,55,Mumbai India,Negative,-0.39
13886,2026-03-03 08:33:45,USR_4885,user_493,Upgraded to the new smartphone today! The camera speed and display are absolutely incredible.,#Tech;#NewPhone;#TechTrends,355,180,29,San Francisco USA,Positive,0.92
13887,2026-03-03 08:34:30,USR_4886,user_494,Public transit delayed for the third time this week. Terrible service during peak hours!,#TransitFail;#CityLife,172,88,52,London UK,Negative,-0.73
13888,2026-03-03 08:35:15,USR_4887,user_495,Switching to solar energy for our home. The installation was smooth and efficient.,#GoGreen;#SolarEnergy;#Sustainability,380,47,44,Sydney Australia,Positive,0.83
13889,2026-03-03 08:36:00,USR_4888,user_496,"Tried the new vegan cafe downtown. Food was average, but the iced coffee was good.",#Foodie;#Vegan;#CafeVibes,310,54,29,Toronto Canada,Neutral,0.18
13890,2026-03-03 08:36:45,USR_4889,user_497,Market volatility is extremely high today. Make sure to manage your risks carefully.,#Crypto;#Finance;#Trading,537,140,45,New York USA,Neutral,-0.03
13891,2026-03-03 08:37:30,USR_4890,user_498,Morning 10k run completed! Feeling energized and ready to tackle the week ahead.,#Fitness;#RunnersHigh;#Health,539,45,48,Chicago USA,Positive,0.85
13892,2026-03-03 08:38:15,USR_4891,user_499,The movie trailer released today looks completely underwhelming. Expectations ruined.,#MovieNews;#CinemaFail,421,140,56,Los Angeles USA,Negative,-0.69
13893,2026-03-03 08:39:00,USR_4892,user_500,Landing in Tokyo! Super excited to explore the vibrant street food and culture.,#Travel;#Japan;#Wanderlust,434,64,22,Tokyo Japan,Positive,0.88
13894,2026-03-03 08:39:45,USR_4893,user_501,Large language models are transforming modern data processing workflows rapidly.,#AI;#MachineLearning;#BigData,612,46,53,Boston USA,Positive,0.7
13895,2026-03-03 08:40:30,USR_4894,user_502,Servers are down again during the tournament. Extremely frustrating update!,#Gaming;#ServerDown;#Esports,496,71,49,Austin USA,Negative,-0.8
13896,2026-03-03 08:41:15,USR_4895,user_503,Attended the annual cloud computing conference. So many great insights on distributed systems.,#CloudComputing;#DevOps;#TechConference,364,106,30,Seattle USA,Positive,0.75
13897,2026-03-03 08:42:00,USR_4896,user_504,Flight got canceled last minute without any reasonable explanation. Very disappointing service.,#AirlineFail;#TravelProblems,394,167,48,Atlanta USA,Negative,-0.88
13898,2026-03-03 08:42:45,USR_4897,user_505,Started reading a new science fiction novel. The plot is turning out to be super captivating.,#Books;#SciFi;#ReadingList,644,162,22,London UK,Positive,0.79
13899,2026-03-03 08:43:30,USR_4898,user_506,Electric vehicles are becoming more affordable and accessible every year.,#EV;#Automotive;#CleanEnergy,628,115,50,Berlin Germany,Positive,0.69
13900,2026-03-03 08:44:15,USR_4899,user_507,Heavy rain and flooding reported across the southern district. Stay safe everyone!,#WeatherAlert;#SafetyFirst,412,141,36,Mumbai India,Negative,-0.37
13901,2026-03-03 08:45:00,USR_4900,user_508,Upgraded to the new smartphone today! The camera speed and display are absolutely incredible.,#Tech;#NewPhone;#TechTrends,262,176,17,San Francisco USA,Positive,0.8
13902,2026-03-03 08:45:45,USR_4901,user_509,Public transit delayed for the third time this week. Terrible service during peak hours!,#TransitFail;#CityLife,349,50,24,London UK,Negative,-0.64
13903,2026-03-03 08:46:30,USR_4902,user_510,Switching to solar energy for our home. The installation was smooth and efficient.,#GoGreen;#SolarEnergy;#Sustainability,540,116,51,Sydney Australia,Positive,0.79
13904,2026-03-03 08:47:15,USR_4903,user_511,"Tried the new vegan cafe downtown. Food was average, but the iced coffee was good.",#Foodie;#Vegan;#CafeVibes,572,33,64,Toronto Canada,Neutral,0.16
13905,2026-03-03 08:48:00,USR_4904,user_512,Market volatility is extremely high today. Make sure to manage your risks carefully.,#Crypto;#Finance;#Trading,232,71,34,New York USA,Neutral,-0.09
13906,2026-03-03 08:48:45,USR_4905,user_513,Morning 10k run completed! Feeling energized and ready to tackle the week ahead.,#Fitness;#RunnersHigh;#Health,269,184,56,Chicago USA,Positive,0.98
13907,2026-03-03 08:49:30,USR_4906,user_514,The movie trailer released today looks completely underwhelming. Expectations ruined.,#MovieNews;#CinemaFail,334,53,30,Los Angeles USA,Negative,-0.65
13908,2026-03-03 08:50:15,USR_4907,user_515,Landing in Tokyo! Super excited to explore the vibrant street food and culture.,#Travel;#Japan;#Wanderlust,572,65,24,Tokyo Japan,Positive,0.92
13909,2026-03-03 08:51:00,USR_4908,user_516,Large language models are transforming modern data processing workflows rapidly.,#AI;#MachineLearning;#BigData,163,155,43,Boston USA,Positive,0.62
13910,2026-03-03 08:51:45,USR_4909,user_517,Servers are down again during the tournament. Extremely frustrating update!,#Gaming;#ServerDown;#Esports,398,102,36,Austin USA,Negative,-0.79
13911,2026-03-03 08:52:30,USR_4910,user_518,Attended the annual cloud computing conference. So many great insights on distributed systems.,#CloudComputing;#DevOps;#TechConference,667,72,40,Seattle USA,Positive,0.79
13912,2026-03-03 08:53:15,USR_4911,user_519,Flight got canceled last minute without any reasonable explanation. Very disappointing service.,#AirlineFail;#TravelProblems,343,172,44,Atlanta USA,Negative,-0.88
13913,2026-03-03 08:54:00,USR_4912,user_520,Started reading a new science fiction novel. The plot is turning out to be super captivating.,#Books;#SciFi;#ReadingList,364,165,32,London UK,Positive,0.69
13914,2026-03-03 08:54:45,USR_4913,user_521,Electric vehicles are becoming more affordable and accessible every year.,#EV;#Automotive;#CleanEnergy,382,186,14,Berlin Germany,Positive,0.67
13915,2026-03-03 08:55:30,USR_4914,user_522,Heavy rain and flooding reported across the southern district. Stay safe everyone!,#WeatherAlert;#SafetyFirst,387,81,35,Mumbai India,Negative,-0.47
13916,2026-03-03 08:56:15,USR_4915,user_523,Upgraded to the new smartphone today! The camera speed and display are absolutely incredible.,#Tech;#NewPhone;#TechTrends,210,148,15,San Francisco USA,Positive,0.93
13917,2026-03-03 08:57:00,USR_4916,user_524,Public transit delayed for the third time this week. Terrible service during peak hours!,#TransitFail;#CityLife,565,187,27,London UK,Negative,-0.66
13918,2026-03-03 08:57:45,USR_4917,user_525,Switching to solar energy for our home. The installation was smooth and efficient.,#GoGreen;#SolarEnergy;#Sustainability,196,82,58,Sydney Australia,Positive,0.82
13919,2026-03-03 08:58:30,USR_4918,user_526,"Tried the new vegan cafe downtown. Food was average, but the iced coffee was good.",#Foodie;#Vegan;#CafeVibes,435,151,54,Toronto Canada,Neutral,0.21
13920,2026-03-03 08:59:15,USR_4919,user_527,Market volatility is extremely high today. Make sure to manage your risks carefully.,#Crypto;#Finance;#Trading,306,170,58,New York USA,Neutral,-0.07
13921,2026-03-03 09:00:00,USR_4920,user_528,Morning 10k run completed! Feeling energized and ready to tackle the week ahead.,#Fitness;#RunnersHigh;#Health,600,55,63,Chicago USA,Positive,0.89
13922,2026-03-03 09:00:45,USR_4921,user_529,The movie trailer released today looks completely underwhelming. Expectations ruined.,#MovieNews;#CinemaFail,447,91,33,Los Angeles USA,Negative,-0.71
13923,2026-03-03 09:01:30,USR_4922,user_530,Landing in Tokyo! Super excited to explore the vibrant street food and culture.,#Travel;#Japan;#Wanderlust,279,119,64,Tokyo Japan,Positive,0.99
13924,2026-03-03 09:02:15,USR_4923,user_531,Large language models are transforming modern data processing workflows rapidly.,#AI;#MachineLearning;#BigData,378,179,26,Boston USA,Positive,0.74
13925,2026-03-03 09:03:00,USR_4924,user_532,Servers are down again during the tournament. Extremely frustrating update!,#Gaming;#ServerDown;#Esports,251,168,43,Austin USA,Negative,-0.83
13926,2026-03-03 09:03:45,USR_4925,user_533,Attended the annual cloud computing conference. So many great insights on distributed systems.,#CloudComputing;#DevOps;#TechConference,543,112,33,Seattle USA,Positive,0.76
13927,2026-03-03 09:04:30,USR_4926,user_534,Flight got canceled last minute without any reasonable explanation. Very disappointing service.,#AirlineFail;#TravelProblems,612,161,18,Atlanta USA,Negative,-0.95
13928,2026-03-03 09:05:15,USR_4927,user_535,Started reading a new science fiction novel. The plot is turning out to be super captivating.,#Books;#SciFi;#ReadingList,581,159,51,London UK,Positive,0.79
13929,2026-03-03 09:06:00,USR_4928,user_536,Electric vehicles are becoming more affordable and accessible every year.,#EV;#Automotive;#CleanEnergy,151,130,21,Berlin Germany,Positive,0.75
13930,2026-03-03 09:06:45,USR_4929,user_537,Heavy rain and flooding reported across the southern district. Stay safe everyone!,#WeatherAlert;#SafetyFirst,576,181,23,Mumbai India,Negative,-0.44
13931,2026-03-03 09:07:30,USR_4930,user_538,Upgraded to the new smartphone today! The camera speed and display are absolutely incredible.,#Tech;#NewPhone;#TechTrends,466,126,32,San Francisco USA,Positive,0.9
13932,2026-03-03 09:08:15,USR_4931,user_539,Public transit delayed for the third time this week. Terrible service during peak hours!,#TransitFail;#CityLife,431,154,59,London UK,Negative,-0.73
13933,2026-03-03 09:09:00,USR_4932,user_540,Switching to solar energy for our home. The installation was smooth and efficient.,#GoGreen;#SolarEnergy;#Sustainability,147,69,22,Sydney Australia,Positive,0.79
13934,2026-03-03 09:09:45,USR_4933,user_541,"Tried the new vegan cafe downtown. Food was average, but the iced coffee was good.",#Foodie;#Vegan;#CafeVibes,260,111,20,Toronto Canada,Neutral,0.14
13935,2026-03-03 09:10:30,USR_4934,user_542,Market volatility is extremely high today. Make sure to manage your risks carefully.,#Crypto;#Finance;#Trading,579,91,45,New York USA,Neutral,-0.09
13936,2026-03-03 09:11:15,USR_4935,user_543,Morning 10k run completed! Feeling energized and ready to tackle the week ahead.,#Fitness;#RunnersHigh;#Health,627,81,39,Chicago USA,Positive,0.88
13937,2026-03-03 09:12:00,USR_4936,user_544,The movie trailer released today looks completely underwhelming. Expectations ruined.,#MovieNews;#CinemaFail,396,58,65,Los Angeles USA,Negative,-0.62
13938,2026-03-03 09:12:45,USR_4937,user_545,Landing in Tokyo! Super excited to explore the vibrant street food and culture.,#Travel;#Japan;#Wanderlust,266,59,21,Tokyo Japan,Positive,0.87
13939,2026-03-03 09:13:30,USR_4938,user_546,Large language models are transforming modern data processing workflows rapidly.,#AI;#MachineLearning;#BigData,185,90,25,Boston USA,Positive,0.67
13940,2026-03-03 09:14:15,USR_4939,user_547,Servers are down again during the tournament. Extremely frustrating update!,#Gaming;#ServerDown;#Esports,338,130,53,Austin USA,Negative,-0.89
13941,2026-03-03 09:15:00,USR_4940,user_548,Attended the annual cloud computing conference. So many great insights on distributed systems.,#CloudComputing;#DevOps;#TechConference,320,65,35,Seattle USA,Positive,0.89
13942,2026-03-03 09:15:45,USR_4941,user_549,Flight got canceled last minute without any reasonable explanation. Very disappointing service.,#AirlineFail;#TravelProblems,201,143,52,Atlanta USA,Negative,-0.94
13943,2026-03-03 09:16:30,USR_4942,user_550,Started reading a new science fiction novel. The plot is turning out to be super captivating.,#Books;#SciFi;#ReadingList,541,146,16,London UK,Positive,0.82
13944,2026-03-03 09:17:15,USR_4943,user_551,Electric vehicles are becoming more affordable and accessible every year.,#EV;#Automotive;#CleanEnergy,584,97,32,Berlin Germany,Positive,0.66
13945,2026-03-03 09:18:00,USR_4944,user_552,Heavy rain and flooding reported across the southern district. Stay safe everyone!,#WeatherAlert;#SafetyFirst,424,98,38,Mumbai India,Negative,-0.33
13946,2026-03-03 09:18:45,USR_4945,user_553,Upgraded to the new smartphone today! The camera speed and display are absolutely incredible.,#Tech;#NewPhone;#TechTrends,211,140,27,San Francisco USA,Positive,0.8
13947,2026-03-03 09:19:30,USR_4946,user_554,Public transit delayed for the third time this week. Terrible service during peak hours!,#TransitFail;#CityLife,379,155,55,London UK,Negative,-0.78
13948,2026-03-03 09:20:15,USR_4947,user_555,Switching to solar energy for our home. The installation was smooth and efficient.,#GoGreen;#SolarEnergy;#Sustainability,536,86,49,Sydney Australia,Positive,0.75
13949,2026-03-03 09:21:00,USR_4948,user_556,"Tried the new vegan cafe downtown. Food was average, but the iced coffee was good.",#Foodie;#Vegan;#CafeVibes,155,127,42,Toronto Canada,Neutral,0.08
13950,2026-03-03 09:21:45,USR_4949,user_557,Market volatility is extremely high today. Make sure to manage your risks carefully.,#Crypto;#Finance;#Trading,580,97,28,New York USA,Neutral,0.02
13951,2026-03-03 09:22:30,USR_4950,user_558,Morning 10k run completed! Feeling energized and ready to tackle the week ahead.,#Fitness;#RunnersHigh;#Health,468,158,39,Chicago USA,Positive,0.98
13952,2026-03-03 09:23:15,USR_4951,user_559,The movie trailer released today looks completely underwhelming. Expectations ruined.,#MovieNews;#CinemaFail,246,82,46,Los Angeles USA,Negative,-0.59
13953,2026-03-03 09:24:00,USR_4952,user_560,Landing in Tokyo! Super excited to explore the vibrant street food and culture.,#Travel;#Japan;#Wanderlust,408,184,37,Tokyo Japan,Positive,0.96
13954,2026-03-03 09:24:45,USR_4953,user_561,Large language models are transforming modern data processing workflows rapidly.,#AI;#MachineLearning;#BigData,208,162,68,Boston USA,Positive,0.62
13955,2026-03-03 09:25:30,USR_4954,user_562,Servers are down again during the tournament. Extremely frustrating update!,#Gaming;#ServerDown;#Esports,417,139,35,Austin USA,Negative,-0.76
13956,2026-03-03 09:26:15,USR_4955,user_563,Attended the annual cloud computing conference. So many great insights on distributed systems.,#CloudComputing;#DevOps;#TechConference,480,80,38,Seattle USA,Positive,0.87
13957,2026-03-03 09:27:00,USR_4956,user_564,Flight got canceled last minute without any reasonable explanation. Very disappointing service.,#AirlineFail;#TravelProblems,551,36,40,Atlanta USA,Negative,-0.94
13958,2026-03-03 09:27:45,USR_4957,user_565,Started reading a new science fiction novel. The plot is turning out to be super captivating.,#Books;#SciFi;#ReadingList,570,82,42,London UK,Positive,0.83
13959,2026-03-03 09:28:30,USR_4958,user_566,Electric vehicles are becoming more affordable and accessible every year.,#EV;#Automotive;#CleanEnergy,527,57,13,Berlin Germany,Positive,0.72
13960,2026-03-03 09:29:15,USR_4959,user_567,Heavy rain and flooding reported across the southern district. Stay safe everyone!,#WeatherAlert;#SafetyFirst,643,57,60,Mumbai India,Negative,-0.48
13961,2026-03-03 09:30:00,USR_4960,user_568,Upgraded to the new smartphone today! The camera speed and display are absolutely incredible.,#Tech;#NewPhone;#TechTrends,655,48,53,San Francisco USA,Positive,0.83
13962,2026-03-03 09:30:45,USR_4961,user_569,Public transit delayed for the third time this week. Terrible service during peak hours!,#TransitFail;#CityLife,470,73,36,London UK,Negative,-0.71
13963,2026-03-03 09:31:30,USR_4962,user_570,Switching to solar energy for our home. The installation was smooth and efficient.,#GoGreen;#SolarEnergy;#Sustainability,473,102,34,Sydney Australia,Positive,0.72
13964,2026-03-03 09:32:15,USR_4963,user_571,"Tried the new vegan cafe downtown. Food was average, but the iced coffee was good.",#Foodie;#Vegan;#CafeVibes,318,137,21,Toronto Canada,Neutral,0.17
13965,2026-03-03 09:33:00,USR_4964,user_572,Market volatility is extremely high today. Make sure to manage your risks carefully.,#Crypto;#Finance;#Trading,486,164,18,New York USA,Neutral,0.01
13966,2026-03-03 09:33:45,USR_4965,user_573,Morning 10k run completed! Feeling energized and ready to tackle the week ahead.,#Fitness;#RunnersHigh;#Health,653,127,56,Chicago USA,Positive,0.9
13967,2026-03-03 09:34:30,USR_4966,user_574,The movie trailer released today looks completely underwhelming. Expectations ruined.,#MovieNews;#CinemaFail,184,68,15,Los Angeles USA,Negative,-0.65
13968,2026-03-03 09:35:15,USR_4967,user_575,Landing in Tokyo! Super excited to explore the vibrant street food and culture.,#Travel;#Japan;#Wanderlust,355,65,29,Tokyo Japan,Positive,0.94
13969,2026-03-03 09:36:00,USR_4968,user_576,Large language models are transforming modern data processing workflows rapidly.,#AI;#MachineLearning;#BigData,394,72,21,Boston USA,Positive,0.64
13970,2026-03-03 09:36:45,USR_4969,user_577,Servers are down again during the tournament. Extremely frustrating update!,#Gaming;#ServerDown;#Esports,323,74,50,Austin USA,Negative,-0.73
13971,2026-03-03 09:37:30,USR_4970,user_578,Attended the annual cloud computing conference. So many great insights on distributed systems.,#CloudComputing;#DevOps;#TechConference,367,85,11,Seattle USA,Positive,0.8
13972,2026-03-03 09:38:15,USR_4971,user_579,Flight got canceled last minute without any reasonable explanation. Very disappointing service.,#AirlineFail;#TravelProblems,464,51,42,Atlanta USA,Negative,-0.94
13973,2026-03-03 09:39:00,USR_4972,user_580,Started reading a new science fiction novel. The plot is turning out to be super captivating.,#Books;#SciFi;#ReadingList,338,125,28,London UK,Positive,0.76
13974,2026-03-03 09:39:45,USR_4973,user_581,Electric vehicles are becoming more affordable and accessible every year.,#EV;#Automotive;#CleanEnergy,618,183,59,Berlin Germany,Positive,0.72
13975,2026-03-03 09:40:30,USR_4974,user_582,Heavy rain and flooding reported across the southern district. Stay safe everyone!,#WeatherAlert;#SafetyFirst,261,184,38,Mumbai India,Negative,-0.46
13976,2026-03-03 09:41:15,USR_4975,user_583,Upgraded to the new smartphone today! The camera speed and display are absolutely incredible.,#Tech;#NewPhone;#TechTrends,469,42,71,San Francisco USA,Positive,0.86
13977,2026-03-03 09:42:00,USR_4976,user_584,Public transit delayed for the third time this week. Terrible service during peak hours!,#TransitFail;#CityLife,252,58,41,London UK,Negative,-0.78
13978,2026-03-03 09:42:45,USR_4977,user_585,Switching to solar energy for our home. The installation was smooth and efficient.,#GoGreen;#SolarEnergy;#Sustainability,589,124,50,Sydney Australia,Positive,0.81
13979,2026-03-03 09:43:30,USR_4978,user_586,"Tried the new vegan cafe downtown. Food was average, but the iced coffee was good.",#Foodie;#Vegan;#CafeVibes,648,116,38,Toronto Canada,Neutral,0.14
13980,2026-03-03 09:44:15,USR_4979,user_587,Market volatility is extremely high today. Make sure to manage your risks carefully.,#Crypto;#Finance;#Trading,271,172,28,New York USA,Neutral,-0.04
13981,2026-03-03 09:45:00,USR_4980,user_588,Morning 10k run completed! Feeling energized and ready to tackle the week ahead.,#Fitness;#RunnersHigh;#Health,523,69,36,Chicago USA,Positive,0.88
13982,2026-03-03 09:45:45,USR_4981,user_589,The movie trailer released today looks completely underwhelming. Expectations ruined.,#MovieNews;#CinemaFail,445,158,19,Los Angeles USA,Negative,-0.64
13983,2026-03-03 09:46:30,USR_4982,user_590,Landing in Tokyo! Super excited to explore the vibrant street food and culture.,#Travel;#Japan;#Wanderlust,657,78,58,Tokyo Japan,Positive,0.92
13984,2026-03-03 09:47:15,USR_4983,user_591,Large language models are transforming modern data processing workflows rapidly.,#AI;#MachineLearning;#BigData,209,73,11,Boston USA,Positive,0.73
13985,2026-03-03 09:48:00,USR_4984,user_592,Servers are down again during the tournament. Extremely frustrating update!,#Gaming;#ServerDown;#Esports,238,127,31,Austin USA,Negative,-0.83
13986,2026-03-03 09:48:45,USR_4985,user_593,Attended the annual cloud computing conference. So many great insights on distributed systems.,#CloudComputing;#DevOps;#TechConference,344,66,45,Seattle USA,Positive,0.79
13987,2026-03-03 09:49:30,USR_4986,user_594,Flight got canceled last minute without any reasonable explanation. Very disappointing service.,#AirlineFail;#TravelProblems,573,173,50,Atlanta USA,Negative,-0.95
13988,2026-03-03 09:50:15,USR_4987,user_595,Started reading a new science fiction novel. The plot is turning out to be super captivating.,#Books;#SciFi;#ReadingList,256,175,71,London UK,Positive,0.79
13989,2026-03-03 09:51:00,USR_4988,user_596,Electric vehicles are becoming more affordable and accessible every year.,#EV;#Automotive;#CleanEnergy,197,182,52,Berlin Germany,Positive,0.66
13990,2026-03-03 09:51:45,USR_4989,user_597,Heavy rain and flooding reported across the southern district. Stay safe everyone!,#WeatherAlert;#SafetyFirst,257,106,38,Mumbai India,Negative,-0.41
13991,2026-03-03 09:52:30,USR_4990,user_598,Upgraded to the new smartphone today! The camera speed and display are absolutely incredible.,#Tech;#NewPhone;#TechTrends,247,142,43,San Francisco USA,Positive,0.87
13992,2026-03-03 09:53:15,USR_4991,user_599,Public transit delayed for the third time this week. Terrible service during peak hours!,#TransitFail;#CityLife,364,179,66,London UK,Negative,-0.7
13993,2026-03-03 09:54:00,USR_4992,user_101,Switching to solar energy for our home. The installation was smooth and efficient.,#GoGreen;#SolarEnergy;#Sustainability,395,185,40,Sydney Australia,Positive,0.84
13994,2026-03-03 09:54:45,USR_4993,user_102,"Tried the new vegan cafe downtown. Food was average, but the iced coffee was good.",#Foodie;#Vegan;#CafeVibes,282,153,51,Toronto Canada,Neutral,0.08
13995,2026-03-03 09:55:30,USR_4994,user_103,Market volatility is extremely high today. Make sure to manage your risks carefully.,#Crypto;#Finance;#Trading,383,163,39,New York USA,Neutral,-0.11
13996,2026-03-03 09:56:15,USR_4995,user_104,Morning 10k run completed! Feeling energized and ready to tackle the week ahead.,#Fitness;#RunnersHigh;#Health,460,176,21,Chicago USA,Positive,0.95
13997,2026-03-03 09:57:00,USR_4996,user_105,The movie trailer released today looks completely underwhelming. Expectations ruined.,#MovieNews;#CinemaFail,153,117,58,Los Angeles USA,Negative,-0.63
13998,2026-03-03 09:57:45,USR_4997,user_106,Landing in Tokyo! Super excited to explore the vibrant street food and culture.,#Travel;#Japan;#Wanderlust,370,119,51,Tokyo Japan,Positive,0.89
13999,2026-03-03 09:58:30,USR_4998,user_107,Large language models are transforming modern data processing workflows rapidly.,#AI;#MachineLearning;#BigData,203,171,49,Boston USA,Positive,0.75
14000,2026-03-03 09:59:15,USR_4999,user_108,Servers are down again during the tournament. Extremely frustrating update!,#Gaming;#ServerDown;#Esports,377,127,34,Austin USA,Negative,-0.82
14001,2026-03-03 10:00:00,USR_5000,user_109,Attended the annual cloud computing conference. So many great insights on distributed systems.,#CloudComputing;#DevOps;#TechConference,319,93,40,Seattle USA,Positive,0.76
14002,2026-03-03 10:00:45,USR_5001,user_110,Flight got canceled last minute without any reasonable explanation. Very disappointing service.,#AirlineFail;#TravelProblems,312,182,64,Atlanta USA,Negative,-0.83
14003,2026-03-03 10:01:30,USR_5002,user_111,Started reading a new science fiction novel. The plot is turning out to be super captivating.,#Books;#SciFi;#ReadingList,287,49,50,London UK,Positive,0.69
14004,2026-03-03 10:02:15,USR_5003,user_112,Electric vehicles are becoming more affordable and accessible every year.,#EV;#Automotive;#CleanEnergy,452,119,40,Berlin Germany,Positive,0.67
14005,2026-03-03 10:03:00,USR_5004,user_113,Heavy rain and flooding reported across the southern district. Stay safe everyone!,#WeatherAlert;#SafetyFirst,346,104,22,Mumbai India,Negative,-0.35
14006,2026-03-03 10:03:45,USR_5005,user_114,Upgraded to the new smartphone today! The camera speed and display are absolutely incredible.,#Tech;#NewPhone;#TechTrends,407,77,45,San Francisco USA,Positive,0.81
14007,2026-03-03 10:04:30,USR_5006,user_115,Public transit delayed for the third time this week. Terrible service during peak hours!,#TransitFail;#CityLife,397,160,44,London UK,Negative,-0.8
14008,2026-03-03 10:05:15,USR_5007,user_116,Switching to solar energy for our home. The installation was smooth and efficient.,#GoGreen;#SolarEnergy;#Sustainability,302,179,20,Sydney Australia,Positive,0.84
14009,2026-03-03 10:06:00,USR_5008,user_117,"Tried the new vegan cafe downtown. Food was average, but the iced coffee was good.",#Foodie;#Vegan;#CafeVibes,553,123,40,Toronto Canada,Neutral,0.08
14010,2026-03-03 10:06:45,USR_5009,user_118,Market volatility is extremely high today. Make sure to manage your risks carefully.,#Crypto;#Finance;#Trading,462,66,28,New York USA,Neutral,-0.12
14011,2026-03-03 10:07:30,USR_5010,user_119,Morning 10k run completed! Feeling energized and ready to tackle the week ahead.,#Fitness;#RunnersHigh;#Health,516,101,17,Chicago USA,Positive,0.92
14012,2026-03-03 10:08:15,USR_5011,user_120,The movie trailer released today looks completely underwhelming. Expectations ruined.,#MovieNews;#CinemaFail,263,111,39,Los Angeles USA,Negative,-0.7
14013,2026-03-03 10:09:00,USR_5012,user_121,Landing in Tokyo! Super excited to explore the vibrant street food and culture.,#Travel;#Japan;#Wanderlust,283,46,51,Tokyo Japan,Positive,0.98
14014,2026-03-03 10:09:45,USR_5013,user_122,Large language models are transforming modern data processing workflows rapidly.,#AI;#MachineLearning;#BigData,268,176,36,Boston USA,Positive,0.67
14015,2026-03-03 10:10:30,USR_5014,user_123,Servers are down again during the tournament. Extremely frustrating update!,#Gaming;#ServerDown;#Esports,514,143,53,Austin USA,Negative,-0.86
14016,2026-03-03 10:11:15,USR_5015,user_124,Attended the annual cloud computing conference. So many great insights on distributed systems.,#CloudComputing;#DevOps;#TechConference,637,116,20,Seattle USA,Positive,0.89
14017,2026-03-03 10:12:00,USR_5016,user_125,Flight got canceled last minute without any reasonable explanation. Very disappointing service.,#AirlineFail;#TravelProblems,599,121,56,Atlanta USA,Negative,-0.82
14018,2026-03-03 10:12:45,USR_5017,user_126,Started reading a new science fiction novel. The plot is turning out to be super captivating.,#Books;#SciFi;#ReadingList,466,74,19,London UK,Positive,0.73
14019,2026-03-03 10:13:30,USR_5018,user_127,Electric vehicles are becoming more affordable and accessible every year.,#EV;#Automotive;#CleanEnergy,503,136,32,Berlin Germany,Positive,0.78
14020,2026-03-03 10:14:15,USR_5019,user_128,Heavy rain and flooding reported across the southern district. Stay safe everyone!,#WeatherAlert;#SafetyFirst,188,121,65,Mumbai India,Negative,-0.35
14021,2026-03-03 10:15:00,USR_5020,user_129,Upgraded to the new smartphone today! The camera speed and display are absolutely incredible.,#Tech;#NewPhone;#TechTrends,594,38,41,San Francisco USA,Positive,0.78
14022,2026-03-03 10:15:45,USR_5021,user_130,Public transit delayed for the third time this week. Terrible service during peak hours!,#TransitFail;#CityLife,315,55,63,London UK,Negative,-0.74
14023,2026-03-03 10:16:30,USR_5022,user_131,Switching to solar energy for our home. The installation was smooth and efficient.,#GoGreen;#SolarEnergy;#Sustainability,586,40,39,Sydney Australia,Positive,0.73
14024,2026-03-03 10:17:15,USR_5023,user_132,"Tried the new vegan cafe downtown. Food was average, but the iced coffee was good.",#Foodie;#Vegan;#CafeVibes,430,143,62,Toronto Canada,Neutral,0.17
14025,2026-03-03 10:18:00,USR_5024,user_133,Market volatility is extremely high today. Make sure to manage your risks carefully.,#Crypto;#Finance;#Trading,483,103,48,New York USA,Neutral,-0.03
14026,2026-03-03 10:18:45,USR_5025,user_134,Morning 10k run completed! Feeling energized and ready to tackle the week ahead.,#Fitness;#RunnersHigh;#Health,472,171,17,Chicago USA,Positive,0.92
14027,2026-03-03 10:19:30,USR_5026,user_135,The movie trailer released today looks completely underwhelming. Expectations ruined.,#MovieNews;#CinemaFail,648,152,55,Los Angeles USA,Negative,-0.7
14028,2026-03-03 10:20:15,USR_5027,user_136,Landing in Tokyo! Super excited to explore the vibrant street food and culture.,#Travel;#Japan;#Wanderlust,585,55,33,Tokyo Japan,Positive,1.0
14029,2026-03-03 10:21:00,USR_5028,user_137,Large language models are transforming modern data processing workflows rapidly.,#AI;#MachineLearning;#BigData,659,134,38,Boston USA,Positive,0.67
14030,2026-03-03 10:21:45,USR_5029,user_138,Servers are down again during the tournament. Extremely frustrating update!,#Gaming;#ServerDown;#Esports,200,171,42,Austin USA,Negative,-0.83
14031,2026-03-03 10:22:30,USR_5030,user_139,Attended the annual cloud computing conference. So many great insights on distributed systems.,#CloudComputing;#DevOps;#TechConference,619,136,17,Seattle USA,Positive,0.75
14032,2026-03-03 10:23:15,USR_5031,user_140,Flight got canceled last minute without any reasonable explanation. Very disappointing service.,#AirlineFail;#TravelProblems,523,93,28,Atlanta USA,Negative,-0.82
14033,2026-03-03 10:24:00,USR_5032,user_141,Started reading a new science fiction novel. The plot is turning out to be super captivating.,#Books;#SciFi;#ReadingList,241,146,18,London UK,Positive,0.68
14034,2026-03-03 10:24:45,USR_5033,user_142,Electric vehicles are becoming more affordable and accessible every year.,#EV;#Automotive;#CleanEnergy,598,172,30,Berlin Germany,Positive,0.72
14035,2026-03-03 10:25:30,USR_5034,user_143,Heavy rain and flooding reported across the southern district. Stay safe everyone!,#WeatherAlert;#SafetyFirst,366,48,58,Mumbai India,Negative,-0.4
14036,2026-03-03 10:26:15,USR_5035,user_144,Upgraded to the new smartphone today! The camera speed and display are absolutely incredible.,#Tech;#NewPhone;#TechTrends,470,83,16,San Francisco USA,Positive,0.92
14037,2026-03-03 10:27:00,USR_5036,user_145,Public transit delayed for the third time this week. Terrible service during peak hours!,#TransitFail;#CityLife,222,69,40,London UK,Negative,-0.74
14038,2026-03-03 10:27:45,USR_5037,user_146,Switching to solar energy for our home. The installation was smooth and efficient.,#GoGreen;#SolarEnergy;#Sustainability,498,70,44,Sydney Australia,Positive,0.7
14039,2026-03-03 10:28:30,USR_5038,user_147,"Tried the new vegan cafe downtown. Food was average, but the iced coffee was good.",#Foodie;#Vegan;#CafeVibes,577,80,31,Toronto Canada,Neutral,0.08
14040,2026-03-03 10:29:15,USR_5039,user_148,Market volatility is extremely high today. Make sure to manage your risks carefully.,#Crypto;#Finance;#Trading,267,48,51,New York USA,Neutral,-0.05
14041,2026-03-03 10:30:00,USR_5040,user_149,Morning 10k run completed! Feeling energized and ready to tackle the week ahead.,#Fitness;#RunnersHigh;#Health,373,128,12,Chicago USA,Positive,0.94
14042,2026-03-03 10:30:45,USR_5041,user_150,The movie trailer released today looks completely underwhelming. Expectations ruined.,#MovieNews;#CinemaFail,516,181,51,Los Angeles USA,Negative,-0.57
14043,2026-03-03 10:31:30,USR_5042,user_151,Landing in Tokyo! Super excited to explore the vibrant street food and culture.,#Travel;#Japan;#Wanderlust,432,112,56,Tokyo Japan,Positive,0.91
14044,2026-03-03 10:32:15,USR_5043,user_152,Large language models are transforming modern data processing workflows rapidly.,#AI;#MachineLearning;#BigData,387,90,20,Boston USA,Positive,0.64
14045,2026-03-03 10:33:00,USR_5044,user_153,Servers are down again during the tournament. Extremely frustrating update!,#Gaming;#ServerDown;#Esports,322,109,24,Austin USA,Negative,-0.86
14046,2026-03-03 10:33:45,USR_5045,user_154,Attended the annual cloud computing conference. So many great insights on distributed systems.,#CloudComputing;#DevOps;#TechConference,542,131,45,Seattle USA,Positive,0.76
14047,2026-03-03 10:34:30,USR_5046,user_155,Flight got canceled last minute without any reasonable explanation. Very disappointing service.,#AirlineFail;#TravelProblems,501,190,17,Atlanta USA,Negative,-0.83
14048,2026-03-03 10:35:15,USR_5047,user_156,Started reading a new science fiction novel. The plot is turning out to be super captivating.,#Books;#SciFi;#ReadingList,344,64,44,London UK,Positive,0.69
14049,2026-03-03 10:36:00,USR_5048,user_157,Electric vehicles are becoming more affordable and accessible every year.,#EV;#Automotive;#CleanEnergy,328,121,48,Berlin Germany,Positive,0.77
14050,2026-03-03 10:36:45,USR_5049,user_158,Heavy rain and flooding reported across the southern district. Stay safe everyone!,#WeatherAlert;#SafetyFirst,630,181,20,Mumbai India,Negative,-0.38
14051,2026-03-03 10:37:30,USR_5050,user_159,Upgraded to the new smartphone today! The camera speed and display are absolutely incredible.,#Tech;#NewPhone;#TechTrends,610,55,40,San Francisco USA,Positive,0.79
14052,2026-03-03 10:38:15,USR_5051,user_160,Public transit delayed for the third time this week. Terrible service during peak hours!,#TransitFail;#CityLife,164,110,53,London UK,Negative,-0.67
14053,2026-03-03 10:39:00,USR_5052,user_161,Switching to solar energy for our home. The installation was smooth and efficient.,#GoGreen;#SolarEnergy;#Sustainability,483,188,46,Sydney Australia,Positive,0.78
14054,2026-03-03 10:39:45,USR_5053,user_162,"Tried the new vegan cafe downtown. Food was average, but the iced coffee was good.",#Foodie;#Vegan;#CafeVibes,286,166,60,Toronto Canada,Neutral,0.08
14055,2026-03-03 10:40:30,USR_5054,user_163,Market volatility is extremely high today. Make sure to manage your risks carefully.,#Crypto;#Finance;#Trading,606,186,24,New York USA,Neutral,-0.03
14056,2026-03-03 10:41:15,USR_5055,user_164,Morning 10k run completed! Feeling energized and ready to tackle the week ahead.,#Fitness;#RunnersHigh;#Health,359,186,44,Chicago USA,Positive,0.9
14057,2026-03-03 10:42:00,USR_5056,user_165,The movie trailer released today looks completely underwhelming. Expectations ruined.,#MovieNews;#CinemaFail,215,61,27,Los Angeles USA,Negative,-0.64
14058,2026-03-03 10:42:45,USR_5057,user_166,Landing in Tokyo! Super excited to explore the vibrant street food and culture.,#Travel;#Japan;#Wanderlust,263,89,44,Tokyo Japan,Positive,0.98
14059,2026-03-03 10:43:30,USR_5058,user_167,Large language models are transforming modern data processing workflows rapidly.,#AI;#MachineLearning;#BigData,608,75,34,Boston USA,Positive,0.61
14060,2026-03-03 10:44:15,USR_5059,user_168,Servers are down again during the tournament. Extremely frustrating update!,#Gaming;#ServerDown;#Esports,460,147,11,Austin USA,Negative,-0.73
14061,2026-03-03 10:45:00,USR_5060,user_169,Attended the annual cloud computing conference. So many great insights on distributed systems.,#CloudComputing;#DevOps;#TechConference,324,157,27,Seattle USA,Positive,0.76
14062,2026-03-03 10:45:45,USR_5061,user_170,Flight got canceled last minute without any reasonable explanation. Very disappointing service.,#AirlineFail;#TravelProblems,272,71,53,Atlanta USA,Negative,-0.81
14063,2026-03-03 10:46:30,USR_5062,user_171,Started reading a new science fiction novel. The plot is turning out to be super captivating.,#Books;#SciFi;#ReadingList,630,105,47,London UK,Positive,0.8
14064,2026-03-03 10:47:15,USR_5063,user_172,Electric vehicles are becoming more affordable and accessible every year.,#EV;#Automotive;#CleanEnergy,525,49,56,Berlin Germany,Positive,0.63
14065,2026-03-03 10:48:00,USR_5064,user_173,Heavy rain and flooding reported across the southern district. Stay safe everyone!,#WeatherAlert;#SafetyFirst,631,115,33,Mumbai India,Negative,-0.39
14066,2026-03-03 10:48:45,USR_5065,user_174,Upgraded to the new smartphone today! The camera speed and display are absolutely incredible.,#Tech;#NewPhone;#TechTrends,586,93,63,San Francisco USA,Positive,0.8
14067,2026-03-03 10:49:30,USR_5066,user_175,Public transit delayed for the third time this week. Terrible service during peak hours!,#TransitFail;#CityLife,561,115,27,London UK,Negative,-0.71
14068,2026-03-03 10:50:15,USR_5067,user_176,Switching to solar energy for our home. The installation was smooth and efficient.,#GoGreen;#SolarEnergy;#Sustainability,497,103,30,Sydney Australia,Positive,0.72
14069,2026-03-03 10:51:00,USR_5068,user_177,"Tried the new vegan cafe downtown. Food was average, but the iced coffee was good.",#Foodie;#Vegan;#CafeVibes,303,71,36,Toronto Canada,Neutral,0.09
14070,2026-03-03 10:51:45,USR_5069,user_178,Market volatility is extremely high today. Make sure to manage your risks carefully.,#Crypto;#Finance;#Trading,561,122,41,New York USA,Neutral,-0.02
14071,2026-03-03 10:52:30,USR_5070,user_179,Morning 10k run completed! Feeling energized and ready to tackle the week ahead.,#Fitness;#RunnersHigh;#Health,189,67,48,Chicago USA,Positive,0.99
14072,2026-03-03 10:53:15,USR_5071,user_180,The movie trailer released today looks completely underwhelming. Expectations ruined.,#MovieNews;#CinemaFail,277,129,26,Los Angeles USA,Negative,-0.63
14073,2026-03-03 10:54:00,USR_5072,user_181,Landing in Tokyo! Super excited to explore the vibrant street food and culture.,#Travel;#Japan;#Wanderlust,641,50,24,Tokyo Japan,Positive,0.98
14074,2026-03-03 10:54:45,USR_5073,user_182,Large language models are transforming modern data processing workflows rapidly.,#AI;#MachineLearning;#BigData,381,132,20,Boston USA,Positive,0.76
14075,2026-03-03 10:55:30,USR_5074,user_183,Servers are down again during the tournament. Extremely frustrating update!,#Gaming;#ServerDown;#Esports,309,105,53,Austin USA,Negative,-0.87
14076,2026-03-03 10:56:15,USR_5075,user_184,Attended the annual cloud computing conference. So many great insights on distributed systems.,#CloudComputing;#DevOps;#TechConference,275,172,36,Seattle USA,Positive,0.86
14077,2026-03-03 10:57:00,USR_5076,user_185,Flight got canceled last minute without any reasonable explanation. Very disappointing service.,#AirlineFail;#TravelProblems,358,55,58,Atlanta USA,Negative,-0.82
14078,2026-03-03 10:57:45,USR_5077,user_186,Started reading a new science fiction novel. The plot is turning out to be super captivating.,#Books;#SciFi;#ReadingList,373,125,23,London UK,Positive,0.82
14079,2026-03-03 10:58:30,USR_5078,user_187,Electric vehicles are becoming more affordable and accessible every year.,#EV;#Automotive;#CleanEnergy,304,184,51,Berlin Germany,Positive,0.77
14080,2026-03-03 10:59:15,USR_5079,user_188,Heavy rain and flooding reported across the southern district. Stay safe everyone!,#WeatherAlert;#SafetyFirst,373,75,41,Mumbai India,Negative,-0.44
14081,2026-03-03 11:00:00,USR_5080,user_189,Upgraded to the new smartphone today! The camera speed and display are absolutely incredible.,#Tech;#NewPhone;#TechTrends,460,180,47,San Francisco USA,Positive,0.84
14082,2026-03-03 11:00:45,USR_5081,user_190,Public transit delayed for the third time this week. Terrible service during peak hours!,#TransitFail;#CityLife,558,165,43,London UK,Negative,-0.71
14083,2026-03-03 11:01:30,USR_5082,user_191,Switching to solar energy for our home. The installation was smooth and efficient.,#GoGreen;#SolarEnergy;#Sustainability,528,98,32,Sydney Australia,Positive,0.74
14084,2026-03-03 11:02:15,USR_5083,user_192,"Tried the new vegan cafe downtown. Food was average, but the iced coffee was good.",#Foodie;#Vegan;#CafeVibes,387,52,60,Toronto Canada,Neutral,0.08
14085,2026-03-03 11:03:00,USR_5084,user_193,Market volatility is extremely high today. Make sure to manage your risks carefully.,#Crypto;#Finance;#Trading,269,47,55,New York USA,Neutral,-0.09
14086,2026-03-03 11:03:45,USR_5085,user_194,Morning 10k run completed! Feeling energized and ready to tackle the week ahead.,#Fitness;#RunnersHigh;#Health,211,63,46,Chicago USA,Positive,0.86
14087,2026-03-03 11:04:30,USR_5086,user_195,The movie trailer released today looks completely underwhelming. Expectations ruined.,#MovieNews;#CinemaFail,388,96,54,Los Angeles USA,Negative,-0.59
14088,2026-03-03 11:05:15,USR_5087,user_196,Landing in Tokyo! Super excited to explore the vibrant street food and culture.,#Travel;#Japan;#Wanderlust,596,179,61,Tokyo Japan,Positive,0.99
14089,2026-03-03 11:06:00,USR_5088,user_197,Large language models are transforming modern data processing workflows rapidly.,#AI;#MachineLearning;#BigData,543,123,49,Boston USA,Positive,0.66
14090,2026-03-03 11:06:45,USR_5089,user_198,Servers are down again during the tournament. Extremely frustrating update!,#Gaming;#ServerDown;#Esports,264,164,48,Austin USA,Negative,-0.78
14091,2026-03-03 11:07:30,USR_5090,user_199,Attended the annual cloud computing conference. So many great insights on distributed systems.,#CloudComputing;#DevOps;#TechConference,303,55,34,Seattle USA,Positive,0.75
14092,2026-03-03 11:08:15,USR_5091,user_200,Flight got canceled last minute without any reasonable explanation. Very disappointing service.,#AirlineFail;#TravelProblems,383,133,42,Atlanta USA,Negative,-0.87
14093,2026-03-03 11:09:00,USR_5092,user_201,Started reading a new science fiction novel. The plot is turning out to be super captivating.,#Books;#SciFi;#ReadingList,247,82,44,London UK,Positive,0.76
14094,2026-03-03 11:09:45,USR_5093,user_202,Electric vehicles are becoming more affordable and accessible every year.,#EV;#Automotive;#CleanEnergy,547,57,40,Berlin Germany,Positive,0.69
14095,2026-03-03 11:10:30,USR_5094,user_203,Heavy rain and flooding reported across the southern district. Stay safe everyone!,#WeatherAlert;#SafetyFirst,647,97,46,Mumbai India,Negative,-0.38
14096,2026-03-03 11:11:15,USR_5095,user_204,Upgraded to the new smartphone today! The camera speed and display are absolutely incredible.,#Tech;#NewPhone;#TechTrends,165,39,53,San Francisco USA,Positive,0.92
14097,2026-03-03 11:12:00,USR_5096,user_205,Public transit delayed for the third time this week. Terrible service during peak hours!,#TransitFail;#CityLife,423,134,41,London UK,Negative,-0.78
14098,2026-03-03 11:12:45,USR_5097,user_206,Switching to solar energy for our home. The installation was smooth and efficient.,#GoGreen;#SolarEnergy;#Sustainability,266,155,63,Sydney Australia,Positive,0.78
14099,2026-03-03 11:13:30,USR_5098,user_207,"Tried the new vegan cafe downtown. Food was average, but the iced coffee was good.",#Foodie;#Vegan;#CafeVibes,383,156,34,Toronto Canada,Neutral,0.18
14100,2026-03-03 11:14:15,USR_5099,user_208,Market volatility is extremely high today. Make sure to manage your risks carefully.,#Crypto;#Finance;#Trading,550,85,48,New York USA,Neutral,-0.12
14101,2026-03-03 11:15:00,USR_5100,user_209,Morning 10k run completed! Feeling energized and ready to tackle the week ahead.,#Fitness;#RunnersHigh;#Health,355,81,43,Chicago USA,Positive,0.88
14102,2026-03-03 11:15:45,USR_5101,user_210,The movie trailer released today looks completely underwhelming. Expectations ruined.,#MovieNews;#CinemaFail,370,175,30,Los Angeles USA,Negative,-0.6
14103,2026-03-03 11:16:30,USR_5102,user_211,Landing in Tokyo! Super excited to explore the vibrant street food and culture.,#Travel;#Japan;#Wanderlust,551,114,31,Tokyo Japan,Positive,0.96
14104,2026-03-03 11:17:15,USR_5103,user_212,Large language models are transforming modern data processing workflows rapidly.,#AI;#MachineLearning;#BigData,438,56,64,Boston USA,Positive,0.67
14105,2026-03-03 11:18:00,USR_5104,user_213,Servers are down again during the tournament. Extremely frustrating update!,#Gaming;#ServerDown;#Esports,315,78,54,Austin USA,Negative,-0.84
14106,2026-03-03 11:18:45,USR_5105,user_214,Attended the annual cloud computing conference. So many great insights on distributed systems.,#CloudComputing;#DevOps;#TechConference,336,193,39,Seattle USA,Positive,0.84
14107,2026-03-03 11:19:30,USR_5106,user_215,Flight got canceled last minute without any reasonable explanation. Very disappointing service.,#AirlineFail;#TravelProblems,431,49,14,Atlanta USA,Negative,-0.88
14108,2026-03-03 11:20:15,USR_5107,user_216,Started reading a new science fiction novel. The plot is turning out to be super captivating.,#Books;#SciFi;#ReadingList,454,48,56,London UK,Positive,0.74
14109,2026-03-03 11:21:00,USR_5108,user_217,Electric vehicles are becoming more affordable and accessible every year.,#EV;#Automotive;#CleanEnergy,278,59,53,Berlin Germany,Positive,0.67
14110,2026-03-03 11:21:45,USR_5109,user_218,Heavy rain and flooding reported across the southern district. Stay safe everyone!,#WeatherAlert;#SafetyFirst,246,98,62,Mumbai India,Negative,-0.44
14111,2026-03-03 11:22:30,USR_5110,user_219,Upgraded to the new smartphone today! The camera speed and display are absolutely incredible.,#Tech;#NewPhone;#TechTrends,274,139,18,San Francisco USA,Positive,0.84
14112,2026-03-03 11:23:15,USR_5111,user_220,Public transit delayed for the third time this week. Terrible service during peak hours!,#TransitFail;#CityLife,399,60,17,London UK,Negative,-0.79
14113,2026-03-03 11:24:00,USR_5112,user_221,Switching to solar energy for our home. The installation was smooth and efficient.,#GoGreen;#SolarEnergy;#Sustainability,243,49,31,Sydney Australia,Positive,0.71
14114,2026-03-03 11:24:45,USR_5113,user_222,"Tried the new vegan cafe downtown. Food was average, but the iced coffee was good.",#Foodie;#Vegan;#CafeVibes,280,170,34,Toronto Canada,Neutral,0.1
14115,2026-03-03 11:25:30,USR_5114,user_223,Market volatility is extremely high today. Make sure to manage your risks carefully.,#Crypto;#Finance;#Trading,624,108,49,New York USA,Neutral,-0.01
14116,2026-03-03 11:26:15,USR_5115,user_224,Morning 10k run completed! Feeling energized and ready to tackle the week ahead.,#Fitness;#RunnersHigh;#Health,288,144,59,Chicago USA,Positive,0.87
14117,2026-03-03 11:27:00,USR_5116,user_225,The movie trailer released today looks completely underwhelming. Expectations ruined.,#MovieNews;#CinemaFail,241,71,43,Los Angeles USA,Negative,-0.61
14118,2026-03-03 11:27:45,USR_5117,user_226,Landing in Tokyo! Super excited to explore the vibrant street food and culture.,#Travel;#Japan;#Wanderlust,385,81,42,Tokyo Japan,Positive,0.92
14119,2026-03-03 11:28:30,USR_5118,user_227,Large language models are transforming modern data processing workflows rapidly.,#AI;#MachineLearning;#BigData,563,42,34,Boston USA,Positive,0.74
14120,2026-03-03 11:29:15,USR_5119,user_228,Servers are down again during the tournament. Extremely frustrating update!,#Gaming;#ServerDown;#Esports,175,138,20,Austin USA,Negative,-0.79
14121,2026-03-03 11:30:00,USR_5120,user_229,Attended the annual cloud computing conference. So many great insights on distributed systems.,#CloudComputing;#DevOps;#TechConference,548,84,32,Seattle USA,Positive,0.86
14122,2026-03-03 11:30:45,USR_5121,user_230,Flight got canceled last minute without any reasonable explanation. Very disappointing service.,#AirlineFail;#TravelProblems,453,162,19,Atlanta USA,Negative,-0.88
14123,2026-03-03 11:31:30,USR_5122,user_231,Started reading a new science fiction novel. The plot is turning out to be super captivating.,#Books;#SciFi;#ReadingList,180,173,64,London UK,Positive,0.79
14124,2026-03-03 11:32:15,USR_5123,user_232,Electric vehicles are becoming more affordable and accessible every year.,#EV;#Automotive;#CleanEnergy,191,120,34,Berlin Germany,Positive,0.76
14125,2026-03-03 11:33:00,USR_5124,user_233,Heavy rain and flooding reported across the southern district. Stay safe everyone!,#WeatherAlert;#SafetyFirst,283,86,61,Mumbai India,Negative,-0.38
14126,2026-03-03 11:33:45,USR_5125,user_234,Upgraded to the new smartphone today! The camera speed and display are absolutely incredible.,#Tech;#NewPhone;#TechTrends,559,129,51,San Francisco USA,Positive,0.79
14127,2026-03-03 11:34:30,USR_5126,user_235,Public transit delayed for the third time this week. Terrible service during peak hours!,#TransitFail;#CityLife,542,104,21,London UK,Negative,-0.69
14128,2026-03-03 11:35:15,USR_5127,user_236,Switching to solar energy for our home. The installation was smooth and efficient.,#GoGreen;#SolarEnergy;#Sustainability,205,153,48,Sydney Australia,Positive,0.71
14129,2026-03-03 11:36:00,USR_5128,user_237,"Tried the new vegan cafe downtown. Food was average, but the iced coffee was good.",#Foodie;#Vegan;#CafeVibes,167,122,28,Toronto Canada,Neutral,0.19
14130,2026-03-03 11:36:45,USR_5129,user_238,Market volatility is extremely high today. Make sure to manage your risks carefully.,#Crypto;#Finance;#Trading,177,65,32,New York USA,Neutral,-0.03
14131,2026-03-03 11:37:30,USR_5130,user_239,Morning 10k run completed! Feeling energized and ready to tackle the week ahead.,#Fitness;#RunnersHigh;#Health,246,124,23,Chicago USA,Positive,0.95
14132,2026-03-03 11:38:15,USR_5131,user_240,The movie trailer released today looks completely underwhelming. Expectations ruined.,#MovieNews;#CinemaFail,200,97,48,Los Angeles USA,Negative,-0.66
14133,2026-03-03 11:39:00,USR_5132,user_241,Landing in Tokyo! Super excited to explore the vibrant street food and culture.,#Travel;#Japan;#Wanderlust,340,170,16,Tokyo Japan,Positive,0.97
14134,2026-03-03 11:39:45,USR_5133,user_242,Large language models are transforming modern data processing workflows rapidly.,#AI;#MachineLearning;#BigData,362,176,18,Boston USA,Positive,0.73
14135,2026-03-03 11:40:30,USR_5134,user_243,Servers are down again during the tournament. Extremely frustrating update!,#Gaming;#ServerDown;#Esports,289,129,57,Austin USA,Negative,-0.88
14136,2026-03-03 11:41:15,USR_5135,user_244,Attended the annual cloud computing conference. So many great insights on distributed systems.,#CloudComputing;#DevOps;#TechConference,572,176,28,Seattle USA,Positive,0.84
14137,2026-03-03 11:42:00,USR_5136,user_245,Flight got canceled last minute without any reasonable explanation. Very disappointing service.,#AirlineFail;#TravelProblems,211,156,15,Atlanta USA,Negative,-0.89
14138,2026-03-03 11:42:45,USR_5137,user_246,Started reading a new science fiction novel. The plot is turning out to be super captivating.,#Books;#SciFi;#ReadingList,547,143,63,London UK,Positive,0.71
14139,2026-03-03 11:43:30,USR_5138,user_247,Electric vehicles are becoming more affordable and accessible every year.,#EV;#Automotive;#CleanEnergy,193,173,16,Berlin Germany,Positive,0.76
14140,2026-03-03 11:44:15,USR_5139,user_248,Heavy rain and flooding reported across the southern district. Stay safe everyone!,#WeatherAlert;#SafetyFirst,396,108,26,Mumbai India,Negative,-0.42
14141,2026-03-03 11:45:00,USR_5140,user_249,Upgraded to the new smartphone today! The camera speed and display are absolutely incredible.,#Tech;#NewPhone;#TechTrends,465,145,32,San Francisco USA,Positive,0.85
14142,2026-03-03 11:45:45,USR_5141,user_250,Public transit delayed for the third time this week. Terrible service during peak hours!,#TransitFail;#CityLife,165,48,15,London UK,Negative,-0.8
14143,2026-03-03 11:46:30,USR_5142,user_251,Switching to solar energy for our home. The installation was smooth and efficient.,#GoGreen;#SolarEnergy;#Sustainability,188,97,25,Sydney Australia,Positive,0.79
14144,2026-03-03 11:47:15,USR_5143,user_252,"Tried the new vegan cafe downtown. Food was average, but the iced coffee was good.",#Foodie;#Vegan;#CafeVibes,591,56,56,Toronto Canada,Neutral,0.2
14145,2026-03-03 11:48:00,USR_5144,user_253,Market volatility is extremely high today. Make sure to manage your risks carefully.,#Crypto;#Finance;#Trading,576,143,52,New York USA,Neutral,-0.09
14146,2026-03-03 11:48:45,USR_5145,user_254,Morning 10k run completed! Feeling energized and ready to tackle the week ahead.,#Fitness;#RunnersHigh;#Health,274,79,63,Chicago USA,Positive,0.94
14147,2026-03-03 11:49:30,USR_5146,user_255,The movie trailer released today looks completely underwhelming. Expectations ruined.,#MovieNews;#CinemaFail,482,161,31,Los Angeles USA,Negative,-0.68
14148,2026-03-03 11:50:15,USR_5147,user_256,Landing in Tokyo! Super excited to explore the vibrant street food and culture.,#Travel;#Japan;#Wanderlust,430,124,48,Tokyo Japan,Positive,0.98
14149,2026-03-03 11:51:00,USR_5148,user_257,Large language models are transforming modern data processing workflows rapidly.,#AI;#MachineLearning;#BigData,564,166,49,Boston USA,Positive,0.61
14150,2026-03-03 11:51:45,USR_5149,user_258,Servers are down again during the tournament. Extremely frustrating update!,#Gaming;#ServerDown;#Esports,640,122,41,Austin USA,Negative,-0.86
14151,2026-03-03 11:52:30,USR_5150,user_259,Attended the annual cloud computing conference. So many great insights on distributed systems.,#CloudComputing;#DevOps;#TechConference,476,37,50,Seattle USA,Positive,0.83
14152,2026-03-03 11:53:15,USR_5151,user_260,Flight got canceled last minute without any reasonable explanation. Very disappointing service.,#AirlineFail;#TravelProblems,450,110,64,Atlanta USA,Negative,-0.9
14153,2026-03-03 11:54:00,USR_5152,user_261,Started reading a new science fiction novel. The plot is turning out to be super captivating.,#Books;#SciFi;#ReadingList,355,116,25,London UK,Positive,0.73
14154,2026-03-03 11:54:45,USR_5153,user_262,Electric vehicles are becoming more affordable and accessible every year.,#EV;#Automotive;#CleanEnergy,589,146,32,Berlin Germany,Positive,0.65
14155,2026-03-03 11:55:30,USR_5154,user_263,Heavy rain and flooding reported across the southern district. Stay safe everyone!,#WeatherAlert;#SafetyFirst,535,177,43,Mumbai India,Negative,-0.36
14156,2026-03-03 11:56:15,USR_5155,user_264,Upgraded to the new smartphone today! The camera speed and display are absolutely incredible.,#Tech;#NewPhone;#TechTrends,500,112,35,San Francisco USA,Positive,0.83
14157,2026-03-03 11:57:00,USR_5156,user_265,Public transit delayed for the third time this week. Terrible service during peak hours!,#TransitFail;#CityLife,642,129,20,London UK,Negative,-0.68
14158,2026-03-03 11:57:45,USR_5157,user_266,Switching to solar energy for our home. The installation was smooth and efficient.,#GoGreen;#SolarEnergy;#Sustainability,545,164,59,Sydney Australia,Positive,0.7
14159,2026-03-03 11:58:30,USR_5158,user_267,"Tried the new vegan cafe downtown. Food was average, but the iced coffee was good.",#Foodie;#Vegan;#CafeVibes,451,134,54,Toronto Canada,Neutral,0.21
14160,2026-03-03 11:59:15,USR_5159,user_268,Market volatility is extremely high today. Make sure to manage your risks carefully.,#Crypto;#Finance;#Trading,472,152,19,New York USA,Neutral,-0.04
14161,2026-03-03 12:00:00,USR_5160,user_269,Morning 10k run completed! Feeling energized and ready to tackle the week ahead.,#Fitness;#RunnersHigh;#Health,580,157,55,Chicago USA,Positive,0.98
14162,2026-03-03 12:00:45,USR_5161,user_270,The movie trailer released today looks completely underwhelming. Expectations ruined.,#MovieNews;#CinemaFail,518,178,23,Los Angeles USA,Negative,-0.64
14163,2026-03-03 12:01:30,USR_5162,user_271,Landing in Tokyo! Super excited to explore the vibrant street food and culture.,#Travel;#Japan;#Wanderlust,515,141,27,Tokyo Japan,Positive,0.95
14164,2026-03-03 12:02:15,USR_5163,user_272,Large language models are transforming modern data processing workflows rapidly.,#AI;#MachineLearning;#BigData,292,102,34,Boston USA,Positive,0.72
14165,2026-03-03 12:03:00,USR_5164,user_273,Servers are down again during the tournament. Extremely frustrating update!,#Gaming;#ServerDown;#Esports,558,143,30,Austin USA,Negative,-0.83
14166,2026-03-03 12:03:45,USR_5165,user_274,Attended the annual cloud computing conference. So many great insights on distributed systems.,#CloudComputing;#DevOps;#TechConference,475,148,16,Seattle USA,Positive,0.89
14167,2026-03-03 12:04:30,USR_5166,user_275,Flight got canceled last minute without any reasonable explanation. Very disappointing service.,#AirlineFail;#TravelProblems,285,97,54,Atlanta USA,Negative,-0.89
14168,2026-03-03 12:05:15,USR_5167,user_276,Started reading a new science fiction novel. The plot is turning out to be super captivating.,#Books;#SciFi;#ReadingList,209,174,16,London UK,Positive,0.68
14169,2026-03-03 12:06:00,USR_5168,user_277,Electric vehicles are becoming more affordable and accessible every year.,#EV;#Automotive;#CleanEnergy,368,82,15,Berlin Germany,Positive,0.69
14170,2026-03-03 12:06:45,USR_5169,user_278,Heavy rain and flooding reported across the southern district. Stay safe everyone!,#WeatherAlert;#SafetyFirst,491,95,49,Mumbai India,Negative,-0.44
14171,2026-03-03 12:07:30,USR_5170,user_279,Upgraded to the new smartphone today! The camera speed and display are absolutely incredible.,#Tech;#NewPhone;#TechTrends,286,133,54,San Francisco USA,Positive,0.85
14172,2026-03-03 12:08:15,USR_5171,user_280,Public transit delayed for the third time this week. Terrible service during peak hours!,#TransitFail;#CityLife,525,85,63,London UK,Negative,-0.8
14173,2026-03-03 12:09:00,USR_5172,user_281,Switching to solar energy for our home. The installation was smooth and efficient.,#GoGreen;#SolarEnergy;#Sustainability,193,87,33,Sydney Australia,Positive,0.71
14174,2026-03-03 12:09:45,USR_5173,user_282,"Tried the new vegan cafe downtown. Food was average, but the iced coffee was good.",#Foodie;#Vegan;#CafeVibes,349,121,47,Toronto Canada,Neutral,0.16
14175,2026-03-03 12:10:30,USR_5174,user_283,Market volatility is extremely high today. Make sure to manage your risks carefully.,#Crypto;#Finance;#Trading,360,51,56,New York USA,Neutral,-0.07
14176,2026-03-03 12:11:15,USR_5175,user_284,Morning 10k run completed! Feeling energized and ready to tackle the week ahead.,#Fitness;#RunnersHigh;#Health,377,123,35,Chicago USA,Positive,0.97
14177,2026-03-03 12:12:00,USR_5176,user_285,The movie trailer released today looks completely underwhelming. Expectations ruined.,#MovieNews;#CinemaFail,569,75,20,Los Angeles USA,Negative,-0.72
14178,2026-03-03 12:12:45,USR_5177,user_286,Landing in Tokyo! Super excited to explore the vibrant street food and culture.,#Travel;#Japan;#Wanderlust,381,56,49,Tokyo Japan,Positive,0.99
14179,2026-03-03 12:13:30,USR_5178,user_287,Large language models are transforming modern data processing workflows rapidly.,#AI;#MachineLearning;#BigData,353,159,44,Boston USA,Positive,0.66
14180,2026-03-03 12:14:15,USR_5179,user_288,Servers are down again during the tournament. Extremely frustrating update!,#Gaming;#ServerDown;#Esports,449,140,52,Austin USA,Negative,-0.8
14181,2026-03-03 12:15:00,USR_5180,user_289,Attended the annual cloud computing conference. So many great insights on distributed systems.,#CloudComputing;#DevOps;#TechConference,496,120,26,Seattle USA,Positive,0.74
14182,2026-03-03 12:15:45,USR_5181,user_290,Flight got canceled last minute without any reasonable explanation. Very disappointing service.,#AirlineFail;#TravelProblems,260,34,25,Atlanta USA,Negative,-0.82
14183,2026-03-03 12:16:30,USR_5182,user_291,Started reading a new science fiction novel. The plot is turning out to be super captivating.,#Books;#SciFi;#ReadingList,218,100,23,London UK,Positive,0.72
14184,2026-03-03 12:17:15,USR_5183,user_292,Electric vehicles are becoming more affordable and accessible every year.,#EV;#Automotive;#CleanEnergy,347,46,54,Berlin Germany,Positive,0.63
14185,2026-03-03 12:18:00,USR_5184,user_293,Heavy rain and flooding reported across the southern district. Stay safe everyone!,#WeatherAlert;#SafetyFirst,279,124,33,Mumbai India,Negative,-0.41
14186,2026-03-03 12:18:45,USR_5185,user_294,Upgraded to the new smartphone today! The camera speed and display are absolutely incredible.,#Tech;#NewPhone;#TechTrends,621,151,61,San Francisco USA,Positive,0.78
14187,2026-03-03 12:19:30,USR_5186,user_295,Public transit delayed for the third time this week. Terrible service during peak hours!,#TransitFail;#CityLife,455,60,60,London UK,Negative,-0.72
14188,2026-03-03 12:20:15,USR_5187,user_296,Switching to solar energy for our home. The installation was smooth and efficient.,#GoGreen;#SolarEnergy;#Sustainability,491,165,42,Sydney Australia,Positive,0.8
14189,2026-03-03 12:21:00,USR_5188,user_297,"Tried the new vegan cafe downtown. Food was average, but the iced coffee was good.",#Foodie;#Vegan;#CafeVibes,554,180,62,Toronto Canada,Neutral,0.17
14190,2026-03-03 12:21:45,USR_5189,user_298,Market volatility is extremely high today. Make sure to manage your risks carefully.,#Crypto;#Finance;#Trading,229,177,41,New York USA,Neutral,-0.06
14191,2026-03-03 12:22:30,USR_5190,user_299,Morning 10k run completed! Feeling energized and ready to tackle the week ahead.,#Fitness;#RunnersHigh;#Health,145,91,35,Chicago USA,Positive,0.86
14192,2026-03-03 12:23:15,USR_5191,user_300,The movie trailer released today looks completely underwhelming. Expectations ruined.,#MovieNews;#CinemaFail,238,96,22,Los Angeles USA,Negative,-0.57
14193,2026-03-03 12:24:00,USR_5192,user_301,Landing in Tokyo! Super excited to explore the vibrant street food and culture.,#Travel;#Japan;#Wanderlust,488,80,48,Tokyo Japan,Positive,0.87
14194,2026-03-03 12:24:45,USR_5193,user_302,Large language models are transforming modern data processing workflows rapidly.,#AI;#MachineLearning;#BigData,604,108,27,Boston USA,Positive,0.67
14195,2026-03-03 12:25:30,USR_5194,user_303,Servers are down again during the tournament. Extremely frustrating update!,#Gaming;#ServerDown;#Esports,600,67,30,Austin USA,Negative,-0.77
14196,2026-03-03 12:26:15,USR_5195,user_304,Attended the annual cloud computing conference. So many great insights on distributed systems.,#CloudComputing;#DevOps;#TechConference,238,66,19,Seattle USA,Positive,0.87
14197,2026-03-03 12:27:00,USR_5196,user_305,Flight got canceled last minute without any reasonable explanation. Very disappointing service.,#AirlineFail;#TravelProblems,537,167,75,Atlanta USA,Negative,-0.8
14198,2026-03-03 12:27:45,USR_5197,user_306,Started reading a new science fiction novel. The plot is turning out to be super captivating.,#Books;#SciFi;#ReadingList,644,128,31,London UK,Positive,0.69
14199,2026-03-03 12:28:30,USR_5198,user_307,Electric vehicles are becoming more affordable and accessible every year.,#EV;#Automotive;#CleanEnergy,278,106,69,Berlin Germany,Positive,0.76
14200,2026-03-03 12:29:15,USR_5199,user_308,Heavy rain and flooding reported across the southern district. Stay safe everyone!,#WeatherAlert;#SafetyFirst,555,79,38,Mumbai India,Negative,-0.43
14201,2026-03-03 12:30:00,USR_5200,user_309,Upgraded to the new smartphone today! The camera speed and display are absolutely incredible.,#Tech;#NewPhone;#TechTrends,371,43,36,San Francisco USA,Positive,0.87
14202,2026-03-03 12:30:45,USR_5201,user_310,Public transit delayed for the third time this week. Terrible service during peak hours!,#TransitFail;#CityLife,518,86,24,London UK,Negative,-0.72
14203,2026-03-03 12:31:30,USR_5202,user_311,Switching to solar energy for our home. The installation was smooth and efficient.,#GoGreen;#SolarEnergy;#Sustainability,283,155,47,Sydney Australia,Positive,0.78
14204,2026-03-03 12:32:15,USR_5203,user_312,"Tried the new vegan cafe downtown. Food was average, but the iced coffee was good.",#Foodie;#Vegan;#CafeVibes,618,37,20,Toronto Canada,Neutral,0.16
14205,2026-03-03 12:33:00,USR_5204,user_313,Market volatility is extremely high today. Make sure to manage your risks carefully.,#Crypto;#Finance;#Trading,487,149,44,New York USA,Neutral,-0.07
14206,2026-03-03 12:33:45,USR_5205,user_314,Morning 10k run completed! Feeling energized and ready to tackle the week ahead.,#Fitness;#RunnersHigh;#Health,649,47,40,Chicago USA,Positive,0.85
14207,2026-03-03 12:34:30,USR_5206,user_315,The movie trailer released today looks completely underwhelming. Expectations ruined.,#MovieNews;#CinemaFail,521,126,34,Los Angeles USA,Negative,-0.72
14208,2026-03-03 12:35:15,USR_5207,user_316,Landing in Tokyo! Super excited to explore the vibrant street food and culture.,#Travel;#Japan;#Wanderlust,593,104,36,Tokyo Japan,Positive,0.92
14209,2026-03-03 12:36:00,USR_5208,user_317,Large language models are transforming modern data processing workflows rapidly.,#AI;#MachineLearning;#BigData,183,49,54,Boston USA,Positive,0.74
14210,2026-03-03 12:36:45,USR_5209,user_318,Servers are down again during the tournament. Extremely frustrating update!,#Gaming;#ServerDown;#Esports,295,105,53,Austin USA,Negative,-0.86
14211,2026-03-03 12:37:30,USR_5210,user_319,Attended the annual cloud computing conference. So many great insights on distributed systems.,#CloudComputing;#DevOps;#TechConference,583,168,52,Seattle USA,Positive,0.82
14212,2026-03-03 12:38:15,USR_5211,user_320,Flight got canceled last minute without any reasonable explanation. Very disappointing service.,#AirlineFail;#TravelProblems,400,92,33,Atlanta USA,Negative,-0.94
14213,2026-03-03 12:39:00,USR_5212,user_321,Started reading a new science fiction novel. The plot is turning out to be super captivating.,#Books;#SciFi;#ReadingList,220,48,53,London UK,Positive,0.8
14214,2026-03-03 12:39:45,USR_5213,user_322,Electric vehicles are becoming more affordable and accessible every year.,#EV;#Automotive;#CleanEnergy,475,37,66,Berlin Germany,Positive,0.7
14215,2026-03-03 12:40:30,USR_5214,user_323,Heavy rain and flooding reported across the southern district. Stay safe everyone!,#WeatherAlert;#SafetyFirst,335,54,54,Mumbai India,Negative,-0.33
14216,2026-03-03 12:41:15,USR_5215,user_324,Upgraded to the new smartphone today! The camera speed and display are absolutely incredible.,#Tech;#NewPhone;#TechTrends,376,156,53,San Francisco USA,Positive,0.86
14217,2026-03-03 12:42:00,USR_5216,user_325,Public transit delayed for the third time this week. Terrible service during peak hours!,#TransitFail;#CityLife,302,153,22,London UK,Negative,-0.71
14218,2026-03-03 12:42:45,USR_5217,user_326,Switching to solar energy for our home. The installation was smooth and efficient.,#GoGreen;#SolarEnergy;#Sustainability,598,121,17,Sydney Australia,Positive,0.83
14219,2026-03-03 12:43:30,USR_5218,user_327,"Tried the new vegan cafe downtown. Food was average, but the iced coffee was good.",#Foodie;#Vegan;#CafeVibes,551,51,42,Toronto Canada,Neutral,0.08
14220,2026-03-03 12:44:15,USR_5219,user_328,Market volatility is extremely high today. Make sure to manage your risks carefully.,#Crypto;#Finance;#Trading,478,187,64,New York USA,Neutral,0.0
14221,2026-03-03 12:45:00,USR_5220,user_329,Morning 10k run completed! Feeling energized and ready to tackle the week ahead.,#Fitness;#RunnersHigh;#Health,578,85,33,Chicago USA,Positive,0.84
14222,2026-03-03 12:45:45,USR_5221,user_330,The movie trailer released today looks completely underwhelming. Expectations ruined.,#MovieNews;#CinemaFail,552,193,43,Los Angeles USA,Negative,-0.6
14223,2026-03-03 12:46:30,USR_5222,user_331,Landing in Tokyo! Super excited to explore the vibrant street food and culture.,#Travel;#Japan;#Wanderlust,577,148,32,Tokyo Japan,Positive,1.0
14224,2026-03-03 12:47:15,USR_5223,user_332,Large language models are transforming modern data processing workflows rapidly.,#AI;#MachineLearning;#BigData,496,93,23,Boston USA,Positive,0.76
14225,2026-03-03 12:48:00,USR_5224,user_333,Servers are down again during the tournament. Extremely frustrating update!,#Gaming;#ServerDown;#Esports,246,155,39,Austin USA,Negative,-0.79
14226,2026-03-03 12:48:45,USR_5225,user_334,Attended the annual cloud computing conference. So many great insights on distributed systems.,#CloudComputing;#DevOps;#TechConference,207,198,35,Seattle USA,Positive,0.86
14227,2026-03-03 12:49:30,USR_5226,user_335,Flight got canceled last minute without any reasonable explanation. Very disappointing service.,#AirlineFail;#TravelProblems,487,77,32,Atlanta USA,Negative,-0.89
14228,2026-03-03 12:50:15,USR_5227,user_336,Started reading a new science fiction novel. The plot is turning out to be super captivating.,#Books;#SciFi;#ReadingList,593,50,23,London UK,Positive,0.77
14229,2026-03-03 12:51:00,USR_5228,user_337,Electric vehicles are becoming more affordable and accessible every year.,#EV;#Automotive;#CleanEnergy,395,64,26,Berlin Germany,Positive,0.73
14230,2026-03-03 12:51:45,USR_5229,user_338,Heavy rain and flooding reported across the southern district. Stay safe everyone!,#WeatherAlert;#SafetyFirst,471,118,36,Mumbai India,Negative,-0.47
14231,2026-03-03 12:52:30,USR_5230,user_339,Upgraded to the new smartphone today! The camera speed and display are absolutely incredible.,#Tech;#NewPhone;#TechTrends,195,119,16,San Francisco USA,Positive,0.86
14232,2026-03-03 12:53:15,USR_5231,user_340,Public transit delayed for the third time this week. Terrible service during peak hours!,#TransitFail;#CityLife,160,171,38,London UK,Negative,-0.68
14233,2026-03-03 12:54:00,USR_5232,user_341,Switching to solar energy for our home. The installation was smooth and efficient.,#GoGreen;#SolarEnergy;#Sustainability,255,47,58,Sydney Australia,Positive,0.77
14234,2026-03-03 12:54:45,USR_5233,user_342,"Tried the new vegan cafe downtown. Food was average, but the iced coffee was good.",#Foodie;#Vegan;#CafeVibes,388,155,45,Toronto Canada,Neutral,0.14
14235,2026-03-03 12:55:30,USR_5234,user_343,Market volatility is extremely high today. Make sure to manage your risks carefully.,#Crypto;#Finance;#Trading,527,142,32,New York USA,Neutral,-0.11
14236,2026-03-03 12:56:15,USR_5235,user_344,Morning 10k run completed! Feeling energized and ready to tackle the week ahead.,#Fitness;#RunnersHigh;#Health,304,126,27,Chicago USA,Positive,0.99
14237,2026-03-03 12:57:00,USR_5236,user_345,The movie trailer released today looks completely underwhelming. Expectations ruined.,#MovieNews;#CinemaFail,504,89,50,Los Angeles USA,Negative,-0.65
14238,2026-03-03 12:57:45,USR_5237,user_346,Landing in Tokyo! Super excited to explore the vibrant street food and culture.,#Travel;#Japan;#Wanderlust,285,72,37,Tokyo Japan,Positive,0.9
14239,2026-03-03 12:58:30,USR_5238,user_347,Large language models are transforming modern data processing workflows rapidly.,#AI;#MachineLearning;#BigData,308,69,45,Boston USA,Positive,0.75
14240,2026-03-03 12:59:15,USR_5239,user_348,Servers are down again during the tournament. Extremely frustrating update!,#Gaming;#ServerDown;#Esports,536,162,41,Austin USA,Negative,-0.89
14241,2026-03-03 13:00:00,USR_5240,user_349,Attended the annual cloud computing conference. So many great insights on distributed systems.,#CloudComputing;#DevOps;#TechConference,610,150,46,Seattle USA,Positive,0.8
14242,2026-03-03 13:00:45,USR_5241,user_350,Flight got canceled last minute without any reasonable explanation. Very disappointing service.,#AirlineFail;#TravelProblems,408,34,45,Atlanta USA,Negative,-0.87
14243,2026-03-03 13:01:30,USR_5242,user_351,Started reading a new science fiction novel. The plot is turning out to be super captivating.,#Books;#SciFi;#ReadingList,372,75,30,London UK,Positive,0.75
14244,2026-03-03 13:02:15,USR_5243,user_352,Electric vehicles are becoming more affordable and accessible every year.,#EV;#Automotive;#CleanEnergy,203,79,27,Berlin Germany,Positive,0.67
14245,2026-03-03 13:03:00,USR_5244,user_353,Heavy rain and flooding reported across the southern district. Stay safe everyone!,#WeatherAlert;#SafetyFirst,240,107,50,Mumbai India,Negative,-0.36
14246,2026-03-03 13:03:45,USR_5245,user_354,Upgraded to the new smartphone today! The camera speed and display are absolutely incredible.,#Tech;#NewPhone;#TechTrends,578,48,30,San Francisco USA,Positive,0.81
14247,2026-03-03 13:04:30,USR_5246,user_355,Public transit delayed for the third time this week. Terrible service during peak hours!,#TransitFail;#CityLife,244,161,46,London UK,Negative,-0.77
14248,2026-03-03 13:05:15,USR_5247,user_356,Switching to solar energy for our home. The installation was smooth and efficient.,#GoGreen;#SolarEnergy;#Sustainability,529,188,17,Sydney Australia,Positive,0.79
14249,2026-03-03 13:06:00,USR_5248,user_357,"Tried the new vegan cafe downtown. Food was average, but the iced coffee was good.",#Foodie;#Vegan;#CafeVibes,457,125,18,Toronto Canada,Neutral,0.15
14250,2026-03-03 13:06:45,USR_5249,user_358,Market volatility is extremely high today. Make sure to manage your risks carefully.,#Crypto;#Finance;#Trading,404,76,48,New York USA,Neutral,-0.04
14251,2026-03-03 13:07:30,USR_5250,user_359,Morning 10k run completed! Feeling energized and ready to tackle the week ahead.,#Fitness;#RunnersHigh;#Health,403,144,39,Chicago USA,Positive,0.87
14252,2026-03-03 13:08:15,USR_5251,user_360,The movie trailer released today looks completely underwhelming. Expectations ruined.,#MovieNews;#CinemaFail,511,121,18,Los Angeles USA,Negative,-0.68
14253,2026-03-03 13:09:00,USR_5252,user_361,Landing in Tokyo! Super excited to explore the vibrant street food and culture.,#Travel;#Japan;#Wanderlust,339,97,30,Tokyo Japan,Positive,0.97
14254,2026-03-03 13:09:45,USR_5253,user_362,Large language models are transforming modern data processing workflows rapidly.,#AI;#MachineLearning;#BigData,371,138,38,Boston USA,Positive,0.76
14255,2026-03-03 13:10:30,USR_5254,user_363,Servers are down again during the tournament. Extremely frustrating update!,#Gaming;#ServerDown;#Esports,298,127,66,Austin USA,Negative,-0.88
14256,2026-03-03 13:11:15,USR_5255,user_364,Attended the annual cloud computing conference. So many great insights on distributed systems.,#CloudComputing;#DevOps;#TechConference,296,114,35,Seattle USA,Positive,0.86
14257,2026-03-03 13:12:00,USR_5256,user_365,Flight got canceled last minute without any reasonable explanation. Very disappointing service.,#AirlineFail;#TravelProblems,233,122,52,Atlanta USA,Negative,-0.88
14258,2026-03-03 13:12:45,USR_5257,user_366,Started reading a new science fiction novel. The plot is turning out to be super captivating.,#Books;#SciFi;#ReadingList,373,146,69,London UK,Positive,0.74
14259,2026-03-03 13:13:30,USR_5258,user_367,Electric vehicles are becoming more affordable and accessible every year.,#EV;#Automotive;#CleanEnergy,199,108,46,Berlin Germany,Positive,0.78
14260,2026-03-03 13:14:15,USR_5259,user_368,Heavy rain and flooding reported across the southern district. Stay safe everyone!,#WeatherAlert;#SafetyFirst,605,165,42,Mumbai India,Negative,-0.34
14261,2026-03-03 13:15:00,USR_5260,user_369,Upgraded to the new smartphone today! The camera speed and display are absolutely incredible.,#Tech;#NewPhone;#TechTrends,301,114,26,San Francisco USA,Positive,0.86
14262,2026-03-03 13:15:45,USR_5261,user_370,Public transit delayed for the third time this week. Terrible service during peak hours!,#TransitFail;#CityLife,628,88,34,London UK,Negative,-0.75
14263,2026-03-03 13:16:30,USR_5262,user_371,Switching to solar energy for our home. The installation was smooth and efficient.,#GoGreen;#SolarEnergy;#Sustainability,605,76,55,Sydney Australia,Positive,0.71
14264,2026-03-03 13:17:15,USR_5263,user_372,"Tried the new vegan cafe downtown. Food was average, but the iced coffee was good.",#Foodie;#Vegan;#CafeVibes,424,43,33,Toronto Canada,Neutral,0.23
14265,2026-03-03 13:18:00,USR_5264,user_373,Market volatility is extremely high today. Make sure to manage your risks carefully.,#Crypto;#Finance;#Trading,170,67,39,New York USA,Neutral,-0.0
14266,2026-03-03 13:18:45,USR_5265,user_374,Morning 10k run completed! Feeling energized and ready to tackle the week ahead.,#Fitness;#RunnersHigh;#Health,335,137,47,Chicago USA,Positive,0.9
14267,2026-03-03 13:19:30,USR_5266,user_375,The movie trailer released today looks completely underwhelming. Expectations ruined.,#MovieNews;#CinemaFail,592,85,52,Los Angeles USA,Negative,-0.73
14268,2026-03-03 13:20:15,USR_5267,user_376,Landing in Tokyo! Super excited to explore the vibrant street food and culture.,#Travel;#Japan;#Wanderlust,387,104,40,Tokyo Japan,Positive,0.99
14269,2026-03-03 13:21:00,USR_5268,user_377,Large language models are transforming modern data processing workflows rapidly.,#AI;#MachineLearning;#BigData,229,115,57,Boston USA,Positive,0.68
14270,2026-03-03 13:21:45,USR_5269,user_378,Servers are down again during the tournament. Extremely frustrating update!,#Gaming;#ServerDown;#Esports,365,107,19,Austin USA,Negative,-0.87
14271,2026-03-03 13:22:30,USR_5270,user_379,Attended the annual cloud computing conference. So many great insights on distributed systems.,#CloudComputing;#DevOps;#TechConference,408,88,17,Seattle USA,Positive,0.85
14272,2026-03-03 13:23:15,USR_5271,user_380,Flight got canceled last minute without any reasonable explanation. Very disappointing service.,#AirlineFail;#TravelProblems,331,73,58,Atlanta USA,Negative,-0.95
14273,2026-03-03 13:24:00,USR_5272,user_381,Started reading a new science fiction novel. The plot is turning out to be super captivating.,#Books;#SciFi;#ReadingList,631,163,63,London UK,Positive,0.78
14274,2026-03-03 13:24:45,USR_5273,user_382,Electric vehicles are becoming more affordable and accessible every year.,#EV;#Automotive;#CleanEnergy,157,94,25,Berlin Germany,Positive,0.69
14275,2026-03-03 13:25:30,USR_5274,user_383,Heavy rain and flooding reported across the southern district. Stay safe everyone!,#WeatherAlert;#SafetyFirst,661,148,54,Mumbai India,Negative,-0.38
14276,2026-03-03 13:26:15,USR_5275,user_384,Upgraded to the new smartphone today! The camera speed and display are absolutely incredible.,#Tech;#NewPhone;#TechTrends,338,135,21,San Francisco USA,Positive,0.8
14277,2026-03-03 13:27:00,USR_5276,user_385,Public transit delayed for the third time this week. Terrible service during peak hours!,#TransitFail;#CityLife,514,54,37,London UK,Negative,-0.77
14278,2026-03-03 13:27:45,USR_5277,user_386,Switching to solar energy for our home. The installation was smooth and efficient.,#GoGreen;#SolarEnergy;#Sustainability,210,141,32,Sydney Australia,Positive,0.8
14279,2026-03-03 13:28:30,USR_5278,user_387,"Tried the new vegan cafe downtown. Food was average, but the iced coffee was good.",#Foodie;#Vegan;#CafeVibes,504,86,21,Toronto Canada,Neutral,0.21
14280,2026-03-03 13:29:15,USR_5279,user_388,Market volatility is extremely high today. Make sure to manage your risks carefully.,#Crypto;#Finance;#Trading,250,156,27,New York USA,Neutral,-0.08
14281,2026-03-03 13:30:00,USR_5280,user_389,Morning 10k run completed! Feeling energized and ready to tackle the week ahead.,#Fitness;#RunnersHigh;#Health,290,156,37,Chicago USA,Positive,0.87
14282,2026-03-03 13:30:45,USR_5281,user_390,The movie trailer released today looks completely underwhelming. Expectations ruined.,#MovieNews;#CinemaFail,645,121,24,Los Angeles USA,Negative,-0.58
14283,2026-03-03 13:31:30,USR_5282,user_391,Landing in Tokyo! Super excited to explore the vibrant street food and culture.,#Travel;#Japan;#Wanderlust,582,164,51,Tokyo Japan,Positive,1.0
14284,2026-03-03 13:32:15,USR_5283,user_392,Large language models are transforming modern data processing workflows rapidly.,#AI;#MachineLearning;#BigData,605,74,60,Boston USA,Positive,0.64
14285,2026-03-03 13:33:00,USR_5284,user_393,Servers are down again during the tournament. Extremely frustrating update!,#Gaming;#ServerDown;#Esports,338,133,42,Austin USA,Negative,-0.88
14286,2026-03-03 13:33:45,USR_5285,user_394,Attended the annual cloud computing conference. So many great insights on distributed systems.,#CloudComputing;#DevOps;#TechConference,419,175,23,Seattle USA,Positive,0.78
14287,2026-03-03 13:34:30,USR_5286,user_395,Flight got canceled last minute without any reasonable explanation. Very disappointing service.,#AirlineFail;#TravelProblems,352,180,30,Atlanta USA,Negative,-0.9
14288,2026-03-03 13:35:15,USR_5287,user_396,Started reading a new science fiction novel. The plot is turning out to be super captivating.,#Books;#SciFi;#ReadingList,182,74,44,London UK,Positive,0.72
14289,2026-03-03 13:36:00,USR_5288,user_397,Electric vehicles are becoming more affordable and accessible every year.,#EV;#Automotive;#CleanEnergy,396,131,59,Berlin Germany,Positive,0.71
14290,2026-03-03 13:36:45,USR_5289,user_398,Heavy rain and flooding reported across the southern district. Stay safe everyone!,#WeatherAlert;#SafetyFirst,330,117,57,Mumbai India,Negative,-0.32
14291,2026-03-03 13:37:30,USR_5290,user_399,Upgraded to the new smartphone today! The camera speed and display are absolutely incredible.,#Tech;#NewPhone;#TechTrends,249,167,60,San Francisco USA,Positive,0.78
14292,2026-03-03 13:38:15,USR_5291,user_400,Public transit delayed for the third time this week. Terrible service during peak hours!,#TransitFail;#CityLife,463,92,33,London UK,Negative,-0.71
14293,2026-03-03 13:39:00,USR_5292,user_401,Switching to solar energy for our home. The installation was smooth and efficient.,#GoGreen;#SolarEnergy;#Sustainability,219,68,27,Sydney Australia,Positive,0.82
14294,2026-03-03 13:39:45,USR_5293,user_402,"Tried the new vegan cafe downtown. Food was average, but the iced coffee was good.",#Foodie;#Vegan;#CafeVibes,522,66,41,Toronto Canada,Neutral,0.21
14295,2026-03-03 13:40:30,USR_5294,user_403,Market volatility is extremely high today. Make sure to manage your risks carefully.,#Crypto;#Finance;#Trading,192,41,14,New York USA,Neutral,-0.0
14296,2026-03-03 13:41:15,USR_5295,user_404,Morning 10k run completed! Feeling energized and ready to tackle the week ahead.,#Fitness;#RunnersHigh;#Health,579,70,50,Chicago USA,Positive,0.85
14297,2026-03-03 13:42:00,USR_5296,user_405,The movie trailer released today looks completely underwhelming. Expectations ruined.,#MovieNews;#CinemaFail,237,197,53,Los Angeles USA,Negative,-0.7
14298,2026-03-03 13:42:45,USR_5297,user_406,Landing in Tokyo! Super excited to explore the vibrant street food and culture.,#Travel;#Japan;#Wanderlust,212,178,14,Tokyo Japan,Positive,1.0
14299,2026-03-03 13:43:30,USR_5298,user_407,Large language models are transforming modern data processing workflows rapidly.,#AI;#MachineLearning;#BigData,465,171,32,Boston USA,Positive,0.73
14300,2026-03-03 13:44:15,USR_5299,user_408,Servers are down again during the tournament. Extremely frustrating update!,#Gaming;#ServerDown;#Esports,604,136,60,Austin USA,Negative,-0.82
14301,2026-03-03 13:45:00,USR_5300,user_409,Attended the annual cloud computing conference. So many great insights on distributed systems.,#CloudComputing;#DevOps;#TechConference,311,100,13,Seattle USA,Positive,0.81
14302,2026-03-03 13:45:45,USR_5301,user_410,Flight got canceled last minute without any reasonable explanation. Very disappointing service.,#AirlineFail;#TravelProblems,368,119,51,Atlanta USA,Negative,-0.86
14303,2026-03-03 13:46:30,USR_5302,user_411,Started reading a new science fiction novel. The plot is turning out to be super captivating.,#Books;#SciFi;#ReadingList,290,80,52,London UK,Positive,0.83
14304,2026-03-03 13:47:15,USR_5303,user_412,Electric vehicles are becoming more affordable and accessible every year.,#EV;#Automotive;#CleanEnergy,153,131,42,Berlin Germany,Positive,0.71
14305,2026-03-03 13:48:00,USR_5304,user_413,Heavy rain and flooding reported across the southern district. Stay safe everyone!,#WeatherAlert;#SafetyFirst,609,33,40,Mumbai India,Negative,-0.32
14306,2026-03-03 13:48:45,USR_5305,user_414,Upgraded to the new smartphone today! The camera speed and display are absolutely incredible.,#Tech;#NewPhone;#TechTrends,200,183,23,San Francisco USA,Positive,0.8
14307,2026-03-03 13:49:30,USR_5306,user_415,Public transit delayed for the third time this week. Terrible service during peak hours!,#TransitFail;#CityLife,224,97,19,London UK,Negative,-0.73
14308,2026-03-03 13:50:15,USR_5307,user_416,Switching to solar energy for our home. The installation was smooth and efficient.,#GoGreen;#SolarEnergy;#Sustainability,464,142,41,Sydney Australia,Positive,0.83
14309,2026-03-03 13:51:00,USR_5308,user_417,"Tried the new vegan cafe downtown. Food was average, but the iced coffee was good.",#Foodie;#Vegan;#CafeVibes,199,78,12,Toronto Canada,Neutral,0.17
14310,2026-03-03 13:51:45,USR_5309,user_418,Market volatility is extremely high today. Make sure to manage your risks carefully.,#Crypto;#Finance;#Trading,417,40,41,New York USA,Neutral,-0.04
14311,2026-03-03 13:52:30,USR_5310,user_419,Morning 10k run completed! Feeling energized and ready to tackle the week ahead.,#Fitness;#RunnersHigh;#Health,230,172,63,Chicago USA,Positive,0.89
14312,2026-03-03 13:53:15,USR_5311,user_420,The movie trailer released today looks completely underwhelming. Expectations ruined.,#MovieNews;#CinemaFail,192,172,52,Los Angeles USA,Negative,-0.66
14313,2026-03-03 13:54:00,USR_5312,user_421,Landing in Tokyo! Super excited to explore the vibrant street food and culture.,#Travel;#Japan;#Wanderlust,638,139,24,Tokyo Japan,Positive,1.0
14314,2026-03-03 13:54:45,USR_5313,user_422,Large language models are transforming modern data processing workflows rapidly.,#AI;#MachineLearning;#BigData,191,112,47,Boston USA,Positive,0.73
14315,2026-03-03 13:55:30,USR_5314,user_423,Servers are down again during the tournament. Extremely frustrating update!,#Gaming;#ServerDown;#Esports,653,72,61,Austin USA,Negative,-0.75
14316,2026-03-03 13:56:15,USR_5315,user_424,Attended the annual cloud computing conference. So many great insights on distributed systems.,#CloudComputing;#DevOps;#TechConference,449,64,26,Seattle USA,Positive,0.79
14317,2026-03-03 13:57:00,USR_5316,user_425,Flight got canceled last minute without any reasonable explanation. Very disappointing service.,#AirlineFail;#TravelProblems,201,181,30,Atlanta USA,Negative,-0.95
14318,2026-03-03 13:57:45,USR_5317,user_426,Started reading a new science fiction novel. The plot is turning out to be super captivating.,#Books;#SciFi;#ReadingList,507,165,43,London UK,Positive,0.68
14319,2026-03-03 13:58:30,USR_5318,user_427,Electric vehicles are becoming more affordable and accessible every year.,#EV;#Automotive;#CleanEnergy,639,101,30,Berlin Germany,Positive,0.64
14320,2026-03-03 13:59:15,USR_5319,user_428,Heavy rain and flooding reported across the southern district. Stay safe everyone!,#WeatherAlert;#SafetyFirst,254,181,63,Mumbai India,Negative,-0.41
14321,2026-03-03 14:00:00,USR_5320,user_429,Upgraded to the new smartphone today! The camera speed and display are absolutely incredible.,#Tech;#NewPhone;#TechTrends,625,149,13,San Francisco USA,Positive,0.79
14322,2026-03-03 14:00:45,USR_5321,user_430,Public transit delayed for the third time this week. Terrible service during peak hours!,#TransitFail;#CityLife,265,122,31,London UK,Negative,-0.76
14323,2026-03-03 14:01:30,USR_5322,user_431,Switching to solar energy for our home. The installation was smooth and efficient.,#GoGreen;#SolarEnergy;#Sustainability,543,171,45,Sydney Australia,Positive,0.85
14324,2026-03-03 14:02:15,USR_5323,user_432,"Tried the new vegan cafe downtown. Food was average, but the iced coffee was good.",#Foodie;#Vegan;#CafeVibes,229,133,12,Toronto Canada,Neutral,0.18
14325,2026-03-03 14:03:00,USR_5324,user_433,Market volatility is extremely high today. Make sure to manage your risks carefully.,#Crypto;#Finance;#Trading,156,163,21,New York USA,Neutral,-0.06
14326,2026-03-03 14:03:45,USR_5325,user_434,Morning 10k run completed! Feeling energized and ready to tackle the week ahead.,#Fitness;#RunnersHigh;#Health,314,84,30,Chicago USA,Positive,0.93
14327,2026-03-03 14:04:30,USR_5326,user_435,The movie trailer released today looks completely underwhelming. Expectations ruined.,#MovieNews;#CinemaFail,550,122,45,Los Angeles USA,Negative,-0.61
14328,2026-03-03 14:05:15,USR_5327,user_436,Landing in Tokyo! Super excited to explore the vibrant street food and culture.,#Travel;#Japan;#Wanderlust,620,105,61,Tokyo Japan,Positive,0.87
14329,2026-03-03 14:06:00,USR_5328,user_437,Large language models are transforming modern data processing workflows rapidly.,#AI;#MachineLearning;#BigData,248,47,28,Boston USA,Positive,0.69
14330,2026-03-03 14:06:45,USR_5329,user_438,Servers are down again during the tournament. Extremely frustrating update!,#Gaming;#ServerDown;#Esports,175,57,58,Austin USA,Negative,-0.86
14331,2026-03-03 14:07:30,USR_5330,user_439,Attended the annual cloud computing conference. So many great insights on distributed systems.,#CloudComputing;#DevOps;#TechConference,143,119,49,Seattle USA,Positive,0.83
14332,2026-03-03 14:08:15,USR_5331,user_440,Flight got canceled last minute without any reasonable explanation. Very disappointing service.,#AirlineFail;#TravelProblems,395,97,43,Atlanta USA,Negative,-0.89
14333,2026-03-03 14:09:00,USR_5332,user_441,Started reading a new science fiction novel. The plot is turning out to be super captivating.,#Books;#SciFi;#ReadingList,504,51,64,London UK,Positive,0.81
14334,2026-03-03 14:09:45,USR_5333,user_442,Electric vehicles are becoming more affordable and accessible every year.,#EV;#Automotive;#CleanEnergy,272,156,31,Berlin Germany,Positive,0.69
14335,2026-03-03 14:10:30,USR_5334,user_443,Heavy rain and flooding reported across the southern district. Stay safe everyone!,#WeatherAlert;#SafetyFirst,170,51,63,Mumbai India,Negative,-0.39
14336,2026-03-03 14:11:15,USR_5335,user_444,Upgraded to the new smartphone today! The camera speed and display are absolutely incredible.,#Tech;#NewPhone;#TechTrends,497,50,36,San Francisco USA,Positive,0.84
14337,2026-03-03 14:12:00,USR_5336,user_445,Public transit delayed for the third time this week. Terrible service during peak hours!,#TransitFail;#CityLife,274,146,16,London UK,Negative,-0.74
14338,2026-03-03 14:12:45,USR_5337,user_446,Switching to solar energy for our home. The installation was smooth and efficient.,#GoGreen;#SolarEnergy;#Sustainability,513,167,32,Sydney Australia,Positive,0.83
14339,2026-03-03 14:13:30,USR_5338,user_447,"Tried the new vegan cafe downtown. Food was average, but the iced coffee was good.",#Foodie;#Vegan;#CafeVibes,549,92,57,Toronto Canada,Neutral,0.19
14340,2026-03-03 14:14:15,USR_5339,user_448,Market volatility is extremely high today. Make sure to manage your risks carefully.,#Crypto;#Finance;#Trading,522,91,24,New York USA,Neutral,0.03
14341,2026-03-03 14:15:00,USR_5340,user_449,Morning 10k run completed! Feeling energized and ready to tackle the week ahead.,#Fitness;#RunnersHigh;#Health,146,75,48,Chicago USA,Positive,1.0
14342,2026-03-03 14:15:45,USR_5341,user_450,The movie trailer released today looks completely underwhelming. Expectations ruined.,#MovieNews;#CinemaFail,331,104,36,Los Angeles USA,Negative,-0.72
14343,2026-03-03 14:16:30,USR_5342,user_451,Landing in Tokyo! Super excited to explore the vibrant street food and culture.,#Travel;#Japan;#Wanderlust,561,111,69,Tokyo Japan,Positive,1.0
14344,2026-03-03 14:17:15,USR_5343,user_452,Large language models are transforming modern data processing workflows rapidly.,#AI;#MachineLearning;#BigData,468,66,44,Boston USA,Positive,0.71
14345,2026-03-03 14:18:00,USR_5344,user_453,Servers are down again during the tournament. Extremely frustrating update!,#Gaming;#ServerDown;#Esports,362,156,38,Austin USA,Negative,-0.79
14346,2026-03-03 14:18:45,USR_5345,user_454,Attended the annual cloud computing conference. So many great insights on distributed systems.,#CloudComputing;#DevOps;#TechConference,433,121,22,Seattle USA,Positive,0.87
14347,2026-03-03 14:19:30,USR_5346,user_455,Flight got canceled last minute without any reasonable explanation. Very disappointing service.,#AirlineFail;#TravelProblems,478,131,49,Atlanta USA,Negative,-0.86
14348,2026-03-03 14:20:15,USR_5347,user_456,Started reading a new science fiction novel. The plot is turning out to be super captivating.,#Books;#SciFi;#ReadingList,373,93,14,London UK,Positive,0.7
14349,2026-03-03 14:21:00,USR_5348,user_457,Electric vehicles are becoming more affordable and accessible every year.,#EV;#Automotive;#CleanEnergy,482,140,37,Berlin Germany,Positive,0.66
14350,2026-03-03 14:21:45,USR_5349,user_458,Heavy rain and flooding reported across the southern district. Stay safe everyone!,#WeatherAlert;#SafetyFirst,459,151,47,Mumbai India,Negative,-0.36
14351,2026-03-03 14:22:30,USR_5350,user_459,Upgraded to the new smartphone today! The camera speed and display are absolutely incredible.,#Tech;#NewPhone;#TechTrends,219,129,25,San Francisco USA,Positive,0.8
14352,2026-03-03 14:23:15,USR_5351,user_460,Public transit delayed for the third time this week. Terrible service during peak hours!,#TransitFail;#CityLife,163,167,60,London UK,Negative,-0.76
14353,2026-03-03 14:24:00,USR_5352,user_461,Switching to solar energy for our home. The installation was smooth and efficient.,#GoGreen;#SolarEnergy;#Sustainability,554,188,33,Sydney Australia,Positive,0.74
14354,2026-03-03 14:24:45,USR_5353,user_462,"Tried the new vegan cafe downtown. Food was average, but the iced coffee was good.",#Foodie;#Vegan;#CafeVibes,508,89,57,Toronto Canada,Neutral,0.14
14355,2026-03-03 14:25:30,USR_5354,user_463,Market volatility is extremely high today. Make sure to manage your risks carefully.,#Crypto;#Finance;#Trading,543,162,46,New York USA,Neutral,0.02
14356,2026-03-03 14:26:15,USR_5355,user_464,Morning 10k run completed! Feeling energized and ready to tackle the week ahead.,#Fitness;#RunnersHigh;#Health,504,135,56,Chicago USA,Positive,0.93
14357,2026-03-03 14:27:00,USR_5356,user_465,The movie trailer released today looks completely underwhelming. Expectations ruined.,#MovieNews;#CinemaFail,279,124,62,Los Angeles USA,Negative,-0.65
14358,2026-03-03 14:27:45,USR_5357,user_466,Landing in Tokyo! Super excited to explore the vibrant street food and culture.,#Travel;#Japan;#Wanderlust,515,125,36,Tokyo Japan,Positive,0.98
14359,2026-03-03 14:28:30,USR_5358,user_467,Large language models are transforming modern data processing workflows rapidly.,#AI;#MachineLearning;#BigData,617,77,27,Boston USA,Positive,0.64
14360,2026-03-03 14:29:15,USR_5359,user_468,Servers are down again during the tournament. Extremely frustrating update!,#Gaming;#ServerDown;#Esports,181,66,40,Austin USA,Negative,-0.86
14361,2026-03-03 14:30:00,USR_5360,user_469,Attended the annual cloud computing conference. So many great insights on distributed systems.,#CloudComputing;#DevOps;#TechConference,641,166,58,Seattle USA,Positive,0.76
14362,2026-03-03 14:30:45,USR_5361,user_470,Flight got canceled last minute without any reasonable explanation. Very disappointing service.,#AirlineFail;#TravelProblems,353,163,33,Atlanta USA,Negative,-0.95
14363,2026-03-03 14:31:30,USR_5362,user_471,Started reading a new science fiction novel. The plot is turning out to be super captivating.,#Books;#SciFi;#ReadingList,277,162,23,London UK,Positive,0.75
14364,2026-03-03 14:32:15,USR_5363,user_472,Electric vehicles are becoming more affordable and accessible every year.,#EV;#Automotive;#CleanEnergy,569,82,35,Berlin Germany,Positive,0.68
14365,2026-03-03 14:33:00,USR_5364,user_473,Heavy rain and flooding reported across the southern district. Stay safe everyone!,#WeatherAlert;#SafetyFirst,156,67,26,Mumbai India,Negative,-0.33
14366,2026-03-03 14:33:45,USR_5365,user_474,Upgraded to the new smartphone today! The camera speed and display are absolutely incredible.,#Tech;#NewPhone;#TechTrends,640,109,15,San Francisco USA,Positive,0.83
14367,2026-03-03 14:34:30,USR_5366,user_475,Public transit delayed for the third time this week. Terrible service during peak hours!,#TransitFail;#CityLife,275,149,18,London UK,Negative,-0.76
14368,2026-03-03 14:35:15,USR_5367,user_476,Switching to solar energy for our home. The installation was smooth and efficient.,#GoGreen;#SolarEnergy;#Sustainability,357,100,46,Sydney Australia,Positive,0.76
14369,2026-03-03 14:36:00,USR_5368,user_477,"Tried the new vegan cafe downtown. Food was average, but the iced coffee was good.",#Foodie;#Vegan;#CafeVibes,490,128,48,Toronto Canada,Neutral,0.11
14370,2026-03-03 14:36:45,USR_5369,user_478,Market volatility is extremely high today. Make sure to manage your risks carefully.,#Crypto;#Finance;#Trading,527,159,26,New York USA,Neutral,-0.01
14371,2026-03-03 14:37:30,USR_5370,user_479,Morning 10k run completed! Feeling energized and ready to tackle the week ahead.,#Fitness;#RunnersHigh;#Health,131,93,62,Chicago USA,Positive,0.95
14372,2026-03-03 14:38:15,USR_5371,user_480,The movie trailer released today looks completely underwhelming. Expectations ruined.,#MovieNews;#CinemaFail,438,76,28,Los Angeles USA,Negative,-0.6
14373,2026-03-03 14:39:00,USR_5372,user_481,Landing in Tokyo! Super excited to explore the vibrant street food and culture.,#Travel;#Japan;#Wanderlust,228,121,52,Tokyo Japan,Positive,0.91
14374,2026-03-03 14:39:45,USR_5373,user_482,Large language models are transforming modern data processing workflows rapidly.,#AI;#MachineLearning;#BigData,227,67,53,Boston USA,Positive,0.71
14375,2026-03-03 14:40:30,USR_5374,user_483,Servers are down again during the tournament. Extremely frustrating update!,#Gaming;#ServerDown;#Esports,303,69,47,Austin USA,Negative,-0.77
14376,2026-03-03 14:41:15,USR_5375,user_484,Attended the annual cloud computing conference. So many great insights on distributed systems.,#CloudComputing;#DevOps;#TechConference,525,71,45,Seattle USA,Positive,0.74
14377,2026-03-03 14:42:00,USR_5376,user_485,Flight got canceled last minute without any reasonable explanation. Very disappointing service.,#AirlineFail;#TravelProblems,228,66,55,Atlanta USA,Negative,-0.89
14378,2026-03-03 14:42:45,USR_5377,user_486,Started reading a new science fiction novel. The plot is turning out to be super captivating.,#Books;#SciFi;#ReadingList,252,141,10,London UK,Positive,0.71
14379,2026-03-03 14:43:30,USR_5378,user_487,Electric vehicles are becoming more affordable and accessible every year.,#EV;#Automotive;#CleanEnergy,471,79,17,Berlin Germany,Positive,0.64
14380,2026-03-03 14:44:15,USR_5379,user_488,Heavy rain and flooding reported across the southern district. Stay safe everyone!,#WeatherAlert;#SafetyFirst,353,72,27,Mumbai India,Negative,-0.34
14381,2026-03-03 14:45:00,USR_5380,user_489,Upgraded to the new smartphone today! The camera speed and display are absolutely incredible.,#Tech;#NewPhone;#TechTrends,361,154,59,San Francisco USA,Positive,0.92
14382,2026-03-03 14:45:45,USR_5381,user_490,Public transit delayed for the third time this week. Terrible service during peak hours!,#TransitFail;#CityLife,576,63,44,London UK,Negative,-0.78
14383,2026-03-03 14:46:30,USR_5382,user_491,Switching to solar energy for our home. The installation was smooth and efficient.,#GoGreen;#SolarEnergy;#Sustainability,299,149,14,Sydney Australia,Positive,0.79
14384,2026-03-03 14:47:15,USR_5383,user_492,"Tried the new vegan cafe downtown. Food was average, but the iced coffee was good.",#Foodie;#Vegan;#CafeVibes,479,46,56,Toronto Canada,Neutral,0.21
14385,2026-03-03 14:48:00,USR_5384,user_493,Market volatility is extremely high today. Make sure to manage your risks carefully.,#Crypto;#Finance;#Trading,366,145,31,New York USA,Neutral,-0.09
14386,2026-03-03 14:48:45,USR_5385,user_494,Morning 10k run completed! Feeling energized and ready to tackle the week ahead.,#Fitness;#RunnersHigh;#Health,457,56,12,Chicago USA,Positive,0.93
14387,2026-03-03 14:49:30,USR_5386,user_495,The movie trailer released today looks completely underwhelming. Expectations ruined.,#MovieNews;#CinemaFail,609,150,53,Los Angeles USA,Negative,-0.58
14388,2026-03-03 14:50:15,USR_5387,user_496,Landing in Tokyo! Super excited to explore the vibrant street food and culture.,#Travel;#Japan;#Wanderlust,259,170,27,Tokyo Japan,Positive,1.0
14389,2026-03-03 14:51:00,USR_5388,user_497,Large language models are transforming modern data processing workflows rapidly.,#AI;#MachineLearning;#BigData,189,146,39,Boston USA,Positive,0.63
14390,2026-03-03 14:51:45,USR_5389,user_498,Servers are down again during the tournament. Extremely frustrating update!,#Gaming;#ServerDown;#Esports,643,73,48,Austin USA,Negative,-0.74
14391,2026-03-03 14:52:30,USR_5390,user_499,Attended the annual cloud computing conference. So many great insights on distributed systems.,#CloudComputing;#DevOps;#TechConference,568,110,58,Seattle USA,Positive,0.78
14392,2026-03-03 14:53:15,USR_5391,user_500,Flight got canceled last minute without any reasonable explanation. Very disappointing service.,#AirlineFail;#TravelProblems,453,77,25,Atlanta USA,Negative,-0.85
14393,2026-03-03 14:54:00,USR_5392,user_501,Started reading a new science fiction novel. The plot is turning out to be super captivating.,#Books;#SciFi;#ReadingList,278,88,64,London UK,Positive,0.79
14394,2026-03-03 14:54:45,USR_5393,user_502,Electric vehicles are becoming more affordable and accessible every year.,#EV;#Automotive;#CleanEnergy,298,44,40,Berlin Germany,Positive,0.65
14395,2026-03-03 14:55:30,USR_5394,user_503,Heavy rain and flooding reported across the southern district. Stay safe everyone!,#WeatherAlert;#SafetyFirst,346,101,34,Mumbai India,Negative,-0.41
14396,2026-03-03 14:56:15,USR_5395,user_504,Upgraded to the new smartphone today! The camera speed and display are absolutely incredible.,#Tech;#NewPhone;#TechTrends,285,115,59,San Francisco USA,Positive,0.79
14397,2026-03-03 14:57:00,USR_5396,user_505,Public transit delayed for the third time this week. Terrible service during peak hours!,#TransitFail;#CityLife,625,50,53,London UK,Negative,-0.79
14398,2026-03-03 14:57:45,USR_5397,user_506,Switching to solar energy for our home. The installation was smooth and efficient.,#GoGreen;#SolarEnergy;#Sustainability,475,74,53,Sydney Australia,Positive,0.82
14399,2026-03-03 14:58:30,USR_5398,user_507,"Tried the new vegan cafe downtown. Food was average, but the iced coffee was good.",#Foodie;#Vegan;#CafeVibes,627,197,54,Toronto Canada,Neutral,0.09
14400,2026-03-03 14:59:15,USR_5399,user_508,Market volatility is extremely high today. Make sure to manage your risks carefully.,#Crypto;#Finance;#Trading,234,153,38,New York USA,Neutral,-0.07
14401,2026-03-03 15:00:00,USR_5400,user_509,Morning 10k run completed! Feeling energized and ready to tackle the week ahead.,#Fitness;#RunnersHigh;#Health,453,106,39,Chicago USA,Positive,0.86
14402,2026-03-03 15:00:45,USR_5401,user_510,The movie trailer released today looks completely underwhelming. Expectations ruined.,#MovieNews;#CinemaFail,238,192,44,Los Angeles USA,Negative,-0.57
14403,2026-03-03 15:01:30,USR_5402,user_511,Landing in Tokyo! Super excited to explore the vibrant street food and culture.,#Travel;#Japan;#Wanderlust,589,45,24,Tokyo Japan,Positive,0.92
14404,2026-03-03 15:02:15,USR_5403,user_512,Large language models are transforming modern data processing workflows rapidly.,#AI;#MachineLearning;#BigData,351,75,60,Boston USA,Positive,0.73
14405,2026-03-03 15:03:00,USR_5404,user_513,Servers are down again during the tournament. Extremely frustrating update!,#Gaming;#ServerDown;#Esports,336,141,51,Austin USA,Negative,-0.89
14406,2026-03-03 15:03:45,USR_5405,user_514,Attended the annual cloud computing conference. So many great insights on distributed systems.,#CloudComputing;#DevOps;#TechConference,318,73,16,Seattle USA,Positive,0.86
14407,2026-03-03 15:04:30,USR_5406,user_515,Flight got canceled last minute without any reasonable explanation. Very disappointing service.,#AirlineFail;#TravelProblems,331,170,43,Atlanta USA,Negative,-0.95
14408,2026-03-03 15:05:15,USR_5407,user_516,Started reading a new science fiction novel. The plot is turning out to be super captivating.,#Books;#SciFi;#ReadingList,150,149,47,London UK,Positive,0.82
14409,2026-03-03 15:06:00,USR_5408,user_517,Electric vehicles are becoming more affordable and accessible every year.,#EV;#Automotive;#CleanEnergy,339,109,55,Berlin Germany,Positive,0.68
14410,2026-03-03 15:06:45,USR_5409,user_518,Heavy rain and flooding reported across the southern district. Stay safe everyone!,#WeatherAlert;#SafetyFirst,201,134,41,Mumbai India,Negative,-0.45
14411,2026-03-03 15:07:30,USR_5410,user_519,Upgraded to the new smartphone today! The camera speed and display are absolutely incredible.,#Tech;#NewPhone;#TechTrends,268,122,54,San Francisco USA,Positive,0.88
14412,2026-03-03 15:08:15,USR_5411,user_520,Public transit delayed for the third time this week. Terrible service during peak hours!,#TransitFail;#CityLife,429,106,22,London UK,Negative,-0.78
14413,2026-03-03 15:09:00,USR_5412,user_521,Switching to solar energy for our home. The installation was smooth and efficient.,#GoGreen;#SolarEnergy;#Sustainability,229,137,17,Sydney Australia,Positive,0.75
14414,2026-03-03 15:09:45,USR_5413,user_522,"Tried the new vegan cafe downtown. Food was average, but the iced coffee was good.",#Foodie;#Vegan;#CafeVibes,278,118,23,Toronto Canada,Neutral,0.21
14415,2026-03-03 15:10:30,USR_5414,user_523,Market volatility is extremely high today. Make sure to manage your risks carefully.,#Crypto;#Finance;#Trading,285,53,18,New York USA,Neutral,-0.08
14416,2026-03-03 15:11:15,USR_5415,user_524,Morning 10k run completed! Feeling energized and ready to tackle the week ahead.,#Fitness;#RunnersHigh;#Health,418,116,32,Chicago USA,Positive,0.89
14417,2026-03-03 15:12:00,USR_5416,user_525,The movie trailer released today looks completely underwhelming. Expectations ruined.,#MovieNews;#CinemaFail,221,163,61,Los Angeles USA,Negative,-0.64
14418,2026-03-03 15:12:45,USR_5417,user_526,Landing in Tokyo! Super excited to explore the vibrant street food and culture.,#Travel;#Japan;#Wanderlust,267,62,13,Tokyo Japan,Positive,0.96
14419,2026-03-03 15:13:30,USR_5418,user_527,Large language models are transforming modern data processing workflows rapidly.,#AI;#MachineLearning;#BigData,442,194,41,Boston USA,Positive,0.71
14420,2026-03-03 15:14:15,USR_5419,user_528,Servers are down again during the tournament. Extremely frustrating update!,#Gaming;#ServerDown;#Esports,469,154,31,Austin USA,Negative,-0.79
14421,2026-03-03 15:15:00,USR_5420,user_529,Attended the annual cloud computing conference. So many great insights on distributed systems.,#CloudComputing;#DevOps;#TechConference,608,145,40,Seattle USA,Positive,0.89
14422,2026-03-03 15:15:45,USR_5421,user_530,Flight got canceled last minute without any reasonable explanation. Very disappointing service.,#AirlineFail;#TravelProblems,544,130,62,Atlanta USA,Negative,-0.86
14423,2026-03-03 15:16:30,USR_5422,user_531,Started reading a new science fiction novel. The plot is turning out to be super captivating.,#Books;#SciFi;#ReadingList,333,74,33,London UK,Positive,0.74
14424,2026-03-03 15:17:15,USR_5423,user_532,Electric vehicles are becoming more affordable and accessible every year.,#EV;#Automotive;#CleanEnergy,199,97,35,Berlin Germany,Positive,0.66
14425,2026-03-03 15:18:00,USR_5424,user_533,Heavy rain and flooding reported across the southern district. Stay safe everyone!,#WeatherAlert;#SafetyFirst,164,68,17,Mumbai India,Negative,-0.37
14426,2026-03-03 15:18:45,USR_5425,user_534,Upgraded to the new smartphone today! The camera speed and display are absolutely incredible.,#Tech;#NewPhone;#TechTrends,647,157,66,San Francisco USA,Positive,0.79
14427,2026-03-03 15:19:30,USR_5426,user_535,Public transit delayed for the third time this week. Terrible service during peak hours!,#TransitFail;#CityLife,648,53,62,London UK,Negative,-0.78
14428,2026-03-03 15:20:15,USR_5427,user_536,Switching to solar energy for our home. The installation was smooth and efficient.,#GoGreen;#SolarEnergy;#Sustainability,442,105,50,Sydney Australia,Positive,0.8
14429,2026-03-03 15:21:00,USR_5428,user_537,"Tried the new vegan cafe downtown. Food was average, but the iced coffee was good.",#Foodie;#Vegan;#CafeVibes,505,104,53,Toronto Canada,Neutral,0.22
14430,2026-03-03 15:21:45,USR_5429,user_538,Market volatility is extremely high today. Make sure to manage your risks carefully.,#Crypto;#Finance;#Trading,274,88,31,New York USA,Neutral,-0.0
14431,2026-03-03 15:22:30,USR_5430,user_539,Morning 10k run completed! Feeling energized and ready to tackle the week ahead.,#Fitness;#RunnersHigh;#Health,575,95,41,Chicago USA,Positive,1.0
14432,2026-03-03 15:23:15,USR_5431,user_540,The movie trailer released today looks completely underwhelming. Expectations ruined.,#MovieNews;#CinemaFail,536,79,57,Los Angeles USA,Negative,-0.62
14433,2026-03-03 15:24:00,USR_5432,user_541,Landing in Tokyo! Super excited to explore the vibrant street food and culture.,#Travel;#Japan;#Wanderlust,426,164,22,Tokyo Japan,Positive,0.89
14434,2026-03-03 15:24:45,USR_5433,user_542,Large language models are transforming modern data processing workflows rapidly.,#AI;#MachineLearning;#BigData,262,51,20,Boston USA,Positive,0.61
14435,2026-03-03 15:25:30,USR_5434,user_543,Servers are down again during the tournament. Extremely frustrating update!,#Gaming;#ServerDown;#Esports,458,97,24,Austin USA,Negative,-0.88
14436,2026-03-03 15:26:15,USR_5435,user_544,Attended the annual cloud computing conference. So many great insights on distributed systems.,#CloudComputing;#DevOps;#TechConference,311,86,35,Seattle USA,Positive,0.89
14437,2026-03-03 15:27:00,USR_5436,user_545,Flight got canceled last minute without any reasonable explanation. Very disappointing service.,#AirlineFail;#TravelProblems,511,93,65,Atlanta USA,Negative,-0.96
14438,2026-03-03 15:27:45,USR_5437,user_546,Started reading a new science fiction novel. The plot is turning out to be super captivating.,#Books;#SciFi;#ReadingList,378,89,45,London UK,Positive,0.82
14439,2026-03-03 15:28:30,USR_5438,user_547,Electric vehicles are becoming more affordable and accessible every year.,#EV;#Automotive;#CleanEnergy,441,118,14,Berlin Germany,Positive,0.77
14440,2026-03-03 15:29:15,USR_5439,user_548,Heavy rain and flooding reported across the southern district. Stay safe everyone!,#WeatherAlert;#SafetyFirst,204,171,41,Mumbai India,Negative,-0.37
14441,2026-03-03 15:30:00,USR_5440,user_549,Upgraded to the new smartphone today! The camera speed and display are absolutely incredible.,#Tech;#NewPhone;#TechTrends,228,121,55,San Francisco USA,Positive,0.84
14442,2026-03-03 15:30:45,USR_5441,user_550,Public transit delayed for the third time this week. Terrible service during peak hours!,#TransitFail;#CityLife,252,121,23,London UK,Negative,-0.77
14443,2026-03-03 15:31:30,USR_5442,user_551,Switching to solar energy for our home. The installation was smooth and efficient.,#GoGreen;#SolarEnergy;#Sustainability,195,59,28,Sydney Australia,Positive,0.83
14444,2026-03-03 15:32:15,USR_5443,user_552,"Tried the new vegan cafe downtown. Food was average, but the iced coffee was good.",#Foodie;#Vegan;#CafeVibes,510,160,26,Toronto Canada,Neutral,0.16
14445,2026-03-03 15:33:00,USR_5444,user_553,Market volatility is extremely high today. Make sure to manage your risks carefully.,#Crypto;#Finance;#Trading,604,34,60,New York USA,Neutral,-0.02
14446,2026-03-03 15:33:45,USR_5445,user_554,Morning 10k run completed! Feeling energized and ready to tackle the week ahead.,#Fitness;#RunnersHigh;#Health,320,104,17,Chicago USA,Positive,0.91
14447,2026-03-03 15:34:30,USR_5446,user_555,The movie trailer released today looks completely underwhelming. Expectations ruined.,#MovieNews;#CinemaFail,351,50,36,Los Angeles USA,Negative,-0.65
14448,2026-03-03 15:35:15,USR_5447,user_556,Landing in Tokyo! Super excited to explore the vibrant street food and culture.,#Travel;#Japan;#Wanderlust,449,159,30,Tokyo Japan,Positive,0.88
14449,2026-03-03 15:36:00,USR_5448,user_557,Large language models are transforming modern data processing workflows rapidly.,#AI;#MachineLearning;#BigData,426,153,43,Boston USA,Positive,0.69
14450,2026-03-03 15:36:45,USR_5449,user_558,Servers are down again during the tournament. Extremely frustrating update!,#Gaming;#ServerDown;#Esports,202,58,16,Austin USA,Negative,-0.77
14451,2026-03-03 15:37:30,USR_5450,user_559,Attended the annual cloud computing conference. So many great insights on distributed systems.,#CloudComputing;#DevOps;#TechConference,317,62,50,Seattle USA,Positive,0.75
14452,2026-03-03 15:38:15,USR_5451,user_560,Flight got canceled last minute without any reasonable explanation. Very disappointing service.,#AirlineFail;#TravelProblems,630,47,35,Atlanta USA,Negative,-0.84
14453,2026-03-03 15:39:00,USR_5452,user_561,Started reading a new science fiction novel. The plot is turning out to be super captivating.,#Books;#SciFi;#ReadingList,626,64,31,London UK,Positive,0.67
14454,2026-03-03 15:39:45,USR_5453,user_562,Electric vehicles are becoming more affordable and accessible every year.,#EV;#Automotive;#CleanEnergy,569,186,45,Berlin Germany,Positive,0.69
14455,2026-03-03 15:40:30,USR_5454,user_563,Heavy rain and flooding reported across the southern district. Stay safe everyone!,#WeatherAlert;#SafetyFirst,483,173,19,Mumbai India,Negative,-0.35
14456,2026-03-03 15:41:15,USR_5455,user_564,Upgraded to the new smartphone today! The camera speed and display are absolutely incredible.,#Tech;#NewPhone;#TechTrends,200,144,43,San Francisco USA,Positive,0.91
14457,2026-03-03 15:42:00,USR_5456,user_565,Public transit delayed for the third time this week. Terrible service during peak hours!,#TransitFail;#CityLife,512,133,29,London UK,Negative,-0.79
14458,2026-03-03 15:42:45,USR_5457,user_566,Switching to solar energy for our home. The installation was smooth and efficient.,#GoGreen;#SolarEnergy;#Sustainability,257,131,61,Sydney Australia,Positive,0.77
14459,2026-03-03 15:43:30,USR_5458,user_567,"Tried the new vegan cafe downtown. Food was average, but the iced coffee was good.",#Foodie;#Vegan;#CafeVibes,616,97,38,Toronto Canada,Neutral,0.22
14460,2026-03-03 15:44:15,USR_5459,user_568,Market volatility is extremely high today. Make sure to manage your risks carefully.,#Crypto;#Finance;#Trading,431,107,24,New York USA,Neutral,-0.07
14461,2026-03-03 15:45:00,USR_5460,user_569,Morning 10k run completed! Feeling energized and ready to tackle the week ahead.,#Fitness;#RunnersHigh;#Health,582,45,43,Chicago USA,Positive,0.94
14462,2026-03-03 15:45:45,USR_5461,user_570,The movie trailer released today looks completely underwhelming. Expectations ruined.,#MovieNews;#CinemaFail,200,169,25,Los Angeles USA,Negative,-0.58
14463,2026-03-03 15:46:30,USR_5462,user_571,Landing in Tokyo! Super excited to explore the vibrant street food and culture.,#Travel;#Japan;#Wanderlust,175,66,43,Tokyo Japan,Positive,0.98
14464,2026-03-03 15:47:15,USR_5463,user_572,Large language models are transforming modern data processing workflows rapidly.,#AI;#MachineLearning;#BigData,561,142,39,Boston USA,Positive,0.67
14465,2026-03-03 15:48:00,USR_5464,user_573,Servers are down again during the tournament. Extremely frustrating update!,#Gaming;#ServerDown;#Esports,591,111,52,Austin USA,Negative,-0.83
14466,2026-03-03 15:48:45,USR_5465,user_574,Attended the annual cloud computing conference. So many great insights on distributed systems.,#CloudComputing;#DevOps;#TechConference,285,54,26,Seattle USA,Positive,0.88
14467,2026-03-03 15:49:30,USR_5466,user_575,Flight got canceled last minute without any reasonable explanation. Very disappointing service.,#AirlineFail;#TravelProblems,387,167,33,Atlanta USA,Negative,-0.81
14468,2026-03-03 15:50:15,USR_5467,user_576,Started reading a new science fiction novel. The plot is turning out to be super captivating.,#Books;#SciFi;#ReadingList,570,103,59,London UK,Positive,0.75
14469,2026-03-03 15:51:00,USR_5468,user_577,Electric vehicles are becoming more affordable and accessible every year.,#EV;#Automotive;#CleanEnergy,195,63,48,Berlin Germany,Positive,0.66
14470,2026-03-03 15:51:45,USR_5469,user_578,Heavy rain and flooding reported across the southern district. Stay safe everyone!,#WeatherAlert;#SafetyFirst,320,86,15,Mumbai India,Negative,-0.32
14471,2026-03-03 15:52:30,USR_5470,user_579,Upgraded to the new smartphone today! The camera speed and display are absolutely incredible.,#Tech;#NewPhone;#TechTrends,363,190,46,San Francisco USA,Positive,0.78
14472,2026-03-03 15:53:15,USR_5471,user_580,Public transit delayed for the third time this week. Terrible service during peak hours!,#TransitFail;#CityLife,530,173,25,London UK,Negative,-0.79
14473,2026-03-03 15:54:00,USR_5472,user_581,Switching to solar energy for our home. The installation was smooth and efficient.,#GoGreen;#SolarEnergy;#Sustainability,479,148,26,Sydney Australia,Positive,0.72
14474,2026-03-03 15:54:45,USR_5473,user_582,"Tried the new vegan cafe downtown. Food was average, but the iced coffee was good.",#Foodie;#Vegan;#CafeVibes,331,128,29,Toronto Canada,Neutral,0.15
14475,2026-03-03 15:55:30,USR_5474,user_583,Market volatility is extremely high today. Make sure to manage your risks carefully.,#Crypto;#Finance;#Trading,626,57,26,New York USA,Neutral,0.01
14476,2026-03-03 15:56:15,USR_5475,user_584,Morning 10k run completed! Feeling energized and ready to tackle the week ahead.,#Fitness;#RunnersHigh;#Health,597,142,23,Chicago USA,Positive,0.87
14477,2026-03-03 15:57:00,USR_5476,user_585,The movie trailer released today looks completely underwhelming. Expectations ruined.,#MovieNews;#CinemaFail,463,68,38,Los Angeles USA,Negative,-0.66
14478,2026-03-03 15:57:45,USR_5477,user_586,Landing in Tokyo! Super excited to explore the vibrant street food and culture.,#Travel;#Japan;#Wanderlust,629,149,10,Tokyo Japan,Positive,0.87
14479,2026-03-03 15:58:30,USR_5478,user_587,Large language models are transforming modern data processing workflows rapidly.,#AI;#MachineLearning;#BigData,247,64,52,Boston USA,Positive,0.61
14480,2026-03-03 15:59:15,USR_5479,user_588,Servers are down again during the tournament. Extremely frustrating update!,#Gaming;#ServerDown;#Esports,465,170,23,Austin USA,Negative,-0.78
14481,2026-03-03 16:00:00,USR_5480,user_589,Attended the annual cloud computing conference. So many great insights on distributed systems.,#CloudComputing;#DevOps;#TechConference,567,132,28,Seattle USA,Positive,0.76
14482,2026-03-03 16:00:45,USR_5481,user_590,Flight got canceled last minute without any reasonable explanation. Very disappointing service.,#AirlineFail;#TravelProblems,339,125,50,Atlanta USA,Negative,-0.84
14483,2026-03-03 16:01:30,USR_5482,user_591,Started reading a new science fiction novel. The plot is turning out to be super captivating.,#Books;#SciFi;#ReadingList,525,158,55,London UK,Positive,0.7
14484,2026-03-03 16:02:15,USR_5483,user_592,Electric vehicles are becoming more affordable and accessible every year.,#EV;#Automotive;#CleanEnergy,404,168,46,Berlin Germany,Positive,0.77
14485,2026-03-03 16:03:00,USR_5484,user_593,Heavy rain and flooding reported across the southern district. Stay safe everyone!,#WeatherAlert;#SafetyFirst,179,80,49,Mumbai India,Negative,-0.38
14486,2026-03-03 16:03:45,USR_5485,user_594,Upgraded to the new smartphone today! The camera speed and display are absolutely incredible.,#Tech;#NewPhone;#TechTrends,393,166,16,San Francisco USA,Positive,0.81
14487,2026-03-03 16:04:30,USR_5486,user_595,Public transit delayed for the third time this week. Terrible service during peak hours!,#TransitFail;#CityLife,538,168,32,London UK,Negative,-0.68
14488,2026-03-03 16:05:15,USR_5487,user_596,Switching to solar energy for our home. The installation was smooth and efficient.,#GoGreen;#SolarEnergy;#Sustainability,160,91,59,Sydney Australia,Positive,0.77
14489,2026-03-03 16:06:00,USR_5488,user_597,"Tried the new vegan cafe downtown. Food was average, but the iced coffee was good.",#Foodie;#Vegan;#CafeVibes,521,66,31,Toronto Canada,Neutral,0.11
14490,2026-03-03 16:06:45,USR_5489,user_598,Market volatility is extremely high today. Make sure to manage your risks carefully.,#Crypto;#Finance;#Trading,366,67,26,New York USA,Neutral,0.0
14491,2026-03-03 16:07:30,USR_5490,user_599,Morning 10k run completed! Feeling energized and ready to tackle the week ahead.,#Fitness;#RunnersHigh;#Health,224,148,37,Chicago USA,Positive,0.86
14492,2026-03-03 16:08:15,USR_5491,user_101,The movie trailer released today looks completely underwhelming. Expectations ruined.,#MovieNews;#CinemaFail,266,160,44,Los Angeles USA,Negative,-0.7
14493,2026-03-03 16:09:00,USR_5492,user_102,Landing in Tokyo! Super excited to explore the vibrant street food and culture.,#Travel;#Japan;#Wanderlust,427,108,40,Tokyo Japan,Positive,0.9
14494,2026-03-03 16:09:45,USR_5493,user_103,Large language models are transforming modern data processing workflows rapidly.,#AI;#MachineLearning;#BigData,159,72,56,Boston USA,Positive,0.67
14495,2026-03-03 16:10:30,USR_5494,user_104,Servers are down again during the tournament. Extremely frustrating update!,#Gaming;#ServerDown;#Esports,622,149,48,Austin USA,Negative,-0.86
14496,2026-03-03 16:11:15,USR_5495,user_105,Attended the annual cloud computing conference. So many great insights on distributed systems.,#CloudComputing;#DevOps;#TechConference,189,143,59,Seattle USA,Positive,0.77
14497,2026-03-03 16:12:00,USR_5496,user_106,Flight got canceled last minute without any reasonable explanation. Very disappointing service.,#AirlineFail;#TravelProblems,437,140,58,Atlanta USA,Negative,-0.95
14498,2026-03-03 16:12:45,USR_5497,user_107,Started reading a new science fiction novel. The plot is turning out to be super captivating.,#Books;#SciFi;#ReadingList,578,144,38,London UK,Positive,0.69
14499,2026-03-03 16:13:30,USR_5498,user_108,Electric vehicles are becoming more affordable and accessible every year.,#EV;#Automotive;#CleanEnergy,561,80,45,Berlin Germany,Positive,0.69
14500,2026-03-03 16:14:15,USR_5499,user_109,Heavy rain and flooding reported across the southern district. Stay safe everyone!,#WeatherAlert;#SafetyFirst,416,58,20,Mumbai India,Negative,-0.35
14501,2026-03-03 16:15:00,USR_5500,user_110,Upgraded to the new smartphone today! The camera speed and display are absolutely incredible.,#Tech;#NewPhone;#TechTrends,317,116,19,San Francisco USA,Positive,0.83
14502,2026-03-03 16:15:45,USR_5501,user_111,Public transit delayed for the third time this week. Terrible service during peak hours!,#TransitFail;#CityLife,203,126,40,London UK,Negative,-0.74
14503,2026-03-03 16:16:30,USR_5502,user_112,Switching to solar energy for our home. The installation was smooth and efficient.,#GoGreen;#SolarEnergy;#Sustainability,493,183,58,Sydney Australia,Positive,0.81
14504,2026-03-03 16:17:15,USR_5503,user_113,"Tried the new vegan cafe downtown. Food was average, but the iced coffee was good.",#Foodie;#Vegan;#CafeVibes,226,45,53,Toronto Canada,Neutral,0.21
14505,2026-03-03 16:18:00,USR_5504,user_114,Market volatility is extremely high today. Make sure to manage your risks carefully.,#Crypto;#Finance;#Trading,613,161,22,New York USA,Neutral,-0.04
14506,2026-03-03 16:18:45,USR_5505,user_115,Morning 10k run completed! Feeling energized and ready to tackle the week ahead.,#Fitness;#RunnersHigh;#Health,469,137,31,Chicago USA,Positive,0.95
14507,2026-03-03 16:19:30,USR_5506,user_116,The movie trailer released today looks completely underwhelming. Expectations ruined.,#MovieNews;#CinemaFail,589,82,60,Los Angeles USA,Negative,-0.63
14508,2026-03-03 16:20:15,USR_5507,user_117,Landing in Tokyo! Super excited to explore the vibrant street food and culture.,#Travel;#Japan;#Wanderlust,558,111,37,Tokyo Japan,Positive,1.0
14509,2026-03-03 16:21:00,USR_5508,user_118,Large language models are transforming modern data processing workflows rapidly.,#AI;#MachineLearning;#BigData,452,135,50,Boston USA,Positive,0.7
14510,2026-03-03 16:21:45,USR_5509,user_119,Servers are down again during the tournament. Extremely frustrating update!,#Gaming;#ServerDown;#Esports,519,83,50,Austin USA,Negative,-0.8
14511,2026-03-03 16:22:30,USR_5510,user_120,Attended the annual cloud computing conference. So many great insights on distributed systems.,#CloudComputing;#DevOps;#TechConference,237,65,15,Seattle USA,Positive,0.79
14512,2026-03-03 16:23:15,USR_5511,user_121,Flight got canceled last minute without any reasonable explanation. Very disappointing service.,#AirlineFail;#TravelProblems,230,58,67,Atlanta USA,Negative,-0.81
14513,2026-03-03 16:24:00,USR_5512,user_122,Started reading a new science fiction novel. The plot is turning out to be super captivating.,#Books;#SciFi;#ReadingList,347,111,39,London UK,Positive,0.79
14514,2026-03-03 16:24:45,USR_5513,user_123,Electric vehicles are becoming more affordable and accessible every year.,#EV;#Automotive;#CleanEnergy,399,181,63,Berlin Germany,Positive,0.65
14515,2026-03-03 16:25:30,USR_5514,user_124,Heavy rain and flooding reported across the southern district. Stay safe everyone!,#WeatherAlert;#SafetyFirst,551,133,53,Mumbai India,Negative,-0.39
14516,2026-03-03 16:26:15,USR_5515,user_125,Upgraded to the new smartphone today! The camera speed and display are absolutely incredible.,#Tech;#NewPhone;#TechTrends,322,54,23,San Francisco USA,Positive,0.86
14517,2026-03-03 16:27:00,USR_5516,user_126,Public transit delayed for the third time this week. Terrible service during peak hours!,#TransitFail;#CityLife,331,173,59,London UK,Negative,-0.71
14518,2026-03-03 16:27:45,USR_5517,user_127,Switching to solar energy for our home. The installation was smooth and efficient.,#GoGreen;#SolarEnergy;#Sustainability,160,119,48,Sydney Australia,Positive,0.77
14519,2026-03-03 16:28:30,USR_5518,user_128,"Tried the new vegan cafe downtown. Food was average, but the iced coffee was good.",#Foodie;#Vegan;#CafeVibes,567,171,19,Toronto Canada,Neutral,0.18
14520,2026-03-03 16:29:15,USR_5519,user_129,Market volatility is extremely high today. Make sure to manage your risks carefully.,#Crypto;#Finance;#Trading,236,87,41,New York USA,Neutral,0.0
14521,2026-03-03 16:30:00,USR_5520,user_130,Morning 10k run completed! Feeling energized and ready to tackle the week ahead.,#Fitness;#RunnersHigh;#Health,626,150,21,Chicago USA,Positive,0.93
14522,2026-03-03 16:30:45,USR_5521,user_131,The movie trailer released today looks completely underwhelming. Expectations ruined.,#MovieNews;#CinemaFail,375,77,65,Los Angeles USA,Negative,-0.62
14523,2026-03-03 16:31:30,USR_5522,user_132,Landing in Tokyo! Super excited to explore the vibrant street food and culture.,#Travel;#Japan;#Wanderlust,449,69,38,Tokyo Japan,Positive,0.92
14524,2026-03-03 16:32:15,USR_5523,user_133,Large language models are transforming modern data processing workflows rapidly.,#AI;#MachineLearning;#BigData,286,110,52,Boston USA,Positive,0.72
14525,2026-03-03 16:33:00,USR_5524,user_134,Servers are down again during the tournament. Extremely frustrating update!,#Gaming;#ServerDown;#Esports,360,165,64,Austin USA,Negative,-0.8
14526,2026-03-03 16:33:45,USR_5525,user_135,Attended the annual cloud computing conference. So many great insights on distributed systems.,#CloudComputing;#DevOps;#TechConference,452,187,22,Seattle USA,Positive,0.81
14527,2026-03-03 16:34:30,USR_5526,user_136,Flight got canceled last minute without any reasonable explanation. Very disappointing service.,#AirlineFail;#TravelProblems,655,80,53,Atlanta USA,Negative,-0.84
14528,2026-03-03 16:35:15,USR_5527,user_137,Started reading a new science fiction novel. The plot is turning out to be super captivating.,#Books;#SciFi;#ReadingList,435,147,21,London UK,Positive,0.82
14529,2026-03-03 16:36:00,USR_5528,user_138,Electric vehicles are becoming more affordable and accessible every year.,#EV;#Automotive;#CleanEnergy,565,43,51,Berlin Germany,Positive,0.75
14530,2026-03-03 16:36:45,USR_5529,user_139,Heavy rain and flooding reported across the southern district. Stay safe everyone!,#WeatherAlert;#SafetyFirst,627,59,39,Mumbai India,Negative,-0.33
14531,2026-03-03 16:37:30,USR_5530,user_140,Upgraded to the new smartphone today! The camera speed and display are absolutely incredible.,#Tech;#NewPhone;#TechTrends,323,109,32,San Francisco USA,Positive,0.79
14532,2026-03-03 16:38:15,USR_5531,user_141,Public transit delayed for the third time this week. Terrible service during peak hours!,#TransitFail;#CityLife,509,127,58,London UK,Negative,-0.74
14533,2026-03-03 16:39:00,USR_5532,user_142,Switching to solar energy for our home. The installation was smooth and efficient.,#GoGreen;#SolarEnergy;#Sustainability,314,161,44,Sydney Australia,Positive,0.7
14534,2026-03-03 16:39:45,USR_5533,user_143,"Tried the new vegan cafe downtown. Food was average, but the iced coffee was good.",#Foodie;#Vegan;#CafeVibes,239,143,28,Toronto Canada,Neutral,0.17
14535,2026-03-03 16:40:30,USR_5534,user_144,Market volatility is extremely high today. Make sure to manage your risks carefully.,#Crypto;#Finance;#Trading,351,38,20,New York USA,Neutral,-0.11
14536,2026-03-03 16:41:15,USR_5535,user_145,Morning 10k run completed! Feeling energized and ready to tackle the week ahead.,#Fitness;#RunnersHigh;#Health,647,52,59,Chicago USA,Positive,0.96
14537,2026-03-03 16:42:00,USR_5536,user_146,The movie trailer released today looks completely underwhelming. Expectations ruined.,#MovieNews;#CinemaFail,527,74,51,Los Angeles USA,Negative,-0.71
14538,2026-03-03 16:42:45,USR_5537,user_147,Landing in Tokyo! Super excited to explore the vibrant street food and culture.,#Travel;#Japan;#Wanderlust,537,144,63,Tokyo Japan,Positive,0.93
14539,2026-03-03 16:43:30,USR_5538,user_148,Large language models are transforming modern data processing workflows rapidly.,#AI;#MachineLearning;#BigData,267,85,37,Boston USA,Positive,0.75
14540,2026-03-03 16:44:15,USR_5539,user_149,Servers are down again during the tournament. Extremely frustrating update!,#Gaming;#ServerDown;#Esports,612,182,48,Austin USA,Negative,-0.77
14541,2026-03-03 16:45:00,USR_5540,user_150,Attended the annual cloud computing conference. So many great insights on distributed systems.,#CloudComputing;#DevOps;#TechConference,144,82,35,Seattle USA,Positive,0.84
14542,2026-03-03 16:45:45,USR_5541,user_151,Flight got canceled last minute without any reasonable explanation. Very disappointing service.,#AirlineFail;#TravelProblems,553,90,49,Atlanta USA,Negative,-0.83
14543,2026-03-03 16:46:30,USR_5542,user_152,Started reading a new science fiction novel. The plot is turning out to be super captivating.,#Books;#SciFi;#ReadingList,189,149,30,London UK,Positive,0.73
14544,2026-03-03 16:47:15,USR_5543,user_153,Electric vehicles are becoming more affordable and accessible every year.,#EV;#Automotive;#CleanEnergy,587,86,24,Berlin Germany,Positive,0.74
14545,2026-03-03 16:48:00,USR_5544,user_154,Heavy rain and flooding reported across the southern district. Stay safe everyone!,#WeatherAlert;#SafetyFirst,176,42,53,Mumbai India,Negative,-0.4
14546,2026-03-03 16:48:45,USR_5545,user_155,Upgraded to the new smartphone today! The camera speed and display are absolutely incredible.,#Tech;#NewPhone;#TechTrends,282,107,22,San Francisco USA,Positive,0.84
14547,2026-03-03 16:49:30,USR_5546,user_156,Public transit delayed for the third time this week. Terrible service during peak hours!,#TransitFail;#CityLife,240,142,63,London UK,Negative,-0.71
14548,2026-03-03 16:50:15,USR_5547,user_157,Switching to solar energy for our home. The installation was smooth and efficient.,#GoGreen;#SolarEnergy;#Sustainability,276,30,25,Sydney Australia,Positive,0.8
14549,2026-03-03 16:51:00,USR_5548,user_158,"Tried the new vegan cafe downtown. Food was average, but the iced coffee was good.",#Foodie;#Vegan;#CafeVibes,242,72,37,Toronto Canada,Neutral,0.12
14550,2026-03-03 16:51:45,USR_5549,user_159,Market volatility is extremely high today. Make sure to manage your risks carefully.,#Crypto;#Finance;#Trading,319,116,37,New York USA,Neutral,-0.1
14551,2026-03-03 16:52:30,USR_5550,user_160,Morning 10k run completed! Feeling energized and ready to tackle the week ahead.,#Fitness;#RunnersHigh;#Health,280,76,31,Chicago USA,Positive,0.94
14552,2026-03-03 16:53:15,USR_5551,user_161,The movie trailer released today looks completely underwhelming. Expectations ruined.,#MovieNews;#CinemaFail,377,184,27,Los Angeles USA,Negative,-0.7
14553,2026-03-03 16:54:00,USR_5552,user_162,Landing in Tokyo! Super excited to explore the vibrant street food and culture.,#Travel;#Japan;#Wanderlust,217,50,47,Tokyo Japan,Positive,0.92
14554,2026-03-03 16:54:45,USR_5553,user_163,Large language models are transforming modern data processing workflows rapidly.,#AI;#MachineLearning;#BigData,560,118,44,Boston USA,Positive,0.71
14555,2026-03-03 16:55:30,USR_5554,user_164,Servers are down again during the tournament. Extremely frustrating update!,#Gaming;#ServerDown;#Esports,183,130,36,Austin USA,Negative,-0.85
14556,2026-03-03 16:56:15,USR_5555,user_165,Attended the annual cloud computing conference. So many great insights on distributed systems.,#CloudComputing;#DevOps;#TechConference,189,81,25,Seattle USA,Positive,0.75
14557,2026-03-03 16:57:00,USR_5556,user_166,Flight got canceled last minute without any reasonable explanation. Very disappointing service.,#AirlineFail;#TravelProblems,310,62,55,Atlanta USA,Negative,-0.88
14558,2026-03-03 16:57:45,USR_5557,user_167,Started reading a new science fiction novel. The plot is turning out to be super captivating.,#Books;#SciFi;#ReadingList,258,90,38,London UK,Positive,0.78
14559,2026-03-03 16:58:30,USR_5558,user_168,Electric vehicles are becoming more affordable and accessible every year.,#EV;#Automotive;#CleanEnergy,407,133,38,Berlin Germany,Positive,0.72
14560,2026-03-03 16:59:15,USR_5559,user_169,Heavy rain and flooding reported across the southern district. Stay safe everyone!,#WeatherAlert;#SafetyFirst,543,153,42,Mumbai India,Negative,-0.45
14561,2026-03-03 17:00:00,USR_5560,user_170,Upgraded to the new smartphone today! The camera speed and display are absolutely incredible.,#Tech;#NewPhone;#TechTrends,198,134,61,San Francisco USA,Positive,0.84
14562,2026-03-03 17:00:45,USR_5561,user_171,Public transit delayed for the third time this week. Terrible service during peak hours!,#TransitFail;#CityLife,501,115,63,London UK,Negative,-0.74
14563,2026-03-03 17:01:30,USR_5562,user_172,Switching to solar energy for our home. The installation was smooth and efficient.,#GoGreen;#SolarEnergy;#Sustainability,292,97,49,Sydney Australia,Positive,0.73
14564,2026-03-03 17:02:15,USR_5563,user_173,"Tried the new vegan cafe downtown. Food was average, but the iced coffee was good.",#Foodie;#Vegan;#CafeVibes,578,179,64,Toronto Canada,Neutral,0.16
14565,2026-03-03 17:03:00,USR_5564,user_174,Market volatility is extremely high today. Make sure to manage your risks carefully.,#Crypto;#Finance;#Trading,283,158,49,New York USA,Neutral,-0.06
14566,2026-03-03 17:03:45,USR_5565,user_175,Morning 10k run completed! Feeling energized and ready to tackle the week ahead.,#Fitness;#RunnersHigh;#Health,612,85,34,Chicago USA,Positive,0.93
14567,2026-03-03 17:04:30,USR_5566,user_176,The movie trailer released today looks completely underwhelming. Expectations ruined.,#MovieNews;#CinemaFail,399,122,64,Los Angeles USA,Negative,-0.67
14568,2026-03-03 17:05:15,USR_5567,user_177,Landing in Tokyo! Super excited to explore the vibrant street food and culture.,#Travel;#Japan;#Wanderlust,257,62,33,Tokyo Japan,Positive,0.94
14569,2026-03-03 17:06:00,USR_5568,user_178,Large language models are transforming modern data processing workflows rapidly.,#AI;#MachineLearning;#BigData,580,133,35,Boston USA,Positive,0.75
14570,2026-03-03 17:06:45,USR_5569,user_179,Servers are down again during the tournament. Extremely frustrating update!,#Gaming;#ServerDown;#Esports,301,180,66,Austin USA,Negative,-0.86
14571,2026-03-03 17:07:30,USR_5570,user_180,Attended the annual cloud computing conference. So many great insights on distributed systems.,#CloudComputing;#DevOps;#TechConference,441,59,13,Seattle USA,Positive,0.75
14572,2026-03-03 17:08:15,USR_5571,user_181,Flight got canceled last minute without any reasonable explanation. Very disappointing service.,#AirlineFail;#TravelProblems,400,124,59,Atlanta USA,Negative,-0.92
14573,2026-03-03 17:09:00,USR_5572,user_182,Started reading a new science fiction novel. The plot is turning out to be super captivating.,#Books;#SciFi;#ReadingList,412,112,54,London UK,Positive,0.68
14574,2026-03-03 17:09:45,USR_5573,user_183,Electric vehicles are becoming more affordable and accessible every year.,#EV;#Automotive;#CleanEnergy,168,153,40,Berlin Germany,Positive,0.72
14575,2026-03-03 17:10:30,USR_5574,user_184,Heavy rain and flooding reported across the southern district. Stay safe everyone!,#WeatherAlert;#SafetyFirst,457,51,34,Mumbai India,Negative,-0.44
14576,2026-03-03 17:11:15,USR_5575,user_185,Upgraded to the new smartphone today! The camera speed and display are absolutely incredible.,#Tech;#NewPhone;#TechTrends,511,156,47,San Francisco USA,Positive,0.83
14577,2026-03-03 17:12:00,USR_5576,user_186,Public transit delayed for the third time this week. Terrible service during peak hours!,#TransitFail;#CityLife,394,115,45,London UK,Negative,-0.74
14578,2026-03-03 17:12:45,USR_5577,user_187,Switching to solar energy for our home. The installation was smooth and efficient.,#GoGreen;#SolarEnergy;#Sustainability,574,69,31,Sydney Australia,Positive,0.77
14579,2026-03-03 17:13:30,USR_5578,user_188,"Tried the new vegan cafe downtown. Food was average, but the iced coffee was good.",#Foodie;#Vegan;#CafeVibes,289,151,41,Toronto Canada,Neutral,0.08
14580,2026-03-03 17:14:15,USR_5579,user_189,Market volatility is extremely high today. Make sure to manage your risks carefully.,#Crypto;#Finance;#Trading,212,168,28,New York USA,Neutral,0.01
14581,2026-03-03 17:15:00,USR_5580,user_190,Morning 10k run completed! Feeling energized and ready to tackle the week ahead.,#Fitness;#RunnersHigh;#Health,524,54,52,Chicago USA,Positive,0.85
14582,2026-03-03 17:15:45,USR_5581,user_191,The movie trailer released today looks completely underwhelming. Expectations ruined.,#MovieNews;#CinemaFail,166,152,65,Los Angeles USA,Negative,-0.61
14583,2026-03-03 17:16:30,USR_5582,user_192,Landing in Tokyo! Super excited to explore the vibrant street food and culture.,#Travel;#Japan;#Wanderlust,367,165,38,Tokyo Japan,Positive,0.88
14584,2026-03-03 17:17:15,USR_5583,user_193,Large language models are transforming modern data processing workflows rapidly.,#AI;#MachineLearning;#BigData,365,152,55,Boston USA,Positive,0.71
14585,2026-03-03 17:18:00,USR_5584,user_194,Servers are down again during the tournament. Extremely frustrating update!,#Gaming;#ServerDown;#Esports,529,78,25,Austin USA,Negative,-0.82
14586,2026-03-03 17:18:45,USR_5585,user_195,Attended the annual cloud computing conference. So many great insights on distributed systems.,#CloudComputing;#DevOps;#TechConference,234,163,52,Seattle USA,Positive,0.84
14587,2026-03-03 17:19:30,USR_5586,user_196,Flight got canceled last minute without any reasonable explanation. Very disappointing service.,#AirlineFail;#TravelProblems,336,101,61,Atlanta USA,Negative,-0.8
14588,2026-03-03 17:20:15,USR_5587,user_197,Started reading a new science fiction novel. The plot is turning out to be super captivating.,#Books;#SciFi;#ReadingList,395,84,31,London UK,Positive,0.75
14589,2026-03-03 17:21:00,USR_5588,user_198,Electric vehicles are becoming more affordable and accessible every year.,#EV;#Automotive;#CleanEnergy,356,66,60,Berlin Germany,Positive,0.73
14590,2026-03-03 17:21:45,USR_5589,user_199,Heavy rain and flooding reported across the southern district. Stay safe everyone!,#WeatherAlert;#SafetyFirst,151,140,45,Mumbai India,Negative,-0.42
14591,2026-03-03 17:22:30,USR_5590,user_200,Upgraded to the new smartphone today! The camera speed and display are absolutely incredible.,#Tech;#NewPhone;#TechTrends,547,70,34,San Francisco USA,Positive,0.92
14592,2026-03-03 17:23:15,USR_5591,user_201,Public transit delayed for the third time this week. Terrible service during peak hours!,#TransitFail;#CityLife,619,154,33,London UK,Negative,-0.78
14593,2026-03-03 17:24:00,USR_5592,user_202,Switching to solar energy for our home. The installation was smooth and efficient.,#GoGreen;#SolarEnergy;#Sustainability,479,43,47,Sydney Australia,Positive,0.75
14594,2026-03-03 17:24:45,USR_5593,user_203,"Tried the new vegan cafe downtown. Food was average, but the iced coffee was good.",#Foodie;#Vegan;#CafeVibes,189,133,37,Toronto Canada,Neutral,0.16
14595,2026-03-03 17:25:30,USR_5594,user_204,Market volatility is extremely high today. Make sure to manage your risks carefully.,#Crypto;#Finance;#Trading,650,48,52,New York USA,Neutral,-0.02
14596,2026-03-03 17:26:15,USR_5595,user_205,Morning 10k run completed! Feeling energized and ready to tackle the week ahead.,#Fitness;#RunnersHigh;#Health,343,96,52,Chicago USA,Positive,0.92
14597,2026-03-03 17:27:00,USR_5596,user_206,The movie trailer released today looks completely underwhelming. Expectations ruined.,#MovieNews;#CinemaFail,376,149,55,Los Angeles USA,Negative,-0.71
14598,2026-03-03 17:27:45,USR_5597,user_207,Landing in Tokyo! Super excited to explore the vibrant street food and culture.,#Travel;#Japan;#Wanderlust,313,161,21,Tokyo Japan,Positive,0.91
14599,2026-03-03 17:28:30,USR_5598,user_208,Large language models are transforming modern data processing workflows rapidly.,#AI;#MachineLearning;#BigData,377,145,49,Boston USA,Positive,0.63
14600,2026-03-03 17:29:15,USR_5599,user_209,Servers are down again during the tournament. Extremely frustrating update!,#Gaming;#ServerDown;#Esports,520,50,44,Austin USA,Negative,-0.84
14601,2026-03-03 17:30:00,USR_5600,user_210,Attended the annual cloud computing conference. So many great insights on distributed systems.,#CloudComputing;#DevOps;#TechConference,503,83,19,Seattle USA,Positive,0.81
14602,2026-03-03 17:30:45,USR_5601,user_211,Flight got canceled last minute without any reasonable explanation. Very disappointing service.,#AirlineFail;#TravelProblems,434,85,40,Atlanta USA,Negative,-0.91
14603,2026-03-03 17:31:30,USR_5602,user_212,Started reading a new science fiction novel. The plot is turning out to be super captivating.,#Books;#SciFi;#ReadingList,422,86,24,London UK,Positive,0.7
14604,2026-03-03 17:32:15,USR_5603,user_213,Electric vehicles are becoming more affordable and accessible every year.,#EV;#Automotive;#CleanEnergy,435,84,42,Berlin Germany,Positive,0.69
14605,2026-03-03 17:33:00,USR_5604,user_214,Heavy rain and flooding reported across the southern district. Stay safe everyone!,#WeatherAlert;#SafetyFirst,208,175,32,Mumbai India,Negative,-0.46
14606,2026-03-03 17:33:45,USR_5605,user_215,Upgraded to the new smartphone today! The camera speed and display are absolutely incredible.,#Tech;#NewPhone;#TechTrends,429,132,16,San Francisco USA,Positive,0.78
14607,2026-03-03 17:34:30,USR_5606,user_216,Public transit delayed for the third time this week. Terrible service during peak hours!,#TransitFail;#CityLife,403,127,40,London UK,Negative,-0.74
14608,2026-03-03 17:35:15,USR_5607,user_217,Switching to solar energy for our home. The installation was smooth and efficient.,#GoGreen;#SolarEnergy;#Sustainability,515,126,67,Sydney Australia,Positive,0.81
14609,2026-03-03 17:36:00,USR_5608,user_218,"Tried the new vegan cafe downtown. Food was average, but the iced coffee was good.",#Foodie;#Vegan;#CafeVibes,349,180,26,Toronto Canada,Neutral,0.13
14610,2026-03-03 17:36:45,USR_5609,user_219,Market volatility is extremely high today. Make sure to manage your risks carefully.,#Crypto;#Finance;#Trading,218,154,48,New York USA,Neutral,-0.11
14611,2026-03-03 17:37:30,USR_5610,user_220,Morning 10k run completed! Feeling energized and ready to tackle the week ahead.,#Fitness;#RunnersHigh;#Health,263,88,60,Chicago USA,Positive,0.98
14612,2026-03-03 17:38:15,USR_5611,user_221,The movie trailer released today looks completely underwhelming. Expectations ruined.,#MovieNews;#CinemaFail,300,83,55,Los Angeles USA,Negative,-0.62
14613,2026-03-03 17:39:00,USR_5612,user_222,Landing in Tokyo! Super excited to explore the vibrant street food and culture.,#Travel;#Japan;#Wanderlust,350,39,56,Tokyo Japan,Positive,0.99
14614,2026-03-03 17:39:45,USR_5613,user_223,Large language models are transforming modern data processing workflows rapidly.,#AI;#MachineLearning;#BigData,565,162,45,Boston USA,Positive,0.74
14615,2026-03-03 17:40:30,USR_5614,user_224,Servers are down again during the tournament. Extremely frustrating update!,#Gaming;#ServerDown;#Esports,588,149,30,Austin USA,Negative,-0.82
14616,2026-03-03 17:41:15,USR_5615,user_225,Attended the annual cloud computing conference. So many great insights on distributed systems.,#CloudComputing;#DevOps;#TechConference,348,96,64,Seattle USA,Positive,0.89
14617,2026-03-03 17:42:00,USR_5616,user_226,Flight got canceled last minute without any reasonable explanation. Very disappointing service.,#AirlineFail;#TravelProblems,376,69,54,Atlanta USA,Negative,-0.84
14618,2026-03-03 17:42:45,USR_5617,user_227,Started reading a new science fiction novel. The plot is turning out to be super captivating.,#Books;#SciFi;#ReadingList,202,71,21,London UK,Positive,0.74
14619,2026-03-03 17:43:30,USR_5618,user_228,Electric vehicles are becoming more affordable and accessible every year.,#EV;#Automotive;#CleanEnergy,189,144,50,Berlin Germany,Positive,0.65
14620,2026-03-03 17:44:15,USR_5619,user_229,Heavy rain and flooding reported across the southern district. Stay safe everyone!,#WeatherAlert;#SafetyFirst,498,90,19,Mumbai India,Negative,-0.44
14621,2026-03-03 17:45:00,USR_5620,user_230,Upgraded to the new smartphone today! The camera speed and display are absolutely incredible.,#Tech;#NewPhone;#TechTrends,167,147,35,San Francisco USA,Positive,0.83
14622,2026-03-03 17:45:45,USR_5621,user_231,Public transit delayed for the third time this week. Terrible service during peak hours!,#TransitFail;#CityLife,355,149,42,London UK,Negative,-0.76
14623,2026-03-03 17:46:30,USR_5622,user_232,Switching to solar energy for our home. The installation was smooth and efficient.,#GoGreen;#SolarEnergy;#Sustainability,581,118,45,Sydney Australia,Positive,0.74
14624,2026-03-03 17:47:15,USR_5623,user_233,"Tried the new vegan cafe downtown. Food was average, but the iced coffee was good.",#Foodie;#Vegan;#CafeVibes,620,113,24,Toronto Canada,Neutral,0.07
14625,2026-03-03 17:48:00,USR_5624,user_234,Market volatility is extremely high today. Make sure to manage your risks carefully.,#Crypto;#Finance;#Trading,174,159,24,New York USA,Neutral,-0.08
14626,2026-03-03 17:48:45,USR_5625,user_235,Morning 10k run completed! Feeling energized and ready to tackle the week ahead.,#Fitness;#RunnersHigh;#Health,281,103,50,Chicago USA,Positive,0.99
14627,2026-03-03 17:49:30,USR_5626,user_236,The movie trailer released today looks completely underwhelming. Expectations ruined.,#MovieNews;#CinemaFail,229,128,22,Los Angeles USA,Negative,-0.69
14628,2026-03-03 17:50:15,USR_5627,user_237,Landing in Tokyo! Super excited to explore the vibrant street food and culture.,#Travel;#Japan;#Wanderlust,304,187,45,Tokyo Japan,Positive,0.87
14629,2026-03-03 17:51:00,USR_5628,user_238,Large language models are transforming modern data processing workflows rapidly.,#AI;#MachineLearning;#BigData,488,171,41,Boston USA,Positive,0.75
14630,2026-03-03 17:51:45,USR_5629,user_239,Servers are down again during the tournament. Extremely frustrating update!,#Gaming;#ServerDown;#Esports,383,149,23,Austin USA,Negative,-0.84
14631,2026-03-03 17:52:30,USR_5630,user_240,Attended the annual cloud computing conference. So many great insights on distributed systems.,#CloudComputing;#DevOps;#TechConference,485,172,63,Seattle USA,Positive,0.8
14632,2026-03-03 17:53:15,USR_5631,user_241,Flight got canceled last minute without any reasonable explanation. Very disappointing service.,#AirlineFail;#TravelProblems,547,167,22,Atlanta USA,Negative,-0.88
14633,2026-03-03 17:54:00,USR_5632,user_242,Started reading a new science fiction novel. The plot is turning out to be super captivating.,#Books;#SciFi;#ReadingList,458,115,56,London UK,Positive,0.81
14634,2026-03-03 17:54:45,USR_5633,user_243,Electric vehicles are becoming more affordable and accessible every year.,#EV;#Automotive;#CleanEnergy,452,66,41,Berlin Germany,Positive,0.63
14635,2026-03-03 17:55:30,USR_5634,user_244,Heavy rain and flooding reported across the southern district. Stay safe everyone!,#WeatherAlert;#SafetyFirst,560,172,55,Mumbai India,Negative,-0.37
14636,2026-03-03 17:56:15,USR_5635,user_245,Upgraded to the new smartphone today! The camera speed and display are absolutely incredible.,#Tech;#NewPhone;#TechTrends,383,114,20,San Francisco USA,Positive,0.89
14637,2026-03-03 17:57:00,USR_5636,user_246,Public transit delayed for the third time this week. Terrible service during peak hours!,#TransitFail;#CityLife,612,76,44,London UK,Negative,-0.74
14638,2026-03-03 17:57:45,USR_5637,user_247,Switching to solar energy for our home. The installation was smooth and efficient.,#GoGreen;#SolarEnergy;#Sustainability,647,96,26,Sydney Australia,Positive,0.78
14639,2026-03-03 17:58:30,USR_5638,user_248,"Tried the new vegan cafe downtown. Food was average, but the iced coffee was good.",#Foodie;#Vegan;#CafeVibes,170,121,29,Toronto Canada,Neutral,0.1
14640,2026-03-03 17:59:15,USR_5639,user_249,Market volatility is extremely high today. Make sure to manage your risks carefully.,#Crypto;#Finance;#Trading,343,60,28,New York USA,Neutral,-0.06
14641,2026-03-03 18:00:00,USR_5640,user_250,Morning 10k run completed! Feeling energized and ready to tackle the week ahead.,#Fitness;#RunnersHigh;#Health,358,166,51,Chicago USA,Positive,0.99
14642,2026-03-03 18:00:45,USR_5641,user_251,The movie trailer released today looks completely underwhelming. Expectations ruined.,#MovieNews;#CinemaFail,332,55,59,Los Angeles USA,Negative,-0.61
14643,2026-03-03 18:01:30,USR_5642,user_252,Landing in Tokyo! Super excited to explore the vibrant street food and culture.,#Travel;#Japan;#Wanderlust,350,42,41,Tokyo Japan,Positive,1.0
14644,2026-03-03 18:02:15,USR_5643,user_253,Large language models are transforming modern data processing workflows rapidly.,#AI;#MachineLearning;#BigData,495,85,49,Boston USA,Positive,0.67
14645,2026-03-03 18:03:00,USR_5644,user_254,Servers are down again during the tournament. Extremely frustrating update!,#Gaming;#ServerDown;#Esports,586,112,26,Austin USA,Negative,-0.75
14646,2026-03-03 18:03:45,USR_5645,user_255,Attended the annual cloud computing conference. So many great insights on distributed systems.,#CloudComputing;#DevOps;#TechConference,209,139,58,Seattle USA,Positive,0.78
14647,2026-03-03 18:04:30,USR_5646,user_256,Flight got canceled last minute without any reasonable explanation. Very disappointing service.,#AirlineFail;#TravelProblems,244,85,28,Atlanta USA,Negative,-0.9
14648,2026-03-03 18:05:15,USR_5647,user_257,Started reading a new science fiction novel. The plot is turning out to be super captivating.,#Books;#SciFi;#ReadingList,183,76,34,London UK,Positive,0.67
14649,2026-03-03 18:06:00,USR_5648,user_258,Electric vehicles are becoming more affordable and accessible every year.,#EV;#Automotive;#CleanEnergy,395,132,32,Berlin Germany,Positive,0.72
14650,2026-03-03 18:06:45,USR_5649,user_259,Heavy rain and flooding reported across the southern district. Stay safe everyone!,#WeatherAlert;#SafetyFirst,281,45,51,Mumbai India,Negative,-0.4
14651,2026-03-03 18:07:30,USR_5650,user_260,Upgraded to the new smartphone today! The camera speed and display are absolutely incredible.,#Tech;#NewPhone;#TechTrends,202,127,47,San Francisco USA,Positive,0.92
14652,2026-03-03 18:08:15,USR_5651,user_261,Public transit delayed for the third time this week. Terrible service during peak hours!,#TransitFail;#CityLife,481,185,27,London UK,Negative,-0.7
14653,2026-03-03 18:09:00,USR_5652,user_262,Switching to solar energy for our home. The installation was smooth and efficient.,#GoGreen;#SolarEnergy;#Sustainability,531,44,54,Sydney Australia,Positive,0.81
14654,2026-03-03 18:09:45,USR_5653,user_263,"Tried the new vegan cafe downtown. Food was average, but the iced coffee was good.",#Foodie;#Vegan;#CafeVibes,250,95,52,Toronto Canada,Neutral,0.21
14655,2026-03-03 18:10:30,USR_5654,user_264,Market volatility is extremely high today. Make sure to manage your risks carefully.,#Crypto;#Finance;#Trading,366,168,53,New York USA,Neutral,-0.07
14656,2026-03-03 18:11:15,USR_5655,user_265,Morning 10k run completed! Feeling energized and ready to tackle the week ahead.,#Fitness;#RunnersHigh;#Health,188,73,22,Chicago USA,Positive,0.95
14657,2026-03-03 18:12:00,USR_5656,user_266,The movie trailer released today looks completely underwhelming. Expectations ruined.,#MovieNews;#CinemaFail,209,136,59,Los Angeles USA,Negative,-0.73
14658,2026-03-03 18:12:45,USR_5657,user_267,Landing in Tokyo! Super excited to explore the vibrant street food and culture.,#Travel;#Japan;#Wanderlust,618,86,46,Tokyo Japan,Positive,0.93
14659,2026-03-03 18:13:30,USR_5658,user_268,Large language models are transforming modern data processing workflows rapidly.,#AI;#MachineLearning;#BigData,428,139,63,Boston USA,Positive,0.72
14660,2026-03-03 18:14:15,USR_5659,user_269,Servers are down again during the tournament. Extremely frustrating update!,#Gaming;#ServerDown;#Esports,641,99,16,Austin USA,Negative,-0.75
14661,2026-03-03 18:15:00,USR_5660,user_270,Attended the annual cloud computing conference. So many great insights on distributed systems.,#CloudComputing;#DevOps;#TechConference,401,132,43,Seattle USA,Positive,0.81
14662,2026-03-03 18:15:45,USR_5661,user_271,Flight got canceled last minute without any reasonable explanation. Very disappointing service.,#AirlineFail;#TravelProblems,617,77,36,Atlanta USA,Negative,-0.86
14663,2026-03-03 18:16:30,USR_5662,user_272,Started reading a new science fiction novel. The plot is turning out to be super captivating.,#Books;#SciFi;#ReadingList,613,103,26,London UK,Positive,0.82
14664,2026-03-03 18:17:15,USR_5663,user_273,Electric vehicles are becoming more affordable and accessible every year.,#EV;#Automotive;#CleanEnergy,652,52,61,Berlin Germany,Positive,0.68
14665,2026-03-03 18:18:00,USR_5664,user_274,Heavy rain and flooding reported across the southern district. Stay safe everyone!,#WeatherAlert;#SafetyFirst,219,130,27,Mumbai India,Negative,-0.42
14666,2026-03-03 18:18:45,USR_5665,user_275,Upgraded to the new smartphone today! The camera speed and display are absolutely incredible.,#Tech;#NewPhone;#TechTrends,556,73,11,San Francisco USA,Positive,0.92
14667,2026-03-03 18:19:30,USR_5666,user_276,Public transit delayed for the third time this week. Terrible service during peak hours!,#TransitFail;#CityLife,209,142,30,London UK,Negative,-0.7
14668,2026-03-03 18:20:15,USR_5667,user_277,Switching to solar energy for our home. The installation was smooth and efficient.,#GoGreen;#SolarEnergy;#Sustainability,278,95,57,Sydney Australia,Positive,0.85
14669,2026-03-03 18:21:00,USR_5668,user_278,"Tried the new vegan cafe downtown. Food was average, but the iced coffee was good.",#Foodie;#Vegan;#CafeVibes,220,159,51,Toronto Canada,Neutral,0.12
14670,2026-03-03 18:21:45,USR_5669,user_279,Market volatility is extremely high today. Make sure to manage your risks carefully.,#Crypto;#Finance;#Trading,344,122,55,New York USA,Neutral,-0.02
14671,2026-03-03 18:22:30,USR_5670,user_280,Morning 10k run completed! Feeling energized and ready to tackle the week ahead.,#Fitness;#RunnersHigh;#Health,488,141,45,Chicago USA,Positive,0.89
14672,2026-03-03 18:23:15,USR_5671,user_281,The movie trailer released today looks completely underwhelming. Expectations ruined.,#MovieNews;#CinemaFail,429,85,54,Los Angeles USA,Negative,-0.71
14673,2026-03-03 18:24:00,USR_5672,user_282,Landing in Tokyo! Super excited to explore the vibrant street food and culture.,#Travel;#Japan;#Wanderlust,408,147,45,Tokyo Japan,Positive,0.88
14674,2026-03-03 18:24:45,USR_5673,user_283,Large language models are transforming modern data processing workflows rapidly.,#AI;#MachineLearning;#BigData,190,110,60,Boston USA,Positive,0.74
14675,2026-03-03 18:25:30,USR_5674,user_284,Servers are down again during the tournament. Extremely frustrating update!,#Gaming;#ServerDown;#Esports,598,63,16,Austin USA,Negative,-0.76
14676,2026-03-03 18:26:15,USR_5675,user_285,Attended the annual cloud computing conference. So many great insights on distributed systems.,#CloudComputing;#DevOps;#TechConference,243,184,28,Seattle USA,Positive,0.88
14677,2026-03-03 18:27:00,USR_5676,user_286,Flight got canceled last minute without any reasonable explanation. Very disappointing service.,#AirlineFail;#TravelProblems,333,89,7,Atlanta USA,Negative,-0.85
14678,2026-03-03 18:27:45,USR_5677,user_287,Started reading a new science fiction novel. The plot is turning out to be super captivating.,#Books;#SciFi;#ReadingList,356,74,68,London UK,Positive,0.68
14679,2026-03-03 18:28:30,USR_5678,user_288,Electric vehicles are becoming more affordable and accessible every year.,#EV;#Automotive;#CleanEnergy,158,62,56,Berlin Germany,Positive,0.78
14680,2026-03-03 18:29:15,USR_5679,user_289,Heavy rain and flooding reported across the southern district. Stay safe everyone!,#WeatherAlert;#SafetyFirst,203,167,47,Mumbai India,Negative,-0.32
14681,2026-03-03 18:30:00,USR_5680,user_290,Upgraded to the new smartphone today! The camera speed and display are absolutely incredible.,#Tech;#NewPhone;#TechTrends,308,164,25,San Francisco USA,Positive,0.77
14682,2026-03-03 18:30:45,USR_5681,user_291,Public transit delayed for the third time this week. Terrible service during peak hours!,#TransitFail;#CityLife,340,177,55,London UK,Negative,-0.68
14683,2026-03-03 18:31:30,USR_5682,user_292,Switching to solar energy for our home. The installation was smooth and efficient.,#GoGreen;#SolarEnergy;#Sustainability,253,173,46,Sydney Australia,Positive,0.74
14684,2026-03-03 18:32:15,USR_5683,user_293,"Tried the new vegan cafe downtown. Food was average, but the iced coffee was good.",#Foodie;#Vegan;#CafeVibes,568,92,51,Toronto Canada,Neutral,0.12
14685,2026-03-03 18:33:00,USR_5684,user_294,Market volatility is extremely high today. Make sure to manage your risks carefully.,#Crypto;#Finance;#Trading,196,184,26,New York USA,Neutral,-0.07
14686,2026-03-03 18:33:45,USR_5685,user_295,Morning 10k run completed! Feeling energized and ready to tackle the week ahead.,#Fitness;#RunnersHigh;#Health,533,65,35,Chicago USA,Positive,0.86
14687,2026-03-03 18:34:30,USR_5686,user_296,The movie trailer released today looks completely underwhelming. Expectations ruined.,#MovieNews;#CinemaFail,267,181,24,Los Angeles USA,Negative,-0.73
14688,2026-03-03 18:35:15,USR_5687,user_297,Landing in Tokyo! Super excited to explore the vibrant street food and culture.,#Travel;#Japan;#Wanderlust,364,132,36,Tokyo Japan,Positive,0.92
14689,2026-03-03 18:36:00,USR_5688,user_298,Large language models are transforming modern data processing workflows rapidly.,#AI;#MachineLearning;#BigData,494,45,57,Boston USA,Positive,0.7
14690,2026-03-03 18:36:45,USR_5689,user_299,Servers are down again during the tournament. Extremely frustrating update!,#Gaming;#ServerDown;#Esports,291,77,75,Austin USA,Negative,-0.89
14691,2026-03-03 18:37:30,USR_5690,user_300,Attended the annual cloud computing conference. So many great insights on distributed systems.,#CloudComputing;#DevOps;#TechConference,529,89,33,Seattle USA,Positive,0.8
14692,2026-03-03 18:38:15,USR_5691,user_301,Flight got canceled last minute without any reasonable explanation. Very disappointing service.,#AirlineFail;#TravelProblems,292,153,25,Atlanta USA,Negative,-0.81
14693,2026-03-03 18:39:00,USR_5692,user_302,Started reading a new science fiction novel. The plot is turning out to be super captivating.,#Books;#SciFi;#ReadingList,321,118,20,London UK,Positive,0.83
14694,2026-03-03 18:39:45,USR_5693,user_303,Electric vehicles are becoming more affordable and accessible every year.,#EV;#Automotive;#CleanEnergy,449,142,32,Berlin Germany,Positive,0.67
14695,2026-03-03 18:40:30,USR_5694,user_304,Heavy rain and flooding reported across the southern district. Stay safe everyone!,#WeatherAlert;#SafetyFirst,582,176,50,Mumbai India,Negative,-0.32
14696,2026-03-03 18:41:15,USR_5695,user_305,Upgraded to the new smartphone today! The camera speed and display are absolutely incredible.,#Tech;#NewPhone;#TechTrends,340,135,41,San Francisco USA,Positive,0.92
14697,2026-03-03 18:42:00,USR_5696,user_306,Public transit delayed for the third time this week. Terrible service during peak hours!,#TransitFail;#CityLife,360,97,33,London UK,Negative,-0.73
14698,2026-03-03 18:42:45,USR_5697,user_307,Switching to solar energy for our home. The installation was smooth and efficient.,#GoGreen;#SolarEnergy;#Sustainability,528,78,16,Sydney Australia,Positive,0.8
14699,2026-03-03 18:43:30,USR_5698,user_308,"Tried the new vegan cafe downtown. Food was average, but the iced coffee was good.",#Foodie;#Vegan;#CafeVibes,567,66,34,Toronto Canada,Neutral,0.2
14700,2026-03-03 18:44:15,USR_5699,user_309,Market volatility is extremely high today. Make sure to manage your risks carefully.,#Crypto;#Finance;#Trading,564,165,36,New York USA,Neutral,-0.12
14701,2026-03-03 18:45:00,USR_5700,user_310,Morning 10k run completed! Feeling energized and ready to tackle the week ahead.,#Fitness;#RunnersHigh;#Health,278,52,47,Chicago USA,Positive,0.94
14702,2026-03-03 18:45:45,USR_5701,user_311,The movie trailer released today looks completely underwhelming. Expectations ruined.,#MovieNews;#CinemaFail,387,178,41,Los Angeles USA,Negative,-0.67
14703,2026-03-03 18:46:30,USR_5702,user_312,Landing in Tokyo! Super excited to explore the vibrant street food and culture.,#Travel;#Japan;#Wanderlust,293,69,53,Tokyo Japan,Positive,0.88
14704,2026-03-03 18:47:15,USR_5703,user_313,Large language models are transforming modern data processing workflows rapidly.,#AI;#MachineLearning;#BigData,559,132,52,Boston USA,Positive,0.64
14705,2026-03-03 18:48:00,USR_5704,user_314,Servers are down again during the tournament. Extremely frustrating update!,#Gaming;#ServerDown;#Esports,602,48,37,Austin USA,Negative,-0.87
14706,2026-03-03 18:48:45,USR_5705,user_315,Attended the annual cloud computing conference. So many great insights on distributed systems.,#CloudComputing;#DevOps;#TechConference,501,104,24,Seattle USA,Positive,0.85
14707,2026-03-03 18:49:30,USR_5706,user_316,Flight got canceled last minute without any reasonable explanation. Very disappointing service.,#AirlineFail;#TravelProblems,157,125,51,Atlanta USA,Negative,-0.9
14708,2026-03-03 18:50:15,USR_5707,user_317,Started reading a new science fiction novel. The plot is turning out to be super captivating.,#Books;#SciFi;#ReadingList,602,50,47,London UK,Positive,0.82
14709,2026-03-03 18:51:00,USR_5708,user_318,Electric vehicles are becoming more affordable and accessible every year.,#EV;#Automotive;#CleanEnergy,492,195,52,Berlin Germany,Positive,0.78
14710,2026-03-03 18:51:45,USR_5709,user_319,Heavy rain and flooding reported across the southern district. Stay safe everyone!,#WeatherAlert;#SafetyFirst,608,149,43,Mumbai India,Negative,-0.45
14711,2026-03-03 18:52:30,USR_5710,user_320,Upgraded to the new smartphone today! The camera speed and display are absolutely incredible.,#Tech;#NewPhone;#TechTrends,245,71,23,San Francisco USA,Positive,0.79
14712,2026-03-03 18:53:15,USR_5711,user_321,Public transit delayed for the third time this week. Terrible service during peak hours!,#TransitFail;#CityLife,498,80,29,London UK,Negative,-0.64
14713,2026-03-03 18:54:00,USR_5712,user_322,Switching to solar energy for our home. The installation was smooth and efficient.,#GoGreen;#SolarEnergy;#Sustainability,200,148,19,Sydney Australia,Positive,0.76
14714,2026-03-03 18:54:45,USR_5713,user_323,"Tried the new vegan cafe downtown. Food was average, but the iced coffee was good.",#Foodie;#Vegan;#CafeVibes,277,69,57,Toronto Canada,Neutral,0.18
14715,2026-03-03 18:55:30,USR_5714,user_324,Market volatility is extremely high today. Make sure to manage your risks carefully.,#Crypto;#Finance;#Trading,595,105,37,New York USA,Neutral,0.02
14716,2026-03-03 18:56:15,USR_5715,user_325,Morning 10k run completed! Feeling energized and ready to tackle the week ahead.,#Fitness;#RunnersHigh;#Health,295,68,17,Chicago USA,Positive,0.91
14717,2026-03-03 18:57:00,USR_5716,user_326,The movie trailer released today looks completely underwhelming. Expectations ruined.,#MovieNews;#CinemaFail,437,166,63,Los Angeles USA,Negative,-0.65
14718,2026-03-03 18:57:45,USR_5717,user_327,Landing in Tokyo! Super excited to explore the vibrant street food and culture.,#Travel;#Japan;#Wanderlust,527,43,19,Tokyo Japan,Positive,0.91
14719,2026-03-03 18:58:30,USR_5718,user_328,Large language models are transforming modern data processing workflows rapidly.,#AI;#MachineLearning;#BigData,467,39,60,Boston USA,Positive,0.69
14720,2026-03-03 18:59:15,USR_5719,user_329,Servers are down again during the tournament. Extremely frustrating update!,#Gaming;#ServerDown;#Esports,507,40,57,Austin USA,Negative,-0.86
14721,2026-03-03 19:00:00,USR_5720,user_330,Attended the annual cloud computing conference. So many great insights on distributed systems.,#CloudComputing;#DevOps;#TechConference,336,69,28,Seattle USA,Positive,0.85
14722,2026-03-03 19:00:45,USR_5721,user_331,Flight got canceled last minute without any reasonable explanation. Very disappointing service.,#AirlineFail;#TravelProblems,176,45,17,Atlanta USA,Negative,-0.92
14723,2026-03-03 19:01:30,USR_5722,user_332,Started reading a new science fiction novel. The plot is turning out to be super captivating.,#Books;#SciFi;#ReadingList,568,67,45,London UK,Positive,0.69
14724,2026-03-03 19:02:15,USR_5723,user_333,Electric vehicles are becoming more affordable and accessible every year.,#EV;#Automotive;#CleanEnergy,562,57,17,Berlin Germany,Positive,0.7
14725,2026-03-03 19:03:00,USR_5724,user_334,Heavy rain and flooding reported across the southern district. Stay safe everyone!,#WeatherAlert;#SafetyFirst,627,154,53,Mumbai India,Negative,-0.41
14726,2026-03-03 19:03:45,USR_5725,user_335,Upgraded to the new smartphone today! The camera speed and display are absolutely incredible.,#Tech;#NewPhone;#TechTrends,442,95,29,San Francisco USA,Positive,0.84
14727,2026-03-03 19:04:30,USR_5726,user_336,Public transit delayed for the third time this week. Terrible service during peak hours!,#TransitFail;#CityLife,316,129,23,London UK,Negative,-0.72
14728,2026-03-03 19:05:15,USR_5727,user_337,Switching to solar energy for our home. The installation was smooth and efficient.,#GoGreen;#SolarEnergy;#Sustainability,204,56,36,Sydney Australia,Positive,0.75
14729,2026-03-03 19:06:00,USR_5728,user_338,"Tried the new vegan cafe downtown. Food was average, but the iced coffee was good.",#Foodie;#Vegan;#CafeVibes,191,43,64,Toronto Canada,Neutral,0.21
14730,2026-03-03 19:06:45,USR_5729,user_339,Market volatility is extremely high today. Make sure to manage your risks carefully.,#Crypto;#Finance;#Trading,617,42,32,New York USA,Neutral,-0.05
14731,2026-03-03 19:07:30,USR_5730,user_340,Morning 10k run completed! Feeling energized and ready to tackle the week ahead.,#Fitness;#RunnersHigh;#Health,490,134,32,Chicago USA,Positive,0.95
14732,2026-03-03 19:08:15,USR_5731,user_341,The movie trailer released today looks completely underwhelming. Expectations ruined.,#MovieNews;#CinemaFail,557,85,41,Los Angeles USA,Negative,-0.7
14733,2026-03-03 19:09:00,USR_5732,user_342,Landing in Tokyo! Super excited to explore the vibrant street food and culture.,#Travel;#Japan;#Wanderlust,616,116,63,Tokyo Japan,Positive,0.91
14734,2026-03-03 19:09:45,USR_5733,user_343,Large language models are transforming modern data processing workflows rapidly.,#AI;#MachineLearning;#BigData,465,104,22,Boston USA,Positive,0.69
14735,2026-03-03 19:10:30,USR_5734,user_344,Servers are down again during the tournament. Extremely frustrating update!,#Gaming;#ServerDown;#Esports,395,169,59,Austin USA,Negative,-0.86
14736,2026-03-03 19:11:15,USR_5735,user_345,Attended the annual cloud computing conference. So many great insights on distributed systems.,#CloudComputing;#DevOps;#TechConference,227,44,45,Seattle USA,Positive,0.82
14737,2026-03-03 19:12:00,USR_5736,user_346,Flight got canceled last minute without any reasonable explanation. Very disappointing service.,#AirlineFail;#TravelProblems,363,90,31,Atlanta USA,Negative,-0.82
14738,2026-03-03 19:12:45,USR_5737,user_347,Started reading a new science fiction novel. The plot is turning out to be super captivating.,#Books;#SciFi;#ReadingList,221,81,24,London UK,Positive,0.76
14739,2026-03-03 19:13:30,USR_5738,user_348,Electric vehicles are becoming more affordable and accessible every year.,#EV;#Automotive;#CleanEnergy,465,73,14,Berlin Germany,Positive,0.74
14740,2026-03-03 19:14:15,USR_5739,user_349,Heavy rain and flooding reported across the southern district. Stay safe everyone!,#WeatherAlert;#SafetyFirst,288,184,55,Mumbai India,Negative,-0.33
14741,2026-03-03 19:15:00,USR_5740,user_350,Upgraded to the new smartphone today! The camera speed and display are absolutely incredible.,#Tech;#NewPhone;#TechTrends,333,166,38,San Francisco USA,Positive,0.87
14742,2026-03-03 19:15:45,USR_5741,user_351,Public transit delayed for the third time this week. Terrible service during peak hours!,#TransitFail;#CityLife,435,166,57,London UK,Negative,-0.78
14743,2026-03-03 19:16:30,USR_5742,user_352,Switching to solar energy for our home. The installation was smooth and efficient.,#GoGreen;#SolarEnergy;#Sustainability,644,77,51,Sydney Australia,Positive,0.71
14744,2026-03-03 19:17:15,USR_5743,user_353,"Tried the new vegan cafe downtown. Food was average, but the iced coffee was good.",#Foodie;#Vegan;#CafeVibes,298,112,35,Toronto Canada,Neutral,0.18
14745,2026-03-03 19:18:00,USR_5744,user_354,Market volatility is extremely high today. Make sure to manage your risks carefully.,#Crypto;#Finance;#Trading,475,196,64,New York USA,Neutral,-0.1
14746,2026-03-03 19:18:45,USR_5745,user_355,Morning 10k run completed! Feeling energized and ready to tackle the week ahead.,#Fitness;#RunnersHigh;#Health,231,74,22,Chicago USA,Positive,0.99
14747,2026-03-03 19:19:30,USR_5746,user_356,The movie trailer released today looks completely underwhelming. Expectations ruined.,#MovieNews;#CinemaFail,443,171,42,Los Angeles USA,Negative,-0.7
14748,2026-03-03 19:20:15,USR_5747,user_357,Landing in Tokyo! Super excited to explore the vibrant street food and culture.,#Travel;#Japan;#Wanderlust,424,162,17,Tokyo Japan,Positive,0.95
14749,2026-03-03 19:21:00,USR_5748,user_358,Large language models are transforming modern data processing workflows rapidly.,#AI;#MachineLearning;#BigData,251,62,31,Boston USA,Positive,0.67
14750,2026-03-03 19:21:45,USR_5749,user_359,Servers are down again during the tournament. Extremely frustrating update!,#Gaming;#ServerDown;#Esports,176,99,21,Austin USA,Negative,-0.85
14751,2026-03-03 19:22:30,USR_5750,user_360,Attended the annual cloud computing conference. So many great insights on distributed systems.,#CloudComputing;#DevOps;#TechConference,309,191,38,Seattle USA,Positive,0.82
14752,2026-03-03 19:23:15,USR_5751,user_361,Flight got canceled last minute without any reasonable explanation. Very disappointing service.,#AirlineFail;#TravelProblems,453,104,37,Atlanta USA,Negative,-0.88
14753,2026-03-03 19:24:00,USR_5752,user_362,Started reading a new science fiction novel. The plot is turning out to be super captivating.,#Books;#SciFi;#ReadingList,420,64,16,London UK,Positive,0.82
14754,2026-03-03 19:24:45,USR_5753,user_363,Electric vehicles are becoming more affordable and accessible every year.,#EV;#Automotive;#CleanEnergy,296,132,22,Berlin Germany,Positive,0.63
14755,2026-03-03 19:25:30,USR_5754,user_364,Heavy rain and flooding reported across the southern district. Stay safe everyone!,#WeatherAlert;#SafetyFirst,323,44,32,Mumbai India,Negative,-0.34
14756,2026-03-03 19:26:15,USR_5755,user_365,Upgraded to the new smartphone today! The camera speed and display are absolutely incredible.,#Tech;#NewPhone;#TechTrends,397,161,44,San Francisco USA,Positive,0.78
14757,2026-03-03 19:27:00,USR_5756,user_366,Public transit delayed for the third time this week. Terrible service during peak hours!,#TransitFail;#CityLife,345,75,32,London UK,Negative,-0.75
14758,2026-03-03 19:27:45,USR_5757,user_367,Switching to solar energy for our home. The installation was smooth and efficient.,#GoGreen;#SolarEnergy;#Sustainability,405,76,44,Sydney Australia,Positive,0.78
14759,2026-03-03 19:28:30,USR_5758,user_368,"Tried the new vegan cafe downtown. Food was average, but the iced coffee was good.",#Foodie;#Vegan;#CafeVibes,376,176,34,Toronto Canada,Neutral,0.14
14760,2026-03-03 19:29:15,USR_5759,user_369,Market volatility is extremely high today. Make sure to manage your risks carefully.,#Crypto;#Finance;#Trading,366,49,46,New York USA,Neutral,0.03
14761,2026-03-03 19:30:00,USR_5760,user_370,Morning 10k run completed! Feeling energized and ready to tackle the week ahead.,#Fitness;#RunnersHigh;#Health,603,118,52,Chicago USA,Positive,0.91
14762,2026-03-03 19:30:45,USR_5761,user_371,The movie trailer released today looks completely underwhelming. Expectations ruined.,#MovieNews;#CinemaFail,186,144,39,Los Angeles USA,Negative,-0.67
14763,2026-03-03 19:31:30,USR_5762,user_372,Landing in Tokyo! Super excited to explore the vibrant street food and culture.,#Travel;#Japan;#Wanderlust,445,105,23,Tokyo Japan,Positive,1.0
14764,2026-03-03 19:32:15,USR_5763,user_373,Large language models are transforming modern data processing workflows rapidly.,#AI;#MachineLearning;#BigData,429,135,20,Boston USA,Positive,0.61
14765,2026-03-03 19:33:00,USR_5764,user_374,Servers are down again during the tournament. Extremely frustrating update!,#Gaming;#ServerDown;#Esports,323,136,50,Austin USA,Negative,-0.84
14766,2026-03-03 19:33:45,USR_5765,user_375,Attended the annual cloud computing conference. So many great insights on distributed systems.,#CloudComputing;#DevOps;#TechConference,304,116,66,Seattle USA,Positive,0.78
14767,2026-03-03 19:34:30,USR_5766,user_376,Flight got canceled last minute without any reasonable explanation. Very disappointing service.,#AirlineFail;#TravelProblems,279,74,48,Atlanta USA,Negative,-0.91
14768,2026-03-03 19:35:15,USR_5767,user_377,Started reading a new science fiction novel. The plot is turning out to be super captivating.,#Books;#SciFi;#ReadingList,448,158,57,London UK,Positive,0.68
14769,2026-03-03 19:36:00,USR_5768,user_378,Electric vehicles are becoming more affordable and accessible every year.,#EV;#Automotive;#CleanEnergy,349,90,18,Berlin Germany,Positive,0.74
14770,2026-03-03 19:36:45,USR_5769,user_379,Heavy rain and flooding reported across the southern district. Stay safe everyone!,#WeatherAlert;#SafetyFirst,254,106,29,Mumbai India,Negative,-0.47
14771,2026-03-03 19:37:30,USR_5770,user_380,Upgraded to the new smartphone today! The camera speed and display are absolutely incredible.,#Tech;#NewPhone;#TechTrends,197,156,21,San Francisco USA,Positive,0.82
14772,2026-03-03 19:38:15,USR_5771,user_381,Public transit delayed for the third time this week. Terrible service during peak hours!,#TransitFail;#CityLife,635,137,29,London UK,Negative,-0.65
14773,2026-03-03 19:39:00,USR_5772,user_382,Switching to solar energy for our home. The installation was smooth and efficient.,#GoGreen;#SolarEnergy;#Sustainability,234,59,19,Sydney Australia,Positive,0.77
14774,2026-03-03 19:39:45,USR_5773,user_383,"Tried the new vegan cafe downtown. Food was average, but the iced coffee was good.",#Foodie;#Vegan;#CafeVibes,617,163,21,Toronto Canada,Neutral,0.17
14775,2026-03-03 19:40:30,USR_5774,user_384,Market volatility is extremely high today. Make sure to manage your risks carefully.,#Crypto;#Finance;#Trading,429,160,18,New York USA,Neutral,0.03
14776,2026-03-03 19:41:15,USR_5775,user_385,Morning 10k run completed! Feeling energized and ready to tackle the week ahead.,#Fitness;#RunnersHigh;#Health,338,44,60,Chicago USA,Positive,0.86
14777,2026-03-03 19:42:00,USR_5776,user_386,The movie trailer released today looks completely underwhelming. Expectations ruined.,#MovieNews;#CinemaFail,535,157,50,Los Angeles USA,Negative,-0.71
14778,2026-03-03 19:42:45,USR_5777,user_387,Landing in Tokyo! Super excited to explore the vibrant street food and culture.,#Travel;#Japan;#Wanderlust,592,131,18,Tokyo Japan,Positive,0.88
14779,2026-03-03 19:43:30,USR_5778,user_388,Large language models are transforming modern data processing workflows rapidly.,#AI;#MachineLearning;#BigData,322,63,34,Boston USA,Positive,0.73
14780,2026-03-03 19:44:15,USR_5779,user_389,Servers are down again during the tournament. Extremely frustrating update!,#Gaming;#ServerDown;#Esports,424,141,45,Austin USA,Negative,-0.84
14781,2026-03-03 19:45:00,USR_5780,user_390,Attended the annual cloud computing conference. So many great insights on distributed systems.,#CloudComputing;#DevOps;#TechConference,356,103,16,Seattle USA,Positive,0.82
14782,2026-03-03 19:45:45,USR_5781,user_391,Flight got canceled last minute without any reasonable explanation. Very disappointing service.,#AirlineFail;#TravelProblems,603,94,26,Atlanta USA,Negative,-0.84
14783,2026-03-03 19:46:30,USR_5782,user_392,Started reading a new science fiction novel. The plot is turning out to be super captivating.,#Books;#SciFi;#ReadingList,303,140,41,London UK,Positive,0.67
14784,2026-03-03 19:47:15,USR_5783,user_393,Electric vehicles are becoming more affordable and accessible every year.,#EV;#Automotive;#CleanEnergy,582,134,65,Berlin Germany,Positive,0.72
14785,2026-03-03 19:48:00,USR_5784,user_394,Heavy rain and flooding reported across the southern district. Stay safe everyone!,#WeatherAlert;#SafetyFirst,279,48,50,Mumbai India,Negative,-0.33
14786,2026-03-03 19:48:45,USR_5785,user_395,Upgraded to the new smartphone today! The camera speed and display are absolutely incredible.,#Tech;#NewPhone;#TechTrends,500,72,52,San Francisco USA,Positive,0.88
14787,2026-03-03 19:49:30,USR_5786,user_396,Public transit delayed for the third time this week. Terrible service during peak hours!,#TransitFail;#CityLife,373,167,32,London UK,Negative,-0.74
14788,2026-03-03 19:50:15,USR_5787,user_397,Switching to solar energy for our home. The installation was smooth and efficient.,#GoGreen;#SolarEnergy;#Sustainability,178,95,32,Sydney Australia,Positive,0.73
14789,2026-03-03 19:51:00,USR_5788,user_398,"Tried the new vegan cafe downtown. Food was average, but the iced coffee was good.",#Foodie;#Vegan;#CafeVibes,407,141,58,Toronto Canada,Neutral,0.07
14790,2026-03-03 19:51:45,USR_5789,user_399,Market volatility is extremely high today. Make sure to manage your risks carefully.,#Crypto;#Finance;#Trading,177,51,48,New York USA,Neutral,-0.05
14791,2026-03-03 19:52:30,USR_5790,user_400,Morning 10k run completed! Feeling energized and ready to tackle the week ahead.,#Fitness;#RunnersHigh;#Health,568,67,34,Chicago USA,Positive,0.98
14792,2026-03-03 19:53:15,USR_5791,user_401,The movie trailer released today looks completely underwhelming. Expectations ruined.,#MovieNews;#CinemaFail,243,135,47,Los Angeles USA,Negative,-0.64
14793,2026-03-03 19:54:00,USR_5792,user_402,Landing in Tokyo! Super excited to explore the vibrant street food and culture.,#Travel;#Japan;#Wanderlust,534,107,45,Tokyo Japan,Positive,1.0
14794,2026-03-03 19:54:45,USR_5793,user_403,Large language models are transforming modern data processing workflows rapidly.,#AI;#MachineLearning;#BigData,533,116,35,Boston USA,Positive,0.71
14795,2026-03-03 19:55:30,USR_5794,user_404,Servers are down again during the tournament. Extremely frustrating update!,#Gaming;#ServerDown;#Esports,325,47,49,Austin USA,Negative,-0.8
14796,2026-03-03 19:56:15,USR_5795,user_405,Attended the annual cloud computing conference. So many great insights on distributed systems.,#CloudComputing;#DevOps;#TechConference,631,58,19,Seattle USA,Positive,0.85
14797,2026-03-03 19:57:00,USR_5796,user_406,Flight got canceled last minute without any reasonable explanation. Very disappointing service.,#AirlineFail;#TravelProblems,466,56,42,Atlanta USA,Negative,-0.82
14798,2026-03-03 19:57:45,USR_5797,user_407,Started reading a new science fiction novel. The plot is turning out to be super captivating.,#Books;#SciFi;#ReadingList,301,42,23,London UK,Positive,0.7
14799,2026-03-03 19:58:30,USR_5798,user_408,Electric vehicles are becoming more affordable and accessible every year.,#EV;#Automotive;#CleanEnergy,297,84,44,Berlin Germany,Positive,0.77
14800,2026-03-03 19:59:15,USR_5799,user_409,Heavy rain and flooding reported across the southern district. Stay safe everyone!,#WeatherAlert;#SafetyFirst,196,61,37,Mumbai India,Negative,-0.42
14801,2026-03-03 20:00:00,USR_5800,user_410,Upgraded to the new smartphone today! The camera speed and display are absolutely incredible.,#Tech;#NewPhone;#TechTrends,427,50,50,San Francisco USA,Positive,0.92
14802,2026-03-03 20:00:45,USR_5801,user_411,Public transit delayed for the third time this week. Terrible service during peak hours!,#TransitFail;#CityLife,260,72,12,London UK,Negative,-0.78
14803,2026-03-03 20:01:30,USR_5802,user_412,Switching to solar energy for our home. The installation was smooth and efficient.,#GoGreen;#SolarEnergy;#Sustainability,181,44,59,Sydney Australia,Positive,0.85
14804,2026-03-03 20:02:15,USR_5803,user_413,"Tried the new vegan cafe downtown. Food was average, but the iced coffee was good.",#Foodie;#Vegan;#CafeVibes,314,63,16,Toronto Canada,Neutral,0.11
14805,2026-03-03 20:03:00,USR_5804,user_414,Market volatility is extremely high today. Make sure to manage your risks carefully.,#Crypto;#Finance;#Trading,300,145,33,New York USA,Neutral,-0.01
14806,2026-03-03 20:03:45,USR_5805,user_415,Morning 10k run completed! Feeling energized and ready to tackle the week ahead.,#Fitness;#RunnersHigh;#Health,339,57,16,Chicago USA,Positive,0.89
14807,2026-03-03 20:04:30,USR_5806,user_416,The movie trailer released today looks completely underwhelming. Expectations ruined.,#MovieNews;#CinemaFail,279,122,28,Los Angeles USA,Negative,-0.64
14808,2026-03-03 20:05:15,USR_5807,user_417,Landing in Tokyo! Super excited to explore the vibrant street food and culture.,#Travel;#Japan;#Wanderlust,435,121,14,Tokyo Japan,Positive,1.0
14809,2026-03-03 20:06:00,USR_5808,user_418,Large language models are transforming modern data processing workflows rapidly.,#AI;#MachineLearning;#BigData,266,90,52,Boston USA,Positive,0.75
14810,2026-03-03 20:06:45,USR_5809,user_419,Servers are down again during the tournament. Extremely frustrating update!,#Gaming;#ServerDown;#Esports,272,41,44,Austin USA,Negative,-0.8
14811,2026-03-03 20:07:30,USR_5810,user_420,Attended the annual cloud computing conference. So many great insights on distributed systems.,#CloudComputing;#DevOps;#TechConference,252,132,36,Seattle USA,Positive,0.78
14812,2026-03-03 20:08:15,USR_5811,user_421,Flight got canceled last minute without any reasonable explanation. Very disappointing service.,#AirlineFail;#TravelProblems,654,115,32,Atlanta USA,Negative,-0.88
14813,2026-03-03 20:09:00,USR_5812,user_422,Started reading a new science fiction novel. The plot is turning out to be super captivating.,#Books;#SciFi;#ReadingList,398,104,24,London UK,Positive,0.68
14814,2026-03-03 20:09:45,USR_5813,user_423,Electric vehicles are becoming more affordable and accessible every year.,#EV;#Automotive;#CleanEnergy,212,126,50,Berlin Germany,Positive,0.77
14815,2026-03-03 20:10:30,USR_5814,user_424,Heavy rain and flooding reported across the southern district. Stay safe everyone!,#WeatherAlert;#SafetyFirst,510,103,46,Mumbai India,Negative,-0.33
14816,2026-03-03 20:11:15,USR_5815,user_425,Upgraded to the new smartphone today! The camera speed and display are absolutely incredible.,#Tech;#NewPhone;#TechTrends,613,139,17,San Francisco USA,Positive,0.89
14817,2026-03-03 20:12:00,USR_5816,user_426,Public transit delayed for the third time this week. Terrible service during peak hours!,#TransitFail;#CityLife,512,63,21,London UK,Negative,-0.65
14818,2026-03-03 20:12:45,USR_5817,user_427,Switching to solar energy for our home. The installation was smooth and efficient.,#GoGreen;#SolarEnergy;#Sustainability,363,194,50,Sydney Australia,Positive,0.75
14819,2026-03-03 20:13:30,USR_5818,user_428,"Tried the new vegan cafe downtown. Food was average, but the iced coffee was good.",#Foodie;#Vegan;#CafeVibes,347,97,44,Toronto Canada,Neutral,0.16
14820,2026-03-03 20:14:15,USR_5819,user_429,Market volatility is extremely high today. Make sure to manage your risks carefully.,#Crypto;#Finance;#Trading,467,158,40,New York USA,Neutral,0.02
14821,2026-03-03 20:15:00,USR_5820,user_430,Morning 10k run completed! Feeling energized and ready to tackle the week ahead.,#Fitness;#RunnersHigh;#Health,442,126,37,Chicago USA,Positive,0.85
14822,2026-03-03 20:15:45,USR_5821,user_431,The movie trailer released today looks completely underwhelming. Expectations ruined.,#MovieNews;#CinemaFail,376,189,23,Los Angeles USA,Negative,-0.68
14823,2026-03-03 20:16:30,USR_5822,user_432,Landing in Tokyo! Super excited to explore the vibrant street food and culture.,#Travel;#Japan;#Wanderlust,539,94,57,Tokyo Japan,Positive,0.99
14824,2026-03-03 20:17:15,USR_5823,user_433,Large language models are transforming modern data processing workflows rapidly.,#AI;#MachineLearning;#BigData,341,127,53,Boston USA,Positive,0.61
14825,2026-03-03 20:18:00,USR_5824,user_434,Servers are down again during the tournament. Extremely frustrating update!,#Gaming;#ServerDown;#Esports,319,82,35,Austin USA,Negative,-0.86
14826,2026-03-03 20:18:45,USR_5825,user_435,Attended the annual cloud computing conference. So many great insights on distributed systems.,#CloudComputing;#DevOps;#TechConference,172,66,52,Seattle USA,Positive,0.81
14827,2026-03-03 20:19:30,USR_5826,user_436,Flight got canceled last minute without any reasonable explanation. Very disappointing service.,#AirlineFail;#TravelProblems,228,172,37,Atlanta USA,Negative,-0.91
14828,2026-03-03 20:20:15,USR_5827,user_437,Started reading a new science fiction novel. The plot is turning out to be super captivating.,#Books;#SciFi;#ReadingList,448,146,59,London UK,Positive,0.82
14829,2026-03-03 20:21:00,USR_5828,user_438,Electric vehicles are becoming more affordable and accessible every year.,#EV;#Automotive;#CleanEnergy,568,63,45,Berlin Germany,Positive,0.77
14830,2026-03-03 20:21:45,USR_5829,user_439,Heavy rain and flooding reported across the southern district. Stay safe everyone!,#WeatherAlert;#SafetyFirst,419,147,42,Mumbai India,Negative,-0.41
14831,2026-03-03 20:22:30,USR_5830,user_440,Upgraded to the new smartphone today! The camera speed and display are absolutely incredible.,#Tech;#NewPhone;#TechTrends,552,174,53,San Francisco USA,Positive,0.8
14832,2026-03-03 20:23:15,USR_5831,user_441,Public transit delayed for the third time this week. Terrible service during peak hours!,#TransitFail;#CityLife,493,63,58,London UK,Negative,-0.77
14833,2026-03-03 20:24:00,USR_5832,user_442,Switching to solar energy for our home. The installation was smooth and efficient.,#GoGreen;#SolarEnergy;#Sustainability,184,148,51,Sydney Australia,Positive,0.79
14834,2026-03-03 20:24:45,USR_5833,user_443,"Tried the new vegan cafe downtown. Food was average, but the iced coffee was good.",#Foodie;#Vegan;#CafeVibes,361,61,8,Toronto Canada,Neutral,0.18
14835,2026-03-03 20:25:30,USR_5834,user_444,Market volatility is extremely high today. Make sure to manage your risks carefully.,#Crypto;#Finance;#Trading,647,186,18,New York USA,Neutral,0.02
14836,2026-03-03 20:26:15,USR_5835,user_445,Morning 10k run completed! Feeling energized and ready to tackle the week ahead.,#Fitness;#RunnersHigh;#Health,158,155,42,Chicago USA,Positive,0.96
14837,2026-03-03 20:27:00,USR_5836,user_446,The movie trailer released today looks completely underwhelming. Expectations ruined.,#MovieNews;#CinemaFail,356,90,51,Los Angeles USA,Negative,-0.6
14838,2026-03-03 20:27:45,USR_5837,user_447,Landing in Tokyo! Super excited to explore the vibrant street food and culture.,#Travel;#Japan;#Wanderlust,283,131,14,Tokyo Japan,Positive,1.0
14839,2026-03-03 20:28:30,USR_5838,user_448,Large language models are transforming modern data processing workflows rapidly.,#AI;#MachineLearning;#BigData,554,68,60,Boston USA,Positive,0.67
14840,2026-03-03 20:29:15,USR_5839,user_449,Servers are down again during the tournament. Extremely frustrating update!,#Gaming;#ServerDown;#Esports,403,138,62,Austin USA,Negative,-0.87
14841,2026-03-03 20:30:00,USR_5840,user_450,Attended the annual cloud computing conference. So many great insights on distributed systems.,#CloudComputing;#DevOps;#TechConference,193,98,23,Seattle USA,Positive,0.79
14842,2026-03-03 20:30:45,USR_5841,user_451,Flight got canceled last minute without any reasonable explanation. Very disappointing service.,#AirlineFail;#TravelProblems,139,56,26,Atlanta USA,Negative,-0.82
14843,2026-03-03 20:31:30,USR_5842,user_452,Started reading a new science fiction novel. The plot is turning out to be super captivating.,#Books;#SciFi;#ReadingList,543,102,51,London UK,Positive,0.82
14844,2026-03-03 20:32:15,USR_5843,user_453,Electric vehicles are becoming more affordable and accessible every year.,#EV;#Automotive;#CleanEnergy,454,186,30,Berlin Germany,Positive,0.69
14845,2026-03-03 20:33:00,USR_5844,user_454,Heavy rain and flooding reported across the southern district. Stay safe everyone!,#WeatherAlert;#SafetyFirst,345,42,55,Mumbai India,Negative,-0.46
14846,2026-03-03 20:33:45,USR_5845,user_455,Upgraded to the new smartphone today! The camera speed and display are absolutely incredible.,#Tech;#NewPhone;#TechTrends,646,137,58,San Francisco USA,Positive,0.8
14847,2026-03-03 20:34:30,USR_5846,user_456,Public transit delayed for the third time this week. Terrible service during peak hours!,#TransitFail;#CityLife,488,86,27,London UK,Negative,-0.8
14848,2026-03-03 20:35:15,USR_5847,user_457,Switching to solar energy for our home. The installation was smooth and efficient.,#GoGreen;#SolarEnergy;#Sustainability,337,113,13,Sydney Australia,Positive,0.81
14849,2026-03-03 20:36:00,USR_5848,user_458,"Tried the new vegan cafe downtown. Food was average, but the iced coffee was good.",#Foodie;#Vegan;#CafeVibes,239,69,16,Toronto Canada,Neutral,0.2
14850,2026-03-03 20:36:45,USR_5849,user_459,Market volatility is extremely high today. Make sure to manage your risks carefully.,#Crypto;#Finance;#Trading,448,76,9,New York USA,Neutral,-0.02
14851,2026-03-03 20:37:30,USR_5850,user_460,Morning 10k run completed! Feeling energized and ready to tackle the week ahead.,#Fitness;#RunnersHigh;#Health,283,43,56,Chicago USA,Positive,0.88
14852,2026-03-03 20:38:15,USR_5851,user_461,The movie trailer released today looks completely underwhelming. Expectations ruined.,#MovieNews;#CinemaFail,394,111,52,Los Angeles USA,Negative,-0.69
14853,2026-03-03 20:39:00,USR_5852,user_462,Landing in Tokyo! Super excited to explore the vibrant street food and culture.,#Travel;#Japan;#Wanderlust,481,45,60,Tokyo Japan,Positive,0.95
14854,2026-03-03 20:39:45,USR_5853,user_463,Large language models are transforming modern data processing workflows rapidly.,#AI;#MachineLearning;#BigData,365,120,56,Boston USA,Positive,0.71
14855,2026-03-03 20:40:30,USR_5854,user_464,Servers are down again during the tournament. Extremely frustrating update!,#Gaming;#ServerDown;#Esports,263,57,52,Austin USA,Negative,-0.88
14856,2026-03-03 20:41:15,USR_5855,user_465,Attended the annual cloud computing conference. So many great insights on distributed systems.,#CloudComputing;#DevOps;#TechConference,468,60,33,Seattle USA,Positive,0.85
14857,2026-03-03 20:42:00,USR_5856,user_466,Flight got canceled last minute without any reasonable explanation. Very disappointing service.,#AirlineFail;#TravelProblems,212,103,14,Atlanta USA,Negative,-0.92
14858,2026-03-03 20:42:45,USR_5857,user_467,Started reading a new science fiction novel. The plot is turning out to be super captivating.,#Books;#SciFi;#ReadingList,201,114,24,London UK,Positive,0.78
14859,2026-03-03 20:43:30,USR_5858,user_468,Electric vehicles are becoming more affordable and accessible every year.,#EV;#Automotive;#CleanEnergy,461,92,35,Berlin Germany,Positive,0.64
14860,2026-03-03 20:44:15,USR_5859,user_469,Heavy rain and flooding reported across the southern district. Stay safe everyone!,#WeatherAlert;#SafetyFirst,256,100,53,Mumbai India,Negative,-0.47
14861,2026-03-03 20:45:00,USR_5860,user_470,Upgraded to the new smartphone today! The camera speed and display are absolutely incredible.,#Tech;#NewPhone;#TechTrends,357,150,18,San Francisco USA,Positive,0.93
14862,2026-03-03 20:45:45,USR_5861,user_471,Public transit delayed for the third time this week. Terrible service during peak hours!,#TransitFail;#CityLife,646,182,40,London UK,Negative,-0.69
14863,2026-03-03 20:46:30,USR_5862,user_472,Switching to solar energy for our home. The installation was smooth and efficient.,#GoGreen;#SolarEnergy;#Sustainability,220,147,47,Sydney Australia,Positive,0.8
14864,2026-03-03 20:47:15,USR_5863,user_473,"Tried the new vegan cafe downtown. Food was average, but the iced coffee was good.",#Foodie;#Vegan;#CafeVibes,542,141,33,Toronto Canada,Neutral,0.09
14865,2026-03-03 20:48:00,USR_5864,user_474,Market volatility is extremely high today. Make sure to manage your risks carefully.,#Crypto;#Finance;#Trading,328,128,57,New York USA,Neutral,0.02
14866,2026-03-03 20:48:45,USR_5865,user_475,Morning 10k run completed! Feeling energized and ready to tackle the week ahead.,#Fitness;#RunnersHigh;#Health,251,100,21,Chicago USA,Positive,0.96
14867,2026-03-03 20:49:30,USR_5866,user_476,The movie trailer released today looks completely underwhelming. Expectations ruined.,#MovieNews;#CinemaFail,451,135,30,Los Angeles USA,Negative,-0.64
14868,2026-03-03 20:50:15,USR_5867,user_477,Landing in Tokyo! Super excited to explore the vibrant street food and culture.,#Travel;#Japan;#Wanderlust,491,78,50,Tokyo Japan,Positive,1.0
14869,2026-03-03 20:51:00,USR_5868,user_478,Large language models are transforming modern data processing workflows rapidly.,#AI;#MachineLearning;#BigData,174,101,43,Boston USA,Positive,0.74
14870,2026-03-03 20:51:45,USR_5869,user_479,Servers are down again during the tournament. Extremely frustrating update!,#Gaming;#ServerDown;#Esports,430,192,35,Austin USA,Negative,-0.82
14871,2026-03-03 20:52:30,USR_5870,user_480,Attended the annual cloud computing conference. So many great insights on distributed systems.,#CloudComputing;#DevOps;#TechConference,275,194,23,Seattle USA,Positive,0.86
14872,2026-03-03 20:53:15,USR_5871,user_481,Flight got canceled last minute without any reasonable explanation. Very disappointing service.,#AirlineFail;#TravelProblems,470,64,31,Atlanta USA,Negative,-0.86
14873,2026-03-03 20:54:00,USR_5872,user_482,Started reading a new science fiction novel. The plot is turning out to be super captivating.,#Books;#SciFi;#ReadingList,618,110,46,London UK,Positive,0.78
14874,2026-03-03 20:54:45,USR_5873,user_483,Electric vehicles are becoming more affordable and accessible every year.,#EV;#Automotive;#CleanEnergy,346,152,32,Berlin Germany,Positive,0.68
14875,2026-03-03 20:55:30,USR_5874,user_484,Heavy rain and flooding reported across the southern district. Stay safe everyone!,#WeatherAlert;#SafetyFirst,402,166,14,Mumbai India,Negative,-0.4
14876,2026-03-03 20:56:15,USR_5875,user_485,Upgraded to the new smartphone today! The camera speed and display are absolutely incredible.,#Tech;#NewPhone;#TechTrends,507,83,46,San Francisco USA,Positive,0.78
14877,2026-03-03 20:57:00,USR_5876,user_486,Public transit delayed for the third time this week. Terrible service during peak hours!,#TransitFail;#CityLife,541,163,33,London UK,Negative,-0.73
14878,2026-03-03 20:57:45,USR_5877,user_487,Switching to solar energy for our home. The installation was smooth and efficient.,#GoGreen;#SolarEnergy;#Sustainability,155,186,47,Sydney Australia,Positive,0.84
14879,2026-03-03 20:58:30,USR_5878,user_488,"Tried the new vegan cafe downtown. Food was average, but the iced coffee was good.",#Foodie;#Vegan;#CafeVibes,184,95,32,Toronto Canada,Neutral,0.18
14880,2026-03-03 20:59:15,USR_5879,user_489,Market volatility is extremely high today. Make sure to manage your risks carefully.,#Crypto;#Finance;#Trading,280,82,23,New York USA,Neutral,-0.11
14881,2026-03-03 21:00:00,USR_5880,user_490,Morning 10k run completed! Feeling energized and ready to tackle the week ahead.,#Fitness;#RunnersHigh;#Health,355,36,16,Chicago USA,Positive,1.0
14882,2026-03-03 21:00:45,USR_5881,user_491,The movie trailer released today looks completely underwhelming. Expectations ruined.,#MovieNews;#CinemaFail,537,70,42,Los Angeles USA,Negative,-0.6
14883,2026-03-03 21:01:30,USR_5882,user_492,Landing in Tokyo! Super excited to explore the vibrant street food and culture.,#Travel;#Japan;#Wanderlust,161,148,25,Tokyo Japan,Positive,0.95
14884,2026-03-03 21:02:15,USR_5883,user_493,Large language models are transforming modern data processing workflows rapidly.,#AI;#MachineLearning;#BigData,170,95,34,Boston USA,Positive,0.69
14885,2026-03-03 21:03:00,USR_5884,user_494,Servers are down again during the tournament. Extremely frustrating update!,#Gaming;#ServerDown;#Esports,622,92,39,Austin USA,Negative,-0.8
14886,2026-03-03 21:03:45,USR_5885,user_495,Attended the annual cloud computing conference. So many great insights on distributed systems.,#CloudComputing;#DevOps;#TechConference,212,140,29,Seattle USA,Positive,0.83
14887,2026-03-03 21:04:30,USR_5886,user_496,Flight got canceled last minute without any reasonable explanation. Very disappointing service.,#AirlineFail;#TravelProblems,485,48,30,Atlanta USA,Negative,-0.89
14888,2026-03-03 21:05:15,USR_5887,user_497,Started reading a new science fiction novel. The plot is turning out to be super captivating.,#Books;#SciFi;#ReadingList,599,101,59,London UK,Positive,0.68
14889,2026-03-03 21:06:00,USR_5888,user_498,Electric vehicles are becoming more affordable and accessible every year.,#EV;#Automotive;#CleanEnergy,491,162,45,Berlin Germany,Positive,0.72
14890,2026-03-03 21:06:45,USR_5889,user_499,Heavy rain and flooding reported across the southern district. Stay safe everyone!,#WeatherAlert;#SafetyFirst,256,106,44,Mumbai India,Negative,-0.4
14891,2026-03-03 21:07:30,USR_5890,user_500,Upgraded to the new smartphone today! The camera speed and display are absolutely incredible.,#Tech;#NewPhone;#TechTrends,639,97,61,San Francisco USA,Positive,0.93
14892,2026-03-03 21:08:15,USR_5891,user_501,Public transit delayed for the third time this week. Terrible service during peak hours!,#TransitFail;#CityLife,527,140,35,London UK,Negative,-0.77
14893,2026-03-03 21:09:00,USR_5892,user_502,Switching to solar energy for our home. The installation was smooth and efficient.,#GoGreen;#SolarEnergy;#Sustainability,227,55,20,Sydney Australia,Positive,0.77
14894,2026-03-03 21:09:45,USR_5893,user_503,"Tried the new vegan cafe downtown. Food was average, but the iced coffee was good.",#Foodie;#Vegan;#CafeVibes,321,131,35,Toronto Canada,Neutral,0.1
14895,2026-03-03 21:10:30,USR_5894,user_504,Market volatility is extremely high today. Make sure to manage your risks carefully.,#Crypto;#Finance;#Trading,403,133,25,New York USA,Neutral,-0.03
14896,2026-03-03 21:11:15,USR_5895,user_505,Morning 10k run completed! Feeling energized and ready to tackle the week ahead.,#Fitness;#RunnersHigh;#Health,280,164,39,Chicago USA,Positive,0.98
14897,2026-03-03 21:12:00,USR_5896,user_506,The movie trailer released today looks completely underwhelming. Expectations ruined.,#MovieNews;#CinemaFail,438,140,37,Los Angeles USA,Negative,-0.58
14898,2026-03-03 21:12:45,USR_5897,user_507,Landing in Tokyo! Super excited to explore the vibrant street food and culture.,#Travel;#Japan;#Wanderlust,434,169,53,Tokyo Japan,Positive,1.0
14899,2026-03-03 21:13:30,USR_5898,user_508,Large language models are transforming modern data processing workflows rapidly.,#AI;#MachineLearning;#BigData,541,172,18,Boston USA,Positive,0.61
14900,2026-03-03 21:14:15,USR_5899,user_509,Servers are down again during the tournament. Extremely frustrating update!,#Gaming;#ServerDown;#Esports,229,81,24,Austin USA,Negative,-0.88
14901,2026-03-03 21:15:00,USR_5900,user_510,Attended the annual cloud computing conference. So many great insights on distributed systems.,#CloudComputing;#DevOps;#TechConference,176,72,31,Seattle USA,Positive,0.82
14902,2026-03-03 21:15:45,USR_5901,user_511,Flight got canceled last minute without any reasonable explanation. Very disappointing service.,#AirlineFail;#TravelProblems,461,164,18,Atlanta USA,Negative,-0.92
14903,2026-03-03 21:16:30,USR_5902,user_512,Started reading a new science fiction novel. The plot is turning out to be super captivating.,#Books;#SciFi;#ReadingList,464,168,58,London UK,Positive,0.72
14904,2026-03-03 21:17:15,USR_5903,user_513,Electric vehicles are becoming more affordable and accessible every year.,#EV;#Automotive;#CleanEnergy,193,162,53,Berlin Germany,Positive,0.73
14905,2026-03-03 21:18:00,USR_5904,user_514,Heavy rain and flooding reported across the southern district. Stay safe everyone!,#WeatherAlert;#SafetyFirst,361,73,35,Mumbai India,Negative,-0.46
14906,2026-03-03 21:18:45,USR_5905,user_515,Upgraded to the new smartphone today! The camera speed and display are absolutely incredible.,#Tech;#NewPhone;#TechTrends,629,115,47,San Francisco USA,Positive,0.82
14907,2026-03-03 21:19:30,USR_5906,user_516,Public transit delayed for the third time this week. Terrible service during peak hours!,#TransitFail;#CityLife,439,80,47,London UK,Negative,-0.73
14908,2026-03-03 21:20:15,USR_5907,user_517,Switching to solar energy for our home. The installation was smooth and efficient.,#GoGreen;#SolarEnergy;#Sustainability,368,154,61,Sydney Australia,Positive,0.81
14909,2026-03-03 21:21:00,USR_5908,user_518,"Tried the new vegan cafe downtown. Food was average, but the iced coffee was good.",#Foodie;#Vegan;#CafeVibes,228,143,18,Toronto Canada,Neutral,0.12
14910,2026-03-03 21:21:45,USR_5909,user_519,Market volatility is extremely high today. Make sure to manage your risks carefully.,#Crypto;#Finance;#Trading,356,148,55,New York USA,Neutral,-0.06
14911,2026-03-03 21:22:30,USR_5910,user_520,Morning 10k run completed! Feeling energized and ready to tackle the week ahead.,#Fitness;#RunnersHigh;#Health,385,155,41,Chicago USA,Positive,0.86
14912,2026-03-03 21:23:15,USR_5911,user_521,The movie trailer released today looks completely underwhelming. Expectations ruined.,#MovieNews;#CinemaFail,498,185,45,Los Angeles USA,Negative,-0.64
14913,2026-03-03 21:24:00,USR_5912,user_522,Landing in Tokyo! Super excited to explore the vibrant street food and culture.,#Travel;#Japan;#Wanderlust,591,164,33,Tokyo Japan,Positive,1.0
14914,2026-03-03 21:24:45,USR_5913,user_523,Large language models are transforming modern data processing workflows rapidly.,#AI;#MachineLearning;#BigData,418,75,36,Boston USA,Positive,0.68
14915,2026-03-03 21:25:30,USR_5914,user_524,Servers are down again during the tournament. Extremely frustrating update!,#Gaming;#ServerDown;#Esports,612,85,26,Austin USA,Negative,-0.74
14916,2026-03-03 21:26:15,USR_5915,user_525,Attended the annual cloud computing conference. So many great insights on distributed systems.,#CloudComputing;#DevOps;#TechConference,170,61,19,Seattle USA,Positive,0.78
14917,2026-03-03 21:27:00,USR_5916,user_526,Flight got canceled last minute without any reasonable explanation. Very disappointing service.,#AirlineFail;#TravelProblems,417,35,19,Atlanta USA,Negative,-0.84
14918,2026-03-03 21:27:45,USR_5917,user_527,Started reading a new science fiction novel. The plot is turning out to be super captivating.,#Books;#SciFi;#ReadingList,538,181,34,London UK,Positive,0.69
14919,2026-03-03 21:28:30,USR_5918,user_528,Electric vehicles are becoming more affordable and accessible every year.,#EV;#Automotive;#CleanEnergy,564,111,20,Berlin Germany,Positive,0.77
14920,2026-03-03 21:29:15,USR_5919,user_529,Heavy rain and flooding reported across the southern district. Stay safe everyone!,#WeatherAlert;#SafetyFirst,386,87,29,Mumbai India,Negative,-0.37
14921,2026-03-03 21:30:00,USR_5920,user_530,Upgraded to the new smartphone today! The camera speed and display are absolutely incredible.,#Tech;#NewPhone;#TechTrends,212,162,31,San Francisco USA,Positive,0.86
14922,2026-03-03 21:30:45,USR_5921,user_531,Public transit delayed for the third time this week. Terrible service during peak hours!,#TransitFail;#CityLife,277,170,43,London UK,Negative,-0.67
14923,2026-03-03 21:31:30,USR_5922,user_532,Switching to solar energy for our home. The installation was smooth and efficient.,#GoGreen;#SolarEnergy;#Sustainability,486,67,46,Sydney Australia,Positive,0.81
14924,2026-03-03 21:32:15,USR_5923,user_533,"Tried the new vegan cafe downtown. Food was average, but the iced coffee was good.",#Foodie;#Vegan;#CafeVibes,446,150,49,Toronto Canada,Neutral,0.17
14925,2026-03-03 21:33:00,USR_5924,user_534,Market volatility is extremely high today. Make sure to manage your risks carefully.,#Crypto;#Finance;#Trading,216,119,20,New York USA,Neutral,0.02
14926,2026-03-03 21:33:45,USR_5925,user_535,Morning 10k run completed! Feeling energized and ready to tackle the week ahead.,#Fitness;#RunnersHigh;#Health,418,34,34,Chicago USA,Positive,0.95
14927,2026-03-03 21:34:30,USR_5926,user_536,The movie trailer released today looks completely underwhelming. Expectations ruined.,#MovieNews;#CinemaFail,513,129,64,Los Angeles USA,Negative,-0.6
14928,2026-03-03 21:35:15,USR_5927,user_537,Landing in Tokyo! Super excited to explore the vibrant street food and culture.,#Travel;#Japan;#Wanderlust,336,164,54,Tokyo Japan,Positive,0.94
14929,2026-03-03 21:36:00,USR_5928,user_538,Large language models are transforming modern data processing workflows rapidly.,#AI;#MachineLearning;#BigData,159,129,52,Boston USA,Positive,0.74
14930,2026-03-03 21:36:45,USR_5929,user_539,Servers are down again during the tournament. Extremely frustrating update!,#Gaming;#ServerDown;#Esports,364,134,61,Austin USA,Negative,-0.77
14931,2026-03-03 21:37:30,USR_5930,user_540,Attended the annual cloud computing conference. So many great insights on distributed systems.,#CloudComputing;#DevOps;#TechConference,252,91,36,Seattle USA,Positive,0.77
14932,2026-03-03 21:38:15,USR_5931,user_541,Flight got canceled last minute without any reasonable explanation. Very disappointing service.,#AirlineFail;#TravelProblems,274,86,15,Atlanta USA,Negative,-0.9
14933,2026-03-03 21:39:00,USR_5932,user_542,Started reading a new science fiction novel. The plot is turning out to be super captivating.,#Books;#SciFi;#ReadingList,495,115,53,London UK,Positive,0.81
14934,2026-03-03 21:39:45,USR_5933,user_543,Electric vehicles are becoming more affordable and accessible every year.,#EV;#Automotive;#CleanEnergy,634,139,46,Berlin Germany,Positive,0.63
14935,2026-03-03 21:40:30,USR_5934,user_544,Heavy rain and flooding reported across the southern district. Stay safe everyone!,#WeatherAlert;#SafetyFirst,389,139,38,Mumbai India,Negative,-0.35
14936,2026-03-03 21:41:15,USR_5935,user_545,Upgraded to the new smartphone today! The camera speed and display are absolutely incredible.,#Tech;#NewPhone;#TechTrends,637,47,54,San Francisco USA,Positive,0.9
14937,2026-03-03 21:42:00,USR_5936,user_546,Public transit delayed for the third time this week. Terrible service during peak hours!,#TransitFail;#CityLife,357,174,36,London UK,Negative,-0.66
14938,2026-03-03 21:42:45,USR_5937,user_547,Switching to solar energy for our home. The installation was smooth and efficient.,#GoGreen;#SolarEnergy;#Sustainability,412,80,16,Sydney Australia,Positive,0.78
14939,2026-03-03 21:43:30,USR_5938,user_548,"Tried the new vegan cafe downtown. Food was average, but the iced coffee was good.",#Foodie;#Vegan;#CafeVibes,363,85,45,Toronto Canada,Neutral,0.13
14940,2026-03-03 21:44:15,USR_5939,user_549,Market volatility is extremely high today. Make sure to manage your risks carefully.,#Crypto;#Finance;#Trading,297,151,54,New York USA,Neutral,-0.1
14941,2026-03-03 21:45:00,USR_5940,user_550,Morning 10k run completed! Feeling energized and ready to tackle the week ahead.,#Fitness;#RunnersHigh;#Health,416,133,47,Chicago USA,Positive,0.93
14942,2026-03-03 21:45:45,USR_5941,user_551,The movie trailer released today looks completely underwhelming. Expectations ruined.,#MovieNews;#CinemaFail,410,164,57,Los Angeles USA,Negative,-0.7
14943,2026-03-03 21:46:30,USR_5942,user_552,Landing in Tokyo! Super excited to explore the vibrant street food and culture.,#Travel;#Japan;#Wanderlust,458,119,30,Tokyo Japan,Positive,0.92
14944,2026-03-03 21:47:15,USR_5943,user_553,Large language models are transforming modern data processing workflows rapidly.,#AI;#MachineLearning;#BigData,287,102,13,Boston USA,Positive,0.75
14945,2026-03-03 21:48:00,USR_5944,user_554,Servers are down again during the tournament. Extremely frustrating update!,#Gaming;#ServerDown;#Esports,276,157,46,Austin USA,Negative,-0.73
14946,2026-03-03 21:48:45,USR_5945,user_555,Attended the annual cloud computing conference. So many great insights on distributed systems.,#CloudComputing;#DevOps;#TechConference,313,154,62,Seattle USA,Positive,0.86
14947,2026-03-03 21:49:30,USR_5946,user_556,Flight got canceled last minute without any reasonable explanation. Very disappointing service.,#AirlineFail;#TravelProblems,215,118,21,Atlanta USA,Negative,-0.92
14948,2026-03-03 21:50:15,USR_5947,user_557,Started reading a new science fiction novel. The plot is turning out to be super captivating.,#Books;#SciFi;#ReadingList,201,47,18,London UK,Positive,0.78
14949,2026-03-03 21:51:00,USR_5948,user_558,Electric vehicles are becoming more affordable and accessible every year.,#EV;#Automotive;#CleanEnergy,489,94,60,Berlin Germany,Positive,0.67
14950,2026-03-03 21:51:45,USR_5949,user_559,Heavy rain and flooding reported across the southern district. Stay safe everyone!,#WeatherAlert;#SafetyFirst,557,95,27,Mumbai India,Negative,-0.36
14951,2026-03-03 21:52:30,USR_5950,user_560,Upgraded to the new smartphone today! The camera speed and display are absolutely incredible.,#Tech;#NewPhone;#TechTrends,410,83,37,San Francisco USA,Positive,0.81
14952,2026-03-03 21:53:15,USR_5951,user_561,Public transit delayed for the third time this week. Terrible service during peak hours!,#TransitFail;#CityLife,312,131,15,London UK,Negative,-0.72
14953,2026-03-03 21:54:00,USR_5952,user_562,Switching to solar energy for our home. The installation was smooth and efficient.,#GoGreen;#SolarEnergy;#Sustainability,487,130,37,Sydney Australia,Positive,0.73
14954,2026-03-03 21:54:45,USR_5953,user_563,"Tried the new vegan cafe downtown. Food was average, but the iced coffee was good.",#Foodie;#Vegan;#CafeVibes,251,129,46,Toronto Canada,Neutral,0.17
14955,2026-03-03 21:55:30,USR_5954,user_564,Market volatility is extremely high today. Make sure to manage your risks carefully.,#Crypto;#Finance;#Trading,200,187,56,New York USA,Neutral,-0.1
14956,2026-03-03 21:56:15,USR_5955,user_565,Morning 10k run completed! Feeling energized and ready to tackle the week ahead.,#Fitness;#RunnersHigh;#Health,315,193,35,Chicago USA,Positive,0.96
14957,2026-03-03 21:57:00,USR_5956,user_566,The movie trailer released today looks completely underwhelming. Expectations ruined.,#MovieNews;#CinemaFail,525,168,22,Los Angeles USA,Negative,-0.62
14958,2026-03-03 21:57:45,USR_5957,user_567,Landing in Tokyo! Super excited to explore the vibrant street food and culture.,#Travel;#Japan;#Wanderlust,436,150,14,Tokyo Japan,Positive,1.0
14959,2026-03-03 21:58:30,USR_5958,user_568,Large language models are transforming modern data processing workflows rapidly.,#AI;#MachineLearning;#BigData,324,180,54,Boston USA,Positive,0.61
14960,2026-03-03 21:59:15,USR_5959,user_569,Servers are down again during the tournament. Extremely frustrating update!,#Gaming;#ServerDown;#Esports,528,175,50,Austin USA,Negative,-0.77
14961,2026-03-03 22:00:00,USR_5960,user_570,Attended the annual cloud computing conference. So many great insights on distributed systems.,#CloudComputing;#DevOps;#TechConference,316,166,40,Seattle USA,Positive,0.79
14962,2026-03-03 22:00:45,USR_5961,user_571,Flight got canceled last minute without any reasonable explanation. Very disappointing service.,#AirlineFail;#TravelProblems,592,161,22,Atlanta USA,Negative,-0.91
14963,2026-03-03 22:01:30,USR_5962,user_572,Started reading a new science fiction novel. The plot is turning out to be super captivating.,#Books;#SciFi;#ReadingList,522,55,26,London UK,Positive,0.78
14964,2026-03-03 22:02:15,USR_5963,user_573,Electric vehicles are becoming more affordable and accessible every year.,#EV;#Automotive;#CleanEnergy,441,147,23,Berlin Germany,Positive,0.78
14965,2026-03-03 22:03:00,USR_5964,user_574,Heavy rain and flooding reported across the southern district. Stay safe everyone!,#WeatherAlert;#SafetyFirst,394,175,17,Mumbai India,Negative,-0.43
14966,2026-03-03 22:03:45,USR_5965,user_575,Upgraded to the new smartphone today! The camera speed and display are absolutely incredible.,#Tech;#NewPhone;#TechTrends,174,130,55,San Francisco USA,Positive,0.89
14967,2026-03-03 22:04:30,USR_5966,user_576,Public transit delayed for the third time this week. Terrible service during peak hours!,#TransitFail;#CityLife,369,105,30,London UK,Negative,-0.67
14968,2026-03-03 22:05:15,USR_5967,user_577,Switching to solar energy for our home. The installation was smooth and efficient.,#GoGreen;#SolarEnergy;#Sustainability,548,120,20,Sydney Australia,Positive,0.79
14969,2026-03-03 22:06:00,USR_5968,user_578,"Tried the new vegan cafe downtown. Food was average, but the iced coffee was good.",#Foodie;#Vegan;#CafeVibes,608,81,27,Toronto Canada,Neutral,0.21
14970,2026-03-03 22:06:45,USR_5969,user_579,Market volatility is extremely high today. Make sure to manage your risks carefully.,#Crypto;#Finance;#Trading,484,45,18,New York USA,Neutral,-0.1
14971,2026-03-03 22:07:30,USR_5970,user_580,Morning 10k run completed! Feeling energized and ready to tackle the week ahead.,#Fitness;#RunnersHigh;#Health,593,95,34,Chicago USA,Positive,0.99
14972,2026-03-03 22:08:15,USR_5971,user_581,The movie trailer released today looks completely underwhelming. Expectations ruined.,#MovieNews;#CinemaFail,191,62,63,Los Angeles USA,Negative,-0.6
14973,2026-03-03 22:09:00,USR_5972,user_582,Landing in Tokyo! Super excited to explore the vibrant street food and culture.,#Travel;#Japan;#Wanderlust,544,145,34,Tokyo Japan,Positive,1.0
14974,2026-03-03 22:09:45,USR_5973,user_583,Large language models are transforming modern data processing workflows rapidly.,#AI;#MachineLearning;#BigData,189,41,34,Boston USA,Positive,0.68
14975,2026-03-03 22:10:30,USR_5974,user_584,Servers are down again during the tournament. Extremely frustrating update!,#Gaming;#ServerDown;#Esports,374,187,57,Austin USA,Negative,-0.74
14976,2026-03-03 22:11:15,USR_5975,user_585,Attended the annual cloud computing conference. So many great insights on distributed systems.,#CloudComputing;#DevOps;#TechConference,645,41,58,Seattle USA,Positive,0.75
14977,2026-03-03 22:12:00,USR_5976,user_586,Flight got canceled last minute without any reasonable explanation. Very disappointing service.,#AirlineFail;#TravelProblems,535,59,40,Atlanta USA,Negative,-0.87
14978,2026-03-03 22:12:45,USR_5977,user_587,Started reading a new science fiction novel. The plot is turning out to be super captivating.,#Books;#SciFi;#ReadingList,420,112,29,London UK,Positive,0.8
14979,2026-03-03 22:13:30,USR_5978,user_588,Electric vehicles are becoming more affordable and accessible every year.,#EV;#Automotive;#CleanEnergy,306,97,40,Berlin Germany,Positive,0.76
14980,2026-03-03 22:14:15,USR_5979,user_589,Heavy rain and flooding reported across the southern district. Stay safe everyone!,#WeatherAlert;#SafetyFirst,365,63,68,Mumbai India,Negative,-0.42
14981,2026-03-03 22:15:00,USR_5980,user_590,Upgraded to the new smartphone today! The camera speed and display are absolutely incredible.,#Tech;#NewPhone;#TechTrends,256,83,61,San Francisco USA,Positive,0.83
14982,2026-03-03 22:15:45,USR_5981,user_591,Public transit delayed for the third time this week. Terrible service during peak hours!,#TransitFail;#CityLife,424,72,41,London UK,Negative,-0.68
14983,2026-03-03 22:16:30,USR_5982,user_592,Switching to solar energy for our home. The installation was smooth and efficient.,#GoGreen;#SolarEnergy;#Sustainability,252,98,44,Sydney Australia,Positive,0.82
14984,2026-03-03 22:17:15,USR_5983,user_593,"Tried the new vegan cafe downtown. Food was average, but the iced coffee was good.",#Foodie;#Vegan;#CafeVibes,253,52,22,Toronto Canada,Neutral,0.09
14985,2026-03-03 22:18:00,USR_5984,user_594,Market volatility is extremely high today. Make sure to manage your risks carefully.,#Crypto;#Finance;#Trading,500,58,56,New York USA,Neutral,-0.05
14986,2026-03-03 22:18:45,USR_5985,user_595,Morning 10k run completed! Feeling energized and ready to tackle the week ahead.,#Fitness;#RunnersHigh;#Health,488,146,32,Chicago USA,Positive,0.98
14987,2026-03-03 22:19:30,USR_5986,user_596,The movie trailer released today looks completely underwhelming. Expectations ruined.,#MovieNews;#CinemaFail,431,129,50,Los Angeles USA,Negative,-0.73
14988,2026-03-03 22:20:15,USR_5987,user_597,Landing in Tokyo! Super excited to explore the vibrant street food and culture.,#Travel;#Japan;#Wanderlust,555,131,58,Tokyo Japan,Positive,1.0
14989,2026-03-03 22:21:00,USR_5988,user_598,Large language models are transforming modern data processing workflows rapidly.,#AI;#MachineLearning;#BigData,415,97,43,Boston USA,Positive,0.73
14990,2026-03-03 22:21:45,USR_5989,user_599,Servers are down again during the tournament. Extremely frustrating update!,#Gaming;#ServerDown;#Esports,136,60,27,Austin USA,Negative,-0.73
14991,2026-03-03 22:22:30,USR_5990,user_101,Attended the annual cloud computing conference. So many great insights on distributed systems.,#CloudComputing;#DevOps;#TechConference,442,154,45,Seattle USA,Positive,0.82
14992,2026-03-03 22:23:15,USR_5991,user_102,Flight got canceled last minute without any reasonable explanation. Very disappointing service.,#AirlineFail;#TravelProblems,324,108,32,Atlanta USA,Negative,-0.91
14993,2026-03-03 22:24:00,USR_5992,user_103,Started reading a new science fiction novel. The plot is turning out to be super captivating.,#Books;#SciFi;#ReadingList,450,165,67,London UK,Positive,0.74
14994,2026-03-03 22:24:45,USR_5993,user_104,Electric vehicles are becoming more affordable and accessible every year.,#EV;#Automotive;#CleanEnergy,219,91,62,Berlin Germany,Positive,0.69
14995,2026-03-03 22:25:30,USR_5994,user_105,Heavy rain and flooding reported across the southern district. Stay safe everyone!,#WeatherAlert;#SafetyFirst,483,35,31,Mumbai India,Negative,-0.47
14996,2026-03-03 22:26:15,USR_5995,user_106,Upgraded to the new smartphone today! The camera speed and display are absolutely incredible.,#Tech;#NewPhone;#TechTrends,333,80,46,San Francisco USA,Positive,0.86
14997,2026-03-03 22:27:00,USR_5996,user_107,Public transit delayed for the third time this week. Terrible service during peak hours!,#TransitFail;#CityLife,469,121,31,London UK,Negative,-0.78
14998,2026-03-03 22:27:45,USR_5997,user_108,Switching to solar energy for our home. The installation was smooth and efficient.,#GoGreen;#SolarEnergy;#Sustainability,422,89,48,Sydney Australia,Positive,0.78
14999,2026-03-03 22:28:30,USR_5998,user_109,"Tried the new vegan cafe downtown. Food was average, but the iced coffee was good.",#Foodie;#Vegan;#CafeVibes,418,165,10,Toronto Canada,Neutral,0.22
15000,2026-03-03 22:29:15,USR_5999,user_110,Market volatility is extremely high today. Make sure to manage your risks carefully.,#Crypto;#Finance;#Trading,408,131,63,New York USA,Neutral,-0.05
